work_order_no,open_date,close_date,truck_id,truck_vin,truck_make,truck_model,truck_year,depot_code,depot_name,depot_city,depot_phone,mechanic_id,mechanic_name,mechanic_cert_level,cert_hourly_rate,labor_hours,problem_description,part1_code,part1_name,part1_unit_cost,part1_qty,part1_supplier_id,part1_supplier_name,part1_supplier_phone,part2_code,part2_name,part2_unit_cost,part2_qty,part2_supplier_id,part2_supplier_name,part2_supplier_phone,part3_code,part3_name,part3_unit_cost,part3_qty,part3_supplier_id,part3_supplier_name,part3_supplier_phone,part4_code,part4_name,part4_unit_cost,part4_qty,part4_supplier_id,part4_supplier_name,part4_supplier_phone
WO-50001,2026-01-03,2026-01-04,TRK-216,1NWUMZ0PBSPDHG2PR,Volvo,VNL 860,2020,DEP-DOR,Doral Service Center,Doral,(305) 555-0162,M02,Miguel Brown,Master,110.00,6.0,Preventive maintenance service,P-7702,Shock absorber,118.00,2,SUP-01,Florida Truck Parts,(305) 555-0201,P-5501,Headlight assembly,133.00,1,SUP-01,Florida Truck Parts,(305) 555-0201,,,,,,,,,,,,,,
WO-50002,2026-01-03,2026-01-03,TRK-228,1NB927BKE9TM7A66E,Hino,L6,2024,DEP-DOR,Doral Service Center,Doral,(305) 555-0162,M04,Rosa Jones,Level 1,58.00,2.5,Preventive maintenance service,P-4410,Diesel exhaust fluid case,45.00,1,SUP-02,Gulf Coast Diesel Supply,(813) 555-0233,P-7710,Wheel seal kit,41.20,1,SUP-04,Sunshine Tire & Brake,(561) 555-0277,,,,,,,,,,,,,,
WO-50003,2026-01-03,2026-01-03,TRK-203,1S0WX3UDH042GEVDN,Peterbilt,579,2017,DEP-MIA,Miami Main Shop,Miami,(305) 555-0140,M10,Linda Taylor,Level 3,89.00,5.0,DOT annual inspection,P-4430,Water pump,276.00,4,SUP-03,Atlantic Fleet Components,(954) 555-0258,P-4402,Fuel filter,38.40,1,SUP-02,Gulf Coast Diesel Supply,(813) 555-0233,,,,,,,,,,,,,,
WO-50004,2026-01-03,2026-01-03,TRK-212,12AYLATERX8BJE9AX,Kenworth,T680,2017,DEP-FLL,Fort Lauderdale Yard,Fort Lauderdale,(954) 555-0118,M11,James Thomas,Master,110.00,2.5,Tire wear on steer axle,P-4403,Air filter element,61.10,4,SUP-02,Gulf Coast Diesel Supply,(813) 555-0233,,,,,,,,,,,,,,,,,,,,,
WO-50005,2026-01-04,2026-01-04,TRK-205,1J8GYCFM42DVLT3YE,Isuzu,NRR,2018,DEP-TPA,Tampa Bay Shop,Tampa,(813) 555-0175,M11,James Thomas,Master,110.00,1.5,Tire wear on steer axle,P-4430,Water pump,276.00,3,SUP-03,Atlantic Fleet Components,(954) 555-0258,P-6601,AC compressor,640.00,1,SUP-03,Atlantic Fleet Components,(954) 555-0258,,,,,,,,,,,,,,
WO-50006,2026-01-04,2026-01-07,TRK-212,12AYLATERX8BJE9AX,Kenworth,T680,2017,DEP-MIA,Miami Main Shop,Miami,(305) 555-0140,M08,Ramon Ortiz,Level 3,89.00,3.0,Preventive maintenance service,P-4401,Engine oil filter,24.75,4,SUP-02,Gulf Coast Diesel Supply,(813) 555-0233,P-5510,Battery group 31,189.00,4,SUP-03,Atlantic Fleet Components,(954) 555-0258,P-7702,Shock absorber,118.00,1,SUP-01,Florida Truck Parts,(305) 555-0201,,,,,,,
WO-50007,2026-01-04,2026-01-04,TRK-235,1378N31P8PYRP69D1,Peterbilt,579,2023,DEP-TPA,Tampa Bay Shop,Tampa,(813) 555-0175,M16,Rosa Harris,Level 2,72.00,3.0,No start condition,P-4410,Diesel exhaust fluid case,45.00,4,SUP-02,Gulf Coast Diesel Supply,(813) 555-0233,P-3320,Steer tire 295/75R22.5,412.00,1,SUP-04,Sunshine Tire & Brake,(561) 555-0277,P-7702,Shock absorber,118.00,4,SUP-01,Florida Truck Parts,(305) 555-0201,P-6602,Cabin air filter,22.50,3,SUP-01,Florida Truck Parts,(305) 555-0201
WO-50008,2026-01-04,2026-01-04,TRK-226,1E897MZ2T117U81K7,Hino,L6,2023,DEP-FLL,Fort Lauderdale Yard,Fort Lauderdale,(954) 555-0118,M08,Ramon Ortiz,Level 3,89.00,1.0,Coolant leak,P-7710,Wheel seal kit,41.20,3,SUP-04,Sunshine Tire & Brake,(561) 555-0277,P-4410,Diesel exhaust fluid case,45.00,2,SUP-02,Gulf Coast Diesel Supply,(813) 555-0233,P-6610,Coolant jug 1 gal,18.75,3,SUP-02,Gulf Coast Diesel Supply,(813) 555-0233,,,,,,,
WO-50009,2026-01-05,2026-01-06,TRK-205,1J8GYCFM42DVLT3YE,Isuzu,NRR,2018,DEP-TPA,Tampa Bay Shop,Tampa,(813) 555-0175,M01,Maria Garcia,Level 1,58.00,6.0,DOT annual inspection,P-4450,Starter motor,455.00,3,SUP-03,Atlantic Fleet Components,(954) 555-0258,P-5520,Wiper blade pair,29.90,4,SUP-01,Florida Truck Parts,(305) 555-0201,,,,,,,,,,,,,,
WO-50010,2026-01-05,2026-01-05,TRK-208,1L62J8AD6K6MK75MU,Hino,L6,2022,DEP-MIA,Miami Main Shop,Miami,(305) 555-0140,M02,Miguel Brown,Master,110.00,0.5,Tire wear on steer axle,P-4402,Fuel filter,38.40,2,SUP-02,Gulf Coast Diesel Supply,(813) 555-0233,P-5502,Marker lamp,14.60,2,SUP-01,Florida Truck Parts,(305) 555-0201,,,,,,,,,,,,,,
WO-50011,2026-01-05,2026-01-05,TRK-235,1378N31P8PYRP69D1,Peterbilt,579,2023,DEP-DOR,Doral Service Center,Doral,(305) 555-0162,M17,Linda Perez,Level 1,58.00,1.0,DOT annual inspection,P-5520,Wiper blade pair,29.90,1,SUP-01,Florida Truck Parts,(305) 555-0201,,,,,,,,,,,,,,,,,,,,,
WO-50012,2026-01-05,2026-01-06,TRK-220,1WP5D1ZS5KRYCNXV8,Kenworth,T680,2017,DEP-MIA,Miami Main Shop,Miami,(305) 555-0140,M01,Maria Garcia,Level 1,58.00,2.5,DOT annual inspection,P-7710,Wheel seal kit,41.20,4,SUP-04,Sunshine Tire & Brake,(561) 555-0277,P-4403,Air filter element,61.10,1,SUP-02,Gulf Coast Diesel Supply,(813) 555-0233,,,,,,,,,,,,,,
WO-50013,2026-01-06,2026-01-08,TRK-232,1GF7C9ZMVR2JDUCNT,Volvo,VNL 860,2025,DEP-DOR,Doral Service Center,Doral,(305) 555-0162,M05,Elena Lopez,Level 1,58.00,0.5,AC not cooling cab,P-4410,Diesel exhaust fluid case,45.00,3,SUP-02,Gulf Coast Diesel Supply,(813) 555-0233,,,,,,,,,,,,,,,,,,,,,
WO-50014,2026-01-06,2026-01-09,TRK-230,15ZJWGNLH0DT85FY6,International,LT,2017,DEP-MIA,Miami Main Shop,Miami,(305) 555-0140,M17,Linda Perez,Level 1,58.00,5.0,Charging system failure,P-5510,Battery group 31,189.00,1,SUP-03,Atlantic Fleet Components,(954) 555-0258,P-5501,Headlight assembly,133.00,2,SUP-01,Florida Truck Parts,(305) 555-0201,P-6602,Cabin air filter,22.50,4,SUP-01,Florida Truck Parts,(305) 555-0201,P-7710,Wheel seal kit,41.20,3,SUP-04,Sunshine Tire & Brake,(561) 555-0277
WO-50015,2026-01-06,2026-01-06,TRK-217,1UG7U1UBYAH5Z3PE6,Peterbilt,579,2017,DEP-MIA,Miami Main Shop,Miami,(305) 555-0140,M06,Victor Torres,Level 3,89.00,2.0,Wheel seal leak,P-4420,Serpentine belt,52.30,2,SUP-01,Florida Truck Parts,(305) 555-0201,P-5520,Wiper blade pair,29.90,4,SUP-01,Florida Truck Parts,(305) 555-0201,P-5502,Marker lamp,14.60,1,SUP-01,Florida Truck Parts,(305) 555-0201,,,,,,,
WO-50016,2026-01-06,2026-01-08,TRK-210,1EBP2CLPU2HHEXYDK,Peterbilt,579,2019,DEP-MIA,Miami Main Shop,Miami,(305) 555-0140,M06,Victor Torres,Level 3,89.00,6.0,Coolant leak,P-5510,Battery group 31,189.00,1,SUP-03,Atlantic Fleet Components,(954) 555-0258,,,,,,,,,,,,,,,,,,,,,
WO-50017,2026-01-07,2026-01-08,TRK-208,1L62J8AD6K6MK75MU,Hino,L6,2022,DEP-TPA,Tampa Bay Shop,Tampa,(813) 555-0175,M08,Ramon Ortiz,Level 3,89.00,1.5,DOT annual inspection,P-4401,Engine oil filter,24.75,3,SUP-02,Gulf Coast Diesel Supply,(813) 555-0233,P-4450,Starter motor,455.00,1,SUP-03,Atlantic Fleet Components,(954) 555-0258,P-3321,Drive tire 11R22.5,389.00,2,SUP-04,Sunshine Tire & Brake,(561) 555-0277,P-5520,Wiper blade pair,29.90,3,SUP-01,Florida Truck Parts,(305) 555-0201
WO-50018,2026-01-07,2026-01-07,TRK-239,1BUYTB964LB6D4X19,Peterbilt,579,2019,DEP-FLL,Fort Lauderdale Yard,Fort Lauderdale,(954) 555-0118,M10,Linda Taylor,Level 3,89.00,1.0,AC not cooling cab,P-4403,Air filter element,61.10,2,SUP-02,Gulf Coast Diesel Supply,(813) 555-0233,P-5502,Marker lamp,14.60,4,SUP-01,Florida Truck Parts,(305) 555-0201,,,,,,,,,,,,,,
WO-50019,2026-01-07,2026-01-07,TRK-217,1UG7U1UBYAH5Z3PE6,Peterbilt,579,2017,DEP-MIA,Miami Main Shop,Miami,(305) 555-0140,M08,Ramon Ortiz,Level 3,89.00,5.0,Coolant leak,P-4420,Serpentine belt,52.30,1,SUP-01,Florida Truck Parts,(305) 555-0201,,,,,,,,,,,,,,,,,,,,,
WO-50020,2026-01-07,2026-01-08,TRK-232,1GF7C9ZMVR2JDUCNT,Volvo,VNL 860,2025,DEP-TPA,Tampa Bay Shop,Tampa,(813) 555-0175,M12,Tanya Harris,Level 2,72.00,5.0,Wheel seal leak,P-3320,Steer tire 295/75R22.5,412.00,1,SUP-04,Sunshine Tire & Brake,(561) 555-0277,P-4402,Fuel filter,38.40,1,SUP-02,Gulf Coast Diesel Supply,(813) 555-0233,,,,,,,,,,,,,,
WO-50021,2026-01-08,2026-01-09,TRK-204,10A004AD88U5NL8S9,Isuzu,NRR,2020,DEP-FLL,Fort Lauderdale Yard,Fort Lauderdale,(954) 555-0118,M14,Ana Johnson,Level 1,58.00,0.5,No start condition,P-3320,Steer tire 295/75R22.5,412.00,3,SUP-04,Sunshine Tire & Brake,(561) 555-0277,P-7720,Fifth wheel grease,16.40,4,SUP-02,Gulf Coast Diesel Supply,(813) 555-0233,,,,,,,,,,,,,,
WO-50022,2026-01-08,2026-01-09,TRK-221,15N7XGPGJ7JK2RKR2,Volvo,VNL 860,2020,DEP-MIA,Miami Main Shop,Miami,(305) 555-0140,M01,Maria Garcia,Level 1,58.00,5.0,AC not cooling cab,P-5510,Battery group 31,189.00,2,SUP-03,Atlantic Fleet Components,(954) 555-0258,,,,,,,,,,,,,,,,,,,,,
WO-50023,2026-01-08,2026-01-08,TRK-225,1PGNK2CJ87WB7FKEG,Hino,L6,2020,DEP-MIA,Miami Main Shop,Miami,(305) 555-0140,M12,Tanya Harris,Level 2,72.00,5.0,Charging system failure,P-4401,Engine oil filter,24.75,3,SUP-02,Gulf Coast Diesel Supply,(813) 555-0233,,,,,,,,,,,,,,,,,,,,,
WO-50024,2026-01-08,2026-01-09,TRK-233,19FG3D3EV8XZ9EHE2,Hino,L6,2021,DEP-MIA,Miami Main Shop,Miami,(305) 555-0140,M07,Maria Johnson,Master,110.00,3.0,Tire wear on steer axle,P-4401,Engine oil filter,24.75,1,SUP-02,Gulf Coast Diesel Supply,(813) 555-0233,P-5520,Wiper blade pair,29.90,3,SUP-01,Florida Truck Parts,(305) 555-0201,P-4420,Serpentine belt,52.30,2,SUP-01,Florida Truck Parts,(305) 555-0201,,,,,,,
WO-50025,2026-01-09,2026-01-10,TRK-215,1Y6T6NZMGNJPAXJFB,Peterbilt,579,2020,DEP-DOR,Doral Service Center,Doral,(305) 555-0162,M02,Miguel Brown,Master,110.00,0.5,Suspension noise,P-7710,Wheel seal kit,41.20,4,SUP-04,Sunshine Tire & Brake,(561) 555-0277,,,,,,,,,,,,,,,,,,,,,
WO-50026,2026-01-09,2026-01-11,TRK-212,12AYLATERX8BJE9AX,Kenworth,T680,2017,DEP-MIA,Miami Main Shop,Miami,(305) 555-0140,M07,Maria Johnson,Master,110.00,4.0,Brake inspection and replacement,P-5502,Marker lamp,14.60,4,SUP-01,Florida Truck Parts,(305) 555-0201,,,,,,,,,,,,,,,,,,,,,
WO-50027,2026-01-09,2026-01-09,TRK-221,15N7XGPGJ7JK2RKR2,Volvo,VNL 860,2020,DEP-DOR,Doral Service Center,Doral,(305) 555-0162,M05,Elena Lopez,Level 1,58.00,4.0,No start condition,P-6602,Cabin air filter,22.50,4,SUP-01,Florida Truck Parts,(305) 555-0201,P-7701,Leaf spring,305.00,3,SUP-01,Florida Truck Parts,(305) 555-0201,P-3320,Steer tire 295/75R22.5,412.00,3,SUP-04,Sunshine Tire & Brake,(561) 555-0277,P-4420,Serpentine belt,52.30,4,SUP-01,Florida Truck Parts,(305) 555-0201
WO-50028,2026-01-09,2026-01-09,TRK-224,14921JV0JDZLPLTFU,Isuzu,NRR,2019,DEP-MIA,Miami Main Shop,Miami,(305) 555-0140,M08,Ramon Ortiz,Level 3,89.00,4.0,Preventive maintenance service,P-4401,Engine oil filter,24.75,1,SUP-02,Gulf Coast Diesel Supply,(813) 555-0233,P-3310,Air brake chamber,68.25,4,SUP-01,Florida Truck Parts,(305) 555-0201,,,,,,,,,,,,,,
WO-50029,2026-01-10,2026-01-11,TRK-225,1PGNK2CJ87WB7FKEG,Hino,L6,2020,DEP-MIA,Miami Main Shop,Miami,(305) 555-0140,M18,Jose Brown,Master,110.00,1.0,Electrical fault in lighting,P-5501,Headlight assembly,133.00,2,SUP-01,Florida Truck Parts,(305) 555-0201,,,,,,,,,,,,,,,,,,,,,
WO-50030,2026-01-10,2026-01-11,TRK-227,1NZS2C3KZET3YNV4Z,Isuzu,NRR,2017,DEP-FLL,Fort Lauderdale Yard,Fort Lauderdale,(954) 555-0118,M16,Rosa Harris,Level 2,72.00,6.0,Suspension noise,P-4420,Serpentine belt,52.30,3,SUP-01,Florida Truck Parts,(305) 555-0201,P-6610,Coolant jug 1 gal,18.75,3,SUP-02,Gulf Coast Diesel Supply,(813) 555-0233,P-7710,Wheel seal kit,41.20,4,SUP-04,Sunshine Tire & Brake,(561) 555-0277,,,,,,,
WO-50031,2026-01-10,2026-01-11,TRK-219,1MD3B0C4AZ6JP3BP6,Isuzu,NRR,2023,DEP-TPA,Tampa Bay Shop,Tampa,(813) 555-0175,M07,Maria Johnson,Master,110.00,5.0,Charging system failure,P-7701,Leaf spring,305.00,4,SUP-01,Florida Truck Parts,(305) 555-0201,,,,,,,,,,,,,,,,,,,,,
WO-50032,2026-01-10,2026-01-10,TRK-203,1S0WX3UDH042GEVDN,Peterbilt,579,2017,DEP-TPA,Tampa Bay Shop,Tampa,(813) 555-0175,M10,Linda Taylor,Level 3,89.00,4.0,Charging system failure,P-6601,AC compressor,640.00,4,SUP-03,Atlantic Fleet Components,(954) 555-0258,P-3321,Drive tire 11R22.5,389.00,1,SUP-04,Sunshine Tire & Brake,(561) 555-0277,,,,,,,,,,,,,,
WO-50033,2026-01-11,2026-01-12,TRK-220,1WP5D1ZS5KRYCNXV8,Kenworth,T680,2017,DEP-MIA,Miami Main Shop,Miami,(305) 555-0140,M12,Tanya Harris,Level 2,72.00,1.0,Preventive maintenance service,P-3301,Brake pad set,89.50,4,SUP-04,Sunshine Tire & Brake,(561) 555-0277,P-4410,Diesel exhaust fluid case,45.00,4,SUP-02,Gulf Coast Diesel Supply,(813) 555-0233,,,,,,,,,,,,,,
WO-50034,2026-01-11,2026-01-11,TRK-224,14921JV0JDZLPLTFU,Isuzu,NRR,2019,DEP-DOR,Doral Service Center,Doral,(305) 555-0162,M07,Maria Johnson,Master,110.00,2.0,Tire wear on steer axle,P-3321,Drive tire 11R22.5,389.00,2,SUP-04,Sunshine Tire & Brake,(561) 555-0277,,,,,,,,,,,,,,,,,,,,,
WO-50035,2026-01-11,2026-01-12,TRK-232,1GF7C9ZMVR2JDUCNT,Volvo,VNL 860,2025,DEP-DOR,Doral Service Center,Doral,(305) 555-0162,M18,Jose Brown,Master,110.00,3.0,Wheel seal leak,P-3301,Brake pad set,89.50,1,SUP-04,Sunshine Tire & Brake,(561) 555-0277,P-5501,Headlight assembly,133.00,1,SUP-01,Florida Truck Parts,(305) 555-0201,P-4430,Water pump,276.00,3,SUP-03,Atlantic Fleet Components,(954) 555-0258,P-4410,Diesel exhaust fluid case,45.00,3,SUP-02,Gulf Coast Diesel Supply,(813) 555-0233
WO-50036,2026-01-11,2026-01-11,TRK-205,1J8GYCFM42DVLT3YE,Isuzu,NRR,2018,DEP-DOR,Doral Service Center,Doral,(305) 555-0162,M07,Maria Johnson,Master,110.00,0.5,Preventive maintenance service,P-3301,Brake pad set,89.50,4,SUP-04,Sunshine Tire & Brake,(561) 555-0277,P-4410,Diesel exhaust fluid case,45.00,4,SUP-02,Gulf Coast Diesel Supply,(813) 555-0233,P-3320,Steer tire 295/75R22.5,412.00,4,SUP-04,Sunshine Tire & Brake,(561) 555-0277,P-4420,Serpentine belt,52.30,4,SUP-01,Florida Truck Parts,(305) 555-0201
WO-50037,2026-01-12,2026-01-14,TRK-238,15FSYL4JJ55L6SRE5,Isuzu,NRR,2016,DEP-MIA,Miami Main Shop,Miami,(305) 555-0140,M05,Elena Lopez,Level 1,58.00,1.0,Charging system failure,P-4420,Serpentine belt,52.30,4,SUP-01,Florida Truck Parts,(305) 555-0201,P-4403,Air filter element,61.10,4,SUP-02,Gulf Coast Diesel Supply,(813) 555-0233,P-7720,Fifth wheel grease,16.40,3,SUP-02,Gulf Coast Diesel Supply,(813) 555-0233,,,,,,,
WO-50038,2026-01-12,2026-01-12,TRK-212,12AYLATERX8BJE9AX,Kenworth,T680,2017,DEP-MIA,Miami Main Shop,Miami,(305) 555-0140,M18,Jose Brown,Master,110.00,1.5,No start condition,P-6602,Cabin air filter,22.50,1,SUP-01,Florida Truck Parts,(305) 555-0201,,,,,,,,,,,,,,,,,,,,,
WO-50039,2026-01-12,2026-01-15,TRK-203,1S0WX3UDH042GEVDN,Peterbilt,579,2017,DEP-DOR,Doral Service Center,Doral,(305) 555-0162,M03,Carlos Garcia,Master,110.00,3.0,No start condition,P-5502,Marker lamp,14.60,2,SUP-01,Florida Truck Parts,(305) 555-0201,P-3320,Steer tire 295/75R22.5,412.00,2,SUP-04,Sunshine Tire & Brake,(561) 555-0277,,,,,,,,,,,,,,
WO-50040,2026-01-12,2026-01-12,TRK-236,1S7R5LH94J1YRYAXF,Peterbilt,579,2019,DEP-TPA,Tampa Bay Shop,Tampa,(813) 555-0175,M04,Rosa Jones,Level 1,58.00,4.0,Coolant leak,P-4440,Alternator,498.00,4,SUP-03,Atlantic Fleet Components,(954) 555-0258,,,,,,,,,,,,,,,,,,,,,
WO-50041,2026-01-13,2026-01-16,TRK-229,15ZEB5J6BUAVTXJRN,Hino,L6,2021,DEP-FLL,Fort Lauderdale Yard,Fort Lauderdale,(954) 555-0181,M01,Maria Garcia,Level 1,58.00,2.5,No start condition,P-4420,Serpentine belt,52.30,3,SUP-01,Florida Truck Parts,(305) 555-0201,P-4440,Alternator,498.00,1,SUP-03,Atlantic Fleet Components,(954) 555-0258,P-6610,Coolant jug 1 gal,18.75,3,SUP-02,Gulf Coast Diesel Supply,(813) 555-0233,,,,,,,
WO-50042,2026-01-13,2026-01-16,TRK-225,1PGNK2CJ87WB7FKEG,Hino,L6,2020,DEP-DOR,Doral Service Center,Doral,(305) 555-0162,M01,Maria Garcia,Level 1,58.00,4.0,Coolant leak,P-6602,Cabin air filter,22.50,1,SUP-01,Florida Truck Parts,(305) 555-0201,,,,,,,,,,,,,,,,,,,,,
WO-50043,2026-01-13,2026-01-13,TRK-233,19FG3D3EV8XZ9EHE2,Hino,L6,2021,DEP-MIA,Miami Main Shop,Miami,(305) 555-0140,M05,Elena Lopez,Level 1,58.00,1.0,DOT annual inspection,P-5501,Headlight assembly,133.00,1,SUP-01,Florida Truck Parts,(305) 555-0201,,,,,,,,,,,,,,,,,,,,,
WO-50044,2026-01-13,2026-01-13,TRK-217,1UG7U1UBYAH5Z3PE6,Peterbilt,579,2017,DEP-MIA,Miami Main Shop,Miami,(305) 555-0140,M02,Miguel Brown,Master,110.00,3.0,Coolant leak,P-3321,Drive tire 11R22.5,389.00,2,SUP-04,Sunshine Tire & Brake,(561) 555-0277,P-4402,Fuel filter,38.40,4,SUP-02,Gulf Coast Diesel Supply,(813) 555-0233,,,,,,,,,,,,,,
WO-50045,2026-01-14,2026-01-14,TRK-206,1V002CEMJCG8S6KXY,Kenworth,T680,2023,DEP-TPA,Tampa Bay Shop,Tampa,(813) 555-0175,M14,Ana Johnson,Level 1,58.00,0.5,AC not cooling cab,P-5510,Battery group 31,189.00,4,SUP-03,Atlantic Fleet Components,(954) 555-0258,P-7702,Shock absorber,118.00,3,SUP-01,Florida Truck Parts,(305) 555-0201,,,,,,,,,,,,,,
WO-50046,2026-01-14,2026-01-17,TRK-239,1BUYTB964LB6D4X19,Peterbilt,579,2019,DEP-MIA,Miami Main Shop,Miami,(305) 555-0140,M09,Tanya Davis,Level 1,58.00,3.0,Brake inspection and replacement,P-4410,Diesel exhaust fluid case,45.00,2,SUP-02,Gulf Coast Diesel Supply,(813) 555-0233,P-3320,Steer tire 295/75R22.5,412.00,2,SUP-04,Sunshine Tire & Brake,(561) 555-0277,P-5520,Wiper blade pair,29.90,4,SUP-01,Florida Truck Parts,(305) 555-0201,,,,,,,
WO-50047,2026-01-14,2026-01-15,TRK-204,10A004AD88U5NL8S9,Isuzu,NRR,2020,DEP-FLL,Fort Lauderdale Yard,Fort Lauderdale,(954) 555-0181,M08,Ramon Ortiz,Level 3,89.00,2.0,Charging system failure,P-7710,Wheel seal kit,41.20,2,SUP-04,Sunshine Tire & Brake,(561) 555-0277,P-5502,Marker lamp,14.60,4,SUP-01,Florida Truck Parts,(305) 555-0201,,,,,,,,,,,,,,
WO-50048,2026-01-14,2026-01-16,TRK-218,14LV5F5M9JYBJ439E,Freightliner,Cascadia,2019,DEP-FLL,Fort Lauderdale Yard,Fort Lauderdale,(954) 555-0118,M18,Jose Brown,Master,110.00,1.0,Brake inspection and replacement,P-3301,Brake pad set,89.50,4,SUP-04,Sunshine Tire & Brake,(561) 555-0277,,,,,,,,,,,,,,,,,,,,,
WO-50049,2026-01-15,2026-01-17,TRK-226,1E897MZ2T117U81K7,Hino,L6,2023,DEP-TPA,Tampa Bay Shop,Tampa,(813) 555-0175,M09,Tanya Davis,Level 1,58.00,4.0,Brake inspection and replacement,P-4401,Engine oil filter,24.75,2,SUP-02,Gulf Coast Diesel Supply,(813) 555-0233,,,,,,,,,,,,,,,,,,,,,
WO-50050,2026-01-15,2026-01-15,TRK-227,1NZS2C3KZET3YNV4Z,Isuzu,NRR,2017,DEP-FLL,Fort Lauderdale Yard,Fort Lauderdale,(954) 555-0118,M02,Miguel Brown,Master,110.00,2.5,Wheel seal leak,P-6610,Coolant jug 1 gal,18.75,4,SUP-02,Gulf Coast Diesel Supply,(813) 555-0233,P-3310,Air brake chamber,68.25,2,SUP-01,Florida Truck Parts,(305) 555-0201,,,,,,,,,,,,,,
WO-50051,2026-01-15,2026-01-16,TRK-217,1UG7U1UBYAH5Z3PE6,Peterbilt,579,2017,DEP-DOR,Doral Service Center,Doral,(305) 555-0162,M17,Linda Perez,Level 1,58.00,0.5,DOT annual inspection,P-6601,AC compressor,640.00,4,SUP-03,Atlantic Fleet Components,(954) 555-0258,P-4402,Fuel filter,38.40,2,SUP-02,Gulf Coast Diesel Supply,(813) 555-0233,,,,,,,,,,,,,,
WO-50052,2026-01-15,2026-01-18,TRK-207,1WZA1BNL3FJPV81NL,Volvo,VNL 860,2024,DEP-DOR,Doral Service Center,Doral,(305) 555-0162,M09,Tanya Davis,Level 1,58.00,2.0,Wheel seal leak,P-6610,Coolant jug 1 gal,18.75,3,SUP-02,Gulf Coast Diesel Supply,(813) 555-0233,P-3321,Drive tire 11R22.5,389.00,1,SUP-04,Sunshine Tire & Brake,(561) 555-0277,P-4450,Starter motor,455.00,1,SUP-03,Atlantic Fleet Components,(954) 555-0258,,,,,,,
WO-50053,2026-01-16,2026-01-19,TRK-227,1NZS2C3KZET3YNV4Z,Isuzu,NRR,2017,DEP-DOR,Doral Service Center,Doral,(305) 555-0162,M10,Linda Taylor,Level 3,89.00,1.5,Tire wear on steer axle,P-7702,Shock absorber,118.00,4,SUP-01,Florida Truck Parts,(305) 555-0201,P-4430,Water pump,276.00,3,SUP-03,Atlantic Fleet Components,(954) 555-0258,P-4440,Alternator,498.00,1,SUP-03,Atlantic Fleet Components,(954) 555-0258,P-7701,Leaf spring,305.00,4,SUP-01,Florida Truck Parts,(305) 555-0201
WO-50054,2026-01-16,2026-01-17,TRK-237,1G1FW0N0YUFEWGXHD,Freightliner,Cascadia,2020,DEP-FLL,Fort Lauderdale Yard,Fort Lauderdale,(954) 555-0118,M03,Carlos Garcia,Master,110.00,4.0,Electrical fault in lighting,P-3321,Drive tire 11R22.5,389.00,3,SUP-04,Sunshine Tire & Brake,(561) 555-0277,P-5502,Marker lamp,14.60,2,SUP-01,Florida Truck Parts,(305) 555-0201,,,,,,,,,,,,,,
WO-50055,2026-01-16,2026-01-17,TRK-219,1MD3B0C4AZ6JP3BP6,Isuzu,NRR,2023,DEP-MIA,Miami Main Shop,Miami,(305) 555-0140,M18,Jose Brown,Master,110.00,2.5,Charging system failure,P-4440,Alternator,498.00,3,SUP-03,Atlantic Fleet Components,(954) 555-0258,P-4450,Starter motor,455.00,3,SUP-03,Atlantic Fleet Components,(954) 555-0258,,,,,,,,,,,,,,
WO-50056,2026-01-16,2026-01-17,TRK-234,15HWKGYAV6MP428T6,Peterbilt,579,2025,DEP-DOR,Doral Service Center,Doral,(305) 555-0162,M14,Ana Johnson,Level 1,58.00,4.0,Brake inspection and replacement,P-7720,Fifth wheel grease,16.40,2,SUP-02,Gulf Coast Diesel Supply,(813) 555-0233,,,,,,,,,,,,,,,,,,,,,
WO-50057,2026-01-17,2026-01-17,TRK-221,15N7XGPGJ7JK2RKR2,Volvo,VNL 860,2020,DEP-FLL,Fort Lauderdale Yard,Fort Lauderdale,(954) 555-0118,M10,Linda Taylor,Level 3,89.00,1.5,AC not cooling cab,P-5520,Wiper blade pair,29.90,1,SUP-01,Florida Truck Parts,(305) 555-0201,,,,,,,,,,,,,,,,,,,,,
WO-50058,2026-01-17,2026-01-17,TRK-202,1HU5DGS3X7K5CAU9E,Peterbilt,579,2017,DEP-MIA,Miami Main Shop,Miami,(305) 555-0140,M04,Rosa Jones,Level 1,58.00,4.0,Wheel seal leak,P-3301,Brake pad set,89.50,3,SUP-04,Sunshine Tire & Brake,(561) 555-0277,,,,,,,,,,,,,,,,,,,,,
WO-50059,2026-01-17,2026-01-17,TRK-211,17CV16P7R3NBW50AP,Volvo,VNL 860,2017,DEP-MIA,Miami Main Shop,Miami,(305) 555-0140,M08,Ramon Ortiz,Level 3,89.00,2.5,Brake inspection and replacement,P-6601,AC compressor,640.00,1,SUP-03,Atlantic Fleet Components,(954) 555-0258,P-3302,Brake drum,214.00,3,SUP-04,Sunshine Tire & Brake,(561) 555-0277,P-7710,Wheel seal kit,41.20,3,SUP-04,Sunshine Tire & Brake,(561) 555-0277,,,,,,,
WO-50060,2026-01-17,2026-01-17,TRK-209,1H1B67LZHRYY5BLAZ,Peterbilt,579,2020,DEP-MIA,Miami Main Shop,Miami,(305) 555-0140,M09,Tanya Davis,Level 1,58.00,1.5,AC not cooling cab,P-6610,Coolant jug 1 gal,18.75,2,SUP-02,Gulf Coast Diesel Supply,(813) 555-0233,,,,,,,,,,,,,,,,,,,,,
WO-50061,2026-01-18,2026-01-21,TRK-201,1XHLZYVEE39CZPDTA,Volvo,VNL 860,2020,DEP-FLL,Fort Lauderdale Yard,Fort Lauderdale,(954) 555-0118,M02,Miguel Brown,Master,110.00,4.0,No start condition,P-5510,Battery group 31,189.00,1,SUP-03,Atlantic Fleet Components,(954) 555-0258,,,,,,,,,,,,,,,,,,,,,
WO-50062,2026-01-18,2026-01-18,TRK-210,1EBP2CLPU2HHEXYDK,Peterbilt,579,2019,DEP-TPA,Tampa Bay Shop,Tampa,(813) 555-0175,M17,Linda Perez,Level 1,58.00,6.0,Tire wear on steer axle,P-4450,Starter motor,455.00,1,SUP-03,Atlantic Fleet Components,(954) 555-0258,,,,,,,,,,,,,,,,,,,,,
WO-50063,2026-01-18,2026-01-18,TRK-214,1UT62YZ6MKFU8VG3S,Volvo,VNL 860,2016,DEP-FLL,Fort Lauderdale Yard,Fort Lauderdale,(954) 555-0118,M02,Miguel Brown,Master,110.00,2.0,DOT annual inspection,P-4401,Engine oil filter,24.75,1,SUP-02,Gulf Coast Diesel Supply,(813) 555-0233,P-4410,Diesel exhaust fluid case,45.00,2,SUP-02,Gulf Coast Diesel Supply,(813) 555-0233,P-4450,Starter motor,455.00,2,SUP-03,Atlantic Fleet Components,(954) 555-0258,,,,,,,
WO-50064,2026-01-18,2026-01-19,TRK-220,1WP5D1ZS5KRYCNXV8,Kenworth,T680,2017,DEP-TPA,Tampa Bay Shop,Tampa,(813) 555-0175,M05,Elena Lopez,Level 1,58.00,3.0,Suspension noise,P-5520,Wiper blade pair,29.90,3,SUP-01,Florida Truck Parts,(305) 555-0201,P-4420,Serpentine belt,52.30,2,SUP-01,Florida Truck Parts,(305) 555-0201,,,,,,,,,,,,,,
WO-50065,2026-01-19,2026-01-19,TRK-222,111U8J1213VDCX5BD,Kenworth,T680,2024,DEP-DOR,Doral Service Center,Doral,(305) 555-0162,M11,James Thomas,Master,110.00,2.0,Wheel seal leak,P-7710,Wheel seal kit,41.20,4,SUP-04,Sunshine Tire & Brake,(561) 555-0277,P-5501,Headlight assembly,133.00,3,SUP-01,Florida Truck Parts,(305) 555-0201,,,,,,,,,,,,,,
WO-50066,2026-01-19,2026-01-19,TRK-230,15ZJWGNLH0DT85FY6,International,LT,2017,DEP-TPA,Tampa Bay Shop,Tampa,(813) 555-0175,M07,Maria Johnson,Master,110.00,2.5,AC not cooling cab,P-3301,Brake pad set,89.50,2,SUP-04,Sunshine Tire & Brake,(561) 555-0277,,,,,,,,,,,,,,,,,,,,,
WO-50067,2026-01-19,2026-01-22,TRK-219,1MD3B0C4AZ6JP3BP6,Isuzu,NRR,2023,DEP-FLL,Fort Lauderdale Yard,Fort Lauderdale,(954) 555-0118,M17,Linda Perez,Level 1,58.00,6.0,Suspension noise,P-3302,Brake drum,214.00,1,SUP-04,Sunshine Tire & Brake,(561) 555-0277,P-4401,Engine oil filter,24.75,4,SUP-02,Gulf Coast Diesel Supply,(813) 555-0233,P-5520,Wiper blade pair,29.90,3,SUP-01,Florida Truck Parts,(305) 555-0201,,,,,,,
WO-50068,2026-01-19,2026-01-20,TRK-212,12AYLATERX8BJE9AX,Kenworth,T680,2017,DEP-DOR,Doral Service Center,Doral,(305) 555-0162,M08,Ramon Ortiz,Level 3,89.00,6.0,Charging system failure,P-4450,Starter motor,455.00,4,SUP-03,Atlantic Fleet Components,(954) 555-0258,P-4430,Water pump,276.00,1,SUP-03,Atlantic Fleet Components,(954) 555-0258,,,,,,,,,,,,,,
WO-50069,2026-01-20,2026-01-20,TRK-205,1J8GYCFM42DVLT3YE,Isuzu,NRR,2018,DEP-TPA,Tampa Bay Shop,Tampa,(813) 555-0175,M03,Carlos Garcia,Master,110.00,1.5,Preventive maintenance service,P-5510,Battery group 31,189.00,4,SUP-03,Atlantic Fleet Components,(954) 555-0258,P-3302,Brake drum,214.00,3,SUP-04,Sunshine Tire & Brake,(561) 555-0277,P-4420,Serpentine belt,52.30,2,SUP-01,Florida Truck Parts,(305) 555-0201,,,,,,,
WO-50070,2026-01-20,2026-01-21,TRK-206,1V002CEMJCG8S6KXY,Kenworth,T680,2023,DEP-MIA,Miami Main Shop,Miami,(305) 555-0140,M08,Ramon Ortiz,Level 3,89.00,2.0,Engine warning light,P-3320,Steer tire 295/75R22.5,412.00,3,SUP-04,Sunshine Tire & Brake,(561) 555-0277,P-7701,Leaf spring,305.00,2,SUP-01,Florida Truck Parts,(305) 555-0201,P-3301,Brake pad set,89.50,4,SUP-04,Sunshine Tire & Brake,(561) 555-0277,,,,,,,
WO-50071,2026-01-20,2026-01-21,TRK-202,1HU5DGS3X7K5CAU9E,Peterbilt,579,2017,DEP-DOR,Doral Service Center,Doral,(305) 555-0162,M12,Tanya Harris,Level 2,72.00,3.0,DOT annual inspection,P-4402,Fuel filter,38.40,3,SUP-02,Gulf Coast Diesel Supply,(813) 555-0233,,,,,,,,,,,,,,,,,,,,,
WO-50072,2026-01-20,2026-01-20,TRK-219,1MD3B0C4AZ6JP3BP6,Isuzu,NRR,2023,DEP-MIA,Miami Main Shop,Miami,(305) 555-0140,M11,James Thomas,Master,110.00,0.5,Tire wear on steer axle,P-4401,Engine oil filter,24.75,4,SUP-02,Gulf Coast Diesel Supply,(813) 555-0233,,,,,,,,,,,,,,,,,,,,,
WO-50073,2026-01-21,2026-01-21,TRK-230,15ZJWGNLH0DT85FY6,International,LT,2017,DEP-FLL,Fort Lauderdale Yard,Fort Lauderdale,(954) 555-0118,M10,Linda Taylor,Level 3,89.00,2.0,AC not cooling cab,P-4440,Alternator,498.00,3,SUP-03,Atlantic Fleet Components,(954) 555-0258,P-5502,Marker lamp,14.60,2,SUP-01,Florida Truck Parts,(305) 555-0201,,,,,,,,,,,,,,
WO-50074,2026-01-21,2026-01-22,TRK-239,1BUYTB964LB6D4X19,Peterbilt,579,2019,DEP-MIA,Miami Main Shop,Miami,(305) 555-0140,M17,Linda Perez,Level 1,58.00,3.0,AC not cooling cab,P-3302,Brake drum,214.00,3,SUP-04,Sunshine Tire & Brake,(561) 555-0277,,,,,,,,,,,,,,,,,,,,,
WO-50075,2026-01-21,2026-01-24,TRK-213,1S6387WV5GDJDGTHG,Peterbilt,579,2025,DEP-DOR,Doral Service Center,Doral,(305) 555-0162,M01,Maria Garcia,Level 1,58.00,1.5,Electrical fault in lighting,P-6610,Coolant jug 1 gal,18.75,4,SUP-02,Gulf Coast Diesel Supply,(813) 555-0233,P-3302,Brake drum,214.00,1,SUP-04,Sunshine Tire & Brake,(561) 555-0277,P-4402,Fuel filter,38.40,4,SUP-02,Gulf Coast Diesel Supply,(813) 555-0233,,,,,,,
WO-50076,2026-01-21,2026-01-21,TRK-229,15ZEB5J6BUAVTXJRN,Hino,L6,2021,DEP-TPA,Tampa Bay Shop,Tampa,(813) 555-0175,M08,Ramon Ortiz,Level 3,89.00,4.0,No start condition,P-6602,Cabin air filter,22.50,4,SUP-01,Florida Truck Parts,(305) 555-0201,P-5520,Wiper blade pair,29.90,2,SUP-01,Florida Truck Parts,(305) 555-0201,P-6601,AC compressor,640.00,4,SUP-03,Atlantic Fleet Components,(954) 555-0258,P-4420,Serpentine belt,52.30,1,SUP-01,Florida Truck Parts,(305) 555-0201
WO-50077,2026-01-22,2026-01-22,TRK-222,111U8J1213VDCX5BD,Kenworth,T680,2024,DEP-DOR,Doral Service Center,Doral,(305) 555-0162,M01,Maria Garcia,Level 1,58.00,2.0,Wheel seal leak,P-4450,Starter motor,455.00,3,SUP-03,Atlantic Fleet Components,(954) 555-0258,P-6602,Cabin air filter,22.50,2,SUP-01,Florida Truck Parts,(305) 555-0201,P-5520,Wiper blade pair,29.90,2,SUP-01,Florida Truck Parts,(305) 555-0201,P-3302,Brake drum,214.00,4,SUP-04,Sunshine Tire & Brake,(561) 555-0277
WO-50078,2026-01-22,2026-01-23,TRK-219,1MD3B0C4AZ6JP3BP6,Isuzu,NRR,2023,DEP-TPA,Tampa Bay Shop,Tampa,(813) 555-0175,M18,Jose Brown,Master,110.00,2.5,Wheel seal leak,P-7720,Fifth wheel grease,16.40,4,SUP-02,Gulf Coast Diesel Supply,(813) 555-0233,,,,,,,,,,,,,,,,,,,,,
WO-50079,2026-01-22,2026-01-25,TRK-205,1J8GYCFM42DVLT3YE,Isuzu,NRR,2018,DEP-TPA,Tampa Bay Shop,Tampa,(813) 555-0175,M04,Rosa Jones,Level 1,58.00,5.0,DOT annual inspection,P-6601,AC compressor,640.00,3,SUP-03,Atlantic Fleet Components,(954) 555-0258,P-7701,Leaf spring,305.00,3,SUP-01,Florida Truck Parts,(305) 555-0201,P-3301,Brake pad set,89.50,1,SUP-04,Sunshine Tire & Brake,(561) 555-0277,P-5502,Marker lamp,14.60,1,SUP-01,Florida Truck Parts,(305) 555-0201
WO-50080,2026-01-22,2026-01-24,TRK-215,1Y6T6NZMGNJPAXJFB,Peterbilt,579,2020,DEP-DOR,Doral Service Center,Doral,(305) 555-0162,M11,James Thomas,Master,110.00,5.0,Coolant leak,P-3320,Steer tire 295/75R22.5,412.00,2,SUP-04,Sunshine Tire & Brake,(561) 555-0277,P-4401,Engine oil filter,24.75,1,SUP-02,Gulf Coast Diesel Supply,(813) 555-0233,P-5520,Wiper blade pair,29.90,3,SUP-01,Florida Truck Parts,(305) 555-0201,,,,,,,
WO-50081,2026-01-23,2026-01-23,TRK-214,1UT62YZ6MKFU8VG3S,Volvo,VNL 860,2016,DEP-TPA,Tampa Bay Shop,Tampa,(813) 555-0175,M02,Miguel Brown,Master,110.00,2.0,No start condition,P-6601,AC compressor,640.00,2,SUP-03,Atlantic Fleet Components,(954) 555-0258,P-5501,Headlight assembly,133.00,2,SUP-01,Florida Truck Parts,(305) 555-0201,,,,,,,,,,,,,,
WO-50082,2026-01-23,2026-01-23,TRK-229,15ZEB5J6BUAVTXJRN,Hino,L6,2021,DEP-FLL,Fort Lauderdale Yard,Fort Lauderdale,(954) 555-0118,M11,James Thomas,Master,110.00,6.0,AC not cooling cab,P-3320,Steer tire 295/75R22.5,412.00,4,SUP-04,Sunshine Tire & Brake,(561) 555-0277,,,,,,,,,,,,,,,,,,,,,
WO-50083,2026-01-23,2026-01-24,TRK-215,1Y6T6NZMGNJPAXJFB,Peterbilt,579,2020,DEP-TPA,Tampa Bay Shop,Tampa,(813) 555-0175,M17,Linda Perez,Level 1,58.00,2.5,Tire wear on steer axle,P-6610,Coolant jug 1 gal,18.75,2,SUP-02,Gulf Coast Diesel Supply,(813) 555-0233,P-3321,Drive tire 11R22.5,389.00,2,SUP-04,Sunshine Tire & Brake,(561) 555-0277,P-5510,Battery group 31,189.00,2,SUP-03,Atlantic Fleet Components,(954) 555-0258,P-3301,Brake pad set,89.50,4,SUP-04,Sunshine Tire & Brake,(561) 555-0277
WO-50084,2026-01-23,2026-01-24,TRK-209,1H1B67LZHRYY5BLAZ,Peterbilt,579,2020,DEP-DOR,Doral Service Center,Doral,(305) 555-0162,M15,Diego Jackson,Master,110.00,4.0,Brake inspection and replacement,P-4410,Diesel exhaust fluid case,45.00,3,SUP-02,Gulf Coast Diesel Supply,(813) 555-0233,,,,,,,,,,,,,,,,,,,,,
WO-50085,2026-01-24,2026-01-25,TRK-231,1XU7JZRYDHNX7KKPR,Kenworth,T680,2023,DEP-TPA,Tampa Bay Shop,Tampa,(813) 555-0175,M01,Maria Garcia,Level 1,58.00,4.0,Suspension noise,P-6601,AC compressor,640.00,1,SUP-03,Atlantic Fleet Components,(954) 555-0258,P-4420,Serpentine belt,52.30,4,SUP-01,Florida Truck Parts,(305) 555-0201,,,,,,,,,,,,,,
WO-50086,2026-01-24,2026-01-25,TRK-217,1UG7U1UBYAH5Z3PE6,Peterbilt,579,2017,DEP-TPA,Tampa Bay Shop,Tampa,(813) 555-0175,M13,Ana Lopez,Level 2,72.00,4.0,Preventive maintenance service,P-4420,Serpentine belt,52.30,1,SUP-01,Florida Truck Parts,(305) 555-0201,,,,,,,,,,,,,,,,,,,,,
WO-50087,2026-01-24,2026-01-24,TRK-212,12AYLATERX8BJE9AX,Kenworth,T680,2017,DEP-TPA,Tampa Bay Shop,Tampa,(813) 555-0175,M08,Ramon Ortiz,Level 3,89.00,1.0,Electrical fault in lighting,P-4450,Starter motor,455.00,4,SUP-03,Atlantic Fleet Components,(954) 555-0258,P-3302,Brake drum,214.00,4,SUP-04,Sunshine Tire & Brake,(561) 555-0277,,,,,,,,,,,,,,
WO-50088,2026-01-24,2026-01-26,TRK-213,1S6387WV5GDJDGTHG,Peterbilt,579,2025,DEP-FLL,Fort Lauderdale Yard,Fort Lauderdale,(954) 555-0118,M14,Ana Johnson,Level 1,58.00,3.0,DOT annual inspection,P-7702,Shock absorber,118.00,2,SUP-01,Florida Truck Parts,(305) 555-0201,P-5501,Headlight assembly,133.00,3,SUP-01,Florida Truck Parts,(305) 555-0201,,,,,,,,,,,,,,
WO-50089,2026-01-25,2026-01-26,TRK-205,1J8GYCFM42DVLT3YE,Isuzu,NRR,2018,DEP-DOR,Doral Service Center,Doral,(305) 555-0162,M16,Rosa Harris,Level 2,72.00,2.0,Suspension noise,P-3310,Air brake chamber,68.25,3,SUP-01,Florida Truck Parts,(305) 555-0201,,,,,,,,,,,,,,,,,,,,,
WO-50090,2026-01-25,2026-01-25,TRK-206,1V002CEMJCG8S6KXY,Kenworth,T680,2023,DEP-MIA,Miami Main Shop,Miami,(305) 555-0140,M13,Ana Lopez,Level 2,72.00,1.0,Preventive maintenance service,P-5502,Marker lamp,14.60,1,SUP-01,Florida Truck Parts,(305) 555-0201,,,,,,,,,,,,,,,,,,,,,
WO-50091,2026-01-25,2026-01-26,TRK-210,1EBP2CLPU2HHEXYDK,Peterbilt,579,2019,DEP-TPA,Tampa Bay Shop,Tampa,(813) 555-0175,M10,Linda Taylor,Level 3,89.00,2.0,Charging system failure,P-3310,Air brake chamber,68.25,2,SUP-01,Florida Truck Parts,(305) 555-0201,P-4420,Serpentine belt,52.30,1,SUP-01,Florida Truck Parts,(305) 555-0201,,,,,,,,,,,,,,
WO-50092,2026-01-25,2026-01-27,TRK-239,1BUYTB964LB6D4X19,Peterbilt,579,2019,DEP-MIA,Miami Main Shop,Miami,(305) 555-0140,M18,Jose Brown,Master,110.00,1.0,Preventive maintenance service,P-7710,Wheel seal kit,41.20,1,SUP-04,Sunshine Tire & Brake,(561) 555-0277,P-4402,Fuel filter,38.40,1,SUP-02,Gulf Coast Diesel Supply,(813) 555-0233,,,,,,,,,,,,,,
WO-50093,2026-01-26,2026-01-26,TRK-206,1V002CEMJCG8S6KXY,Kenworth,T680,2023,DEP-FLL,Fort Lauderdale Yard,Fort Lauderdale,(954) 555-0118,M14,Ana Johnson,Level 1,58.00,6.0,Engine warning light,P-6610,Coolant jug 1 gal,18.75,4,SUP-02,Gulf Coast Diesel Supply,(813) 555-0233,,,,,,,,,,,,,,,,,,,,,
WO-50094,2026-01-26,2026-01-26,TRK-214,1UT62YZ6MKFU8VG3S,Volvo,VNL 860,2016,DEP-DOR,Doral Service Center,Doral,(305) 555-0162,M13,Ana Lopez,Level 2,72.00,2.5,Wheel seal leak,P-3321,Drive tire 11R22.5,389.00,1,SUP-04,Sunshine Tire & Brake,(561) 555-0277,,,,,,,,,,,,,,,,,,,,,
WO-50095,2026-01-26,2026-01-29,TRK-234,15HWKGYAV6MP428T6,Peterbilt,579,2025,DEP-DOR,Doral Service Center,Doral,(305) 555-0162,M05,Elena Lopez,Level 1,58.00,5.0,Brake inspection and replacement,P-3310,Air brake chamber,68.25,3,SUP-01,Florida Truck Parts,(305) 555-0201,,,,,,,,,,,,,,,,,,,,,
WO-50096,2026-01-26,2026-01-27,TRK-205,1J8GYCFM42DVLT3YE,Isuzu,NRR,2018,DEP-DOR,Doral Service Center,Doral,(305) 555-0162,M10,Linda Taylor,Level 3,89.00,5.0,Brake inspection and replacement,P-5502,Marker lamp,14.60,4,SUP-01,Florida Truck Parts,(305) 555-0201,P-4450,Starter motor,455.00,1,SUP-03,Atlantic Fleet Components,(954) 555-0258,,,,,,,,,,,,,,
WO-50097,2026-01-27,2026-01-29,TRK-230,15ZJWGNLH0DT85FY6,International,LT,2017,DEP-MIA,Miami Main Shop,Miami,(305) 555-0140,M01,Maria Garcia,Level 1,58.00,1.0,Suspension noise,P-7720,Fifth wheel grease,16.40,1,SUP-02,Gulf Coast Diesel Supply,(813) 555-0233,P-3302,Brake drum,214.00,4,SUP-04,Sunshine Tire & Brake,(561) 555-0277,,,,,,,,,,,,,,
WO-50098,2026-01-27,2026-01-30,TRK-227,1NZS2C3KZET3YNV4Z,Isuzu,NRR,2017,DEP-FLL,Fort Lauderdale Yard,Fort Lauderdale,(954) 555-0118,M07,Maria Johnson,Master,110.00,5.0,Suspension noise,P-4440,Alternator,498.00,3,SUP-03,Atlantic Fleet Components,(954) 555-0258,P-7702,Shock absorber,118.00,4,SUP-01,Florida Truck Parts,(305) 555-0201,,,,,,,,,,,,,,
WO-50099,2026-01-27,2026-01-29,TRK-229,15ZEB5J6BUAVTXJRN,Hino,L6,2021,DEP-TPA,Tampa Bay Shop,Tampa,(813) 555-0175,M02,Miguel Brown,Master,110.00,1.0,Suspension noise,P-7720,Fifth wheel grease,16.40,2,SUP-02,Gulf Coast Diesel Supply,(813) 555-0233,,,,,,,,,,,,,,,,,,,,,
WO-50100,2026-01-27,2026-01-28,TRK-231,1XU7JZRYDHNX7KKPR,Kenworth,T680,2023,DEP-DOR,Doral Service Center,Doral,(305) 555-0162,M11,James Thomas,Master,110.00,2.5,Wheel seal leak,P-6610,Coolant jug 1 gal,18.75,2,SUP-02,Gulf Coast Diesel Supply,(813) 555-0233,P-4450,Starter motor,455.00,3,SUP-03,Atlantic Fleet Components,(954) 555-0258,P-4401,Engine oil filter,24.75,3,SUP-02,Gulf Coast Diesel Supply,(813) 555-0233,P-7710,Wheel seal kit,41.20,2,SUP-04,Sunshine Tire & Brake,(561) 555-0277
WO-50101,2026-01-28,2026-01-28,TRK-217,1UG7U1UBYAH5Z3PE6,Peterbilt,579,2017,DEP-MIA,Miami Main Shop,Miami,(305) 555-0140,M18,Jose Brown,Master,110.00,1.5,AC not cooling cab,P-6601,AC compressor,640.00,1,SUP-03,Atlantic Fleet Components,(954) 555-0258,P-3302,Brake drum,214.00,2,SUP-04,Sunshine Tire & Brake,(561) 555-0277,,,,,,,,,,,,,,
WO-50102,2026-01-28,2026-01-30,TRK-214,1UT62YZ6MKFU8VG3S,Volvo,VNL 860,2016,DEP-DOR,Doral Service Center,Doral,(305) 555-0162,M09,Tanya Davis,Level 1,58.00,3.0,Engine warning light,P-5501,Headlight assembly,133.00,4,SUP-01,Florida Truck Parts,(305) 555-0201,P-3321,Drive tire 11R22.5,389.00,1,SUP-04,Sunshine Tire & Brake,(561) 555-0277,,,,,,,,,,,,,,
WO-50103,2026-01-28,2026-01-30,TRK-212,12AYLATERX8BJE9AX,Kenworth,T680,2017,DEP-MIA,Miami Main Shop,Miami,(305) 555-0140,M01,Maria Garcia,Level 1,58.00,5.0,Preventive maintenance service,P-4402,Fuel filter,38.40,3,SUP-02,Gulf Coast Diesel Supply,(813) 555-0233,,,,,,,,,,,,,,,,,,,,,
WO-50104,2026-01-28,2026-01-30,TRK-226,1E897MZ2T117U81K7,Hino,L6,2023,DEP-MIA,Miami Main Shop,Miami,(305) 555-0140,M05,Elena Lopez,Level 1,58.00,0.5,Tire wear on steer axle,P-7701,Leaf spring,305.00,3,SUP-01,Florida Truck Parts,(305) 555-0201,,,,,,,,,,,,,,,,,,,,,
WO-50105,2026-01-29,2026-01-29,TRK-206,1V002CEMJCG8S6KXY,Kenworth,T680,2023,DEP-DOR,Doral Service Center,Doral,(305) 555-0162,M16,Rosa Harris,Level 2,72.00,5.0,AC not cooling cab,P-7710,Wheel seal kit,41.20,2,SUP-04,Sunshine Tire & Brake,(561) 555-0277,P-4402,Fuel filter,38.40,1,SUP-02,Gulf Coast Diesel Supply,(813) 555-0233,P-4403,Air filter element,61.10,4,SUP-02,Gulf Coast Diesel Supply,(813) 555-0233,,,,,,,
WO-50106,2026-01-29,2026-01-29,TRK-224,14921JV0JDZLPLTFU,Isuzu,NRR,2019,DEP-TPA,Tampa Bay Shop,Tampa,(813) 555-0175,M11,James Thomas,Master,110.00,6.0,Coolant leak,P-6601,AC compressor,640.00,2,SUP-03,Atlantic Fleet Components,(954) 555-0258,P-4420,Serpentine belt,52.30,2,SUP-01,Florida Truck Parts,(305) 555-0201,,,,,,,,,,,,,,
WO-50107,2026-01-29,2026-01-30,TRK-216,1NWUMZ0PBSPDHG2PR,Volvo,VNL 860,2020,DEP-TPA,Tampa Bay Shop,Tampa,(813) 555-0175,M08,Ramon Ortiz,Level 3,89.00,2.5,Wheel seal leak,P-5520,Wiper blade pair,29.90,2,SUP-01,Florida Truck Parts,(305) 555-0201,P-6602,Cabin air filter,22.50,1,SUP-01,Florida Truck Parts,(305) 555-0201,P-3321,Drive tire 11R22.5,389.00,3,SUP-04,Sunshine Tire & Brake,(561) 555-0277,P-4430,Water pump,276.00,4,SUP-03,Atlantic Fleet Components,(954) 555-0258
WO-50108,2026-01-29,2026-01-31,TRK-213,1S6387WV5GDJDGTHG,Peterbilt,579,2025,DEP-TPA,Tampa Bay Shop,Tampa,(813) 555-0175,M02,Miguel Brown,Master,110.00,1.0,Charging system failure,P-3310,Air brake chamber,68.25,3,SUP-01,Florida Truck Parts,(305) 555-0201,P-5501,Headlight assembly,133.00,3,SUP-01,Florida Truck Parts,(305) 555-0201,,,,,,,,,,,,,,
WO-50109,2026-01-30,2026-01-31,TRK-231,1XU7JZRYDHNX7KKPR,Kenworth,T680,2023,DEP-MIA,Miami Main Shop,Miami,(305) 555-0140,M11,James Thomas,Master,110.00,4.0,Engine warning light,P-3301,Brake pad set,89.50,1,SUP-04,Sunshine Tire & Brake,(561) 555-0277,P-3321,Drive tire 11R22.5,389.00,2,SUP-04,Sunshine Tire & Brake,(561) 555-0277,,,,,,,,,,,,,,
WO-50110,2026-01-30,2026-01-31,TRK-202,1HU5DGS3X7K5CAU9E,Peterbilt,579,2017,DEP-FLL,Fort Lauderdale Yard,Fort Lauderdale,(954) 555-0118,M04,Rosa Jones,Level 1,58.00,2.0,DOT annual inspection,P-4440,Alternator,498.00,2,SUP-03,Atlantic Fleet Components,(954) 555-0258,,,,,,,,,,,,,,,,,,,,,
WO-50111,2026-01-30,2026-01-31,TRK-223,1JEWDNVPETU38DA0W,Volvo,VNL 860,2022,DEP-DOR,Doral Service Center,Doral,(305) 555-0162,M18,Jose Brown,Master,110.00,1.0,No start condition,P-5502,Marker lamp,14.60,2,SUP-01,Florida Truck Parts,(305) 555-0201,P-5520,Wiper blade pair,29.90,4,SUP-01,Florida Truck Parts,(305) 555-0201,,,,,,,,,,,,,,
WO-50112,2026-01-30,2026-01-31,TRK-205,1J8GYCFM42DVLT3YE,Isuzu,NRR,2018,DEP-TPA,Tampa Bay Shop,Tampa,(813) 555-0175,M16,Rosa Harris,Level 2,72.00,1.0,Tire wear on steer axle,P-3302,Brake drum,214.00,4,SUP-04,Sunshine Tire & Brake,(561) 555-0277,P-4440,Alternator,498.00,1,SUP-03,Atlantic Fleet Components,(954) 555-0258,,,,,,,,,,,,,,
WO-50113,2026-01-31,2026-02-01,TRK-228,1NB927BKE9TM7A66E,Hino,L6,2024,DEP-MIA,Miami Main Shop,Miami,(305) 555-0140,M15,Diego Jackson,Master,110.00,2.5,Preventive maintenance service,P-3302,Brake drum,214.00,4,SUP-04,Sunshine Tire & Brake,(561) 555-0277,P-4410,Diesel exhaust fluid case,45.00,3,SUP-02,Gulf Coast Diesel Supply,(813) 555-0233,,,,,,,,,,,,,,
WO-50114,2026-01-31,2026-02-01,TRK-201,1XHLZYVEE39CZPDTA,Volvo,VNL 860,2020,DEP-DOR,Doral Service Center,Doral,(305) 555-0162,M15,Diego Jackson,Master,110.00,5.0,No start condition,P-4450,Starter motor,455.00,2,SUP-03,Atlantic Fleet Components,(954) 555-0258,P-3321,Drive tire 11R22.5,389.00,4,SUP-04,Sunshine Tire & Brake,(561) 555-0277,P-4410,Diesel exhaust fluid case,45.00,3,SUP-02,Gulf Coast Diesel Supply,(813) 555-0233,,,,,,,
WO-50115,2026-01-31,2026-01-31,TRK-235,1378N31P8PYRP69D1,Peterbilt,579,2023,DEP-FLL,Fort Lauderdale Yard,Fort Lauderdale,(954) 555-0118,M03,Carlos Garcia,Master,110.00,3.0,Tire wear on steer axle,P-7710,Wheel seal kit,41.20,4,SUP-04,Sunshine Tire & Brake,(561) 555-0277,,,,,,,,,,,,,,,,,,,,,
WO-50116,2026-01-31,2026-02-01,TRK-230,15ZJWGNLH0DT85FY6,International,LT,2017,DEP-DOR,Doral Service Center,Doral,(305) 555-0162,M03,Carlos Garcia,Master,110.00,0.5,Coolant leak,P-4403,Air filter element,61.10,2,SUP-02,Gulf Coast Diesel Supply,(813) 555-0233,,,,,,,,,,,,,,,,,,,,,
WO-50117,2026-02-01,2026-02-02,TRK-231,1XU7JZRYDHNX7KKPR,Kenworth,T680,2023,DEP-MIA,Miami Main Shop,Miami,(305) 555-0140,M02,Miguel Brown,Master,110.00,0.5,Charging system failure,P-4420,Serpentine belt,52.30,4,SUP-01,Florida Truck Parts,(305) 555-0201,P-3321,Drive tire 11R22.5,389.00,1,SUP-04,Sunshine Tire & Brake,(561) 555-0277,P-7702,Shock absorber,118.00,1,SUP-01,Florida Truck Parts,(305) 555-0201,,,,,,,
WO-50118,2026-02-01,2026-02-02,TRK-240,1586KZ9M394JSHAM9,Peterbilt,579,2024,DEP-MIA,Miami Main Shop,Miami,(305) 555-0140,M04,Rosa Jones,Level 1,58.00,1.0,DOT annual inspection,P-4420,Serpentine belt,52.30,3,SUP-01,Florida Truck Parts,(305) 555-0201,P-7702,Shock absorber,118.00,3,SUP-01,Florida Truck Parts,(305) 555-0201,P-4402,Fuel filter,38.40,4,SUP-02,Gulf Coast Diesel Supply,(813) 555-0233,P-4430,Water pump,276.00,3,SUP-03,Atlantic Fleet Components,(954) 555-0258
WO-50119,2026-02-01,2026-02-02,TRK-211,17CV16P7R3NBW50AP,Volvo,VNL 860,2017,DEP-TPA,Tampa Bay Shop,Tampa,(813) 555-0175,M13,Ana Lopez,Level 2,72.00,1.0,Charging system failure,P-4420,Serpentine belt,52.30,2,SUP-01,Florida Truck Parts,(305) 555-0201,,,,,,,,,,,,,,,,,,,,,
WO-50120,2026-02-01,2026-02-01,TRK-226,1E897MZ2T117U81K7,Hino,L6,2023,DEP-DOR,Doral Service Center,Doral,(305) 555-0162,M17,Linda Perez,Level 1,58.00,5.0,Suspension noise,P-5502,Marker lamp,14.60,3,SUP-01,Florida Truck Parts,(305) 555-0201,P-4420,Serpentine belt,52.30,3,SUP-01,Florida Truck Parts,(305) 555-0201,,,,,,,,,,,,,,
WO-50121,2026-02-02,2026-02-02,TRK-234,15HWKGYAV6MP428T6,Peterbilt,579,2025,DEP-FLL,Fort Lauderdale Yard,Fort Lauderdale,(954) 555-0118,M01,Maria Garcia,Level 1,58.00,4.0,Coolant leak,P-3321,Drive tire 11R22.5,389.00,3,SUP-04,Sunshine Tire & Brake,(561) 555-0277,P-3320,Steer tire 295/75R22.5,412.00,2,SUP-04,Sunshine Tire & Brake,(561) 555-0277,P-7701,Leaf spring,305.00,4,SUP-01,Florida Truck Parts,(305) 555-0201,,,,,,,
WO-50122,2026-02-02,2026-02-03,TRK-207,1WZA1BNL3FJPV81NL,Volvo,VNL 860,2024,DEP-TPA,Tampa Bay Shop,Tampa,(813) 555-0175,M16,Rosa Harris,Level 2,72.00,4.0,Tire wear on steer axle,P-4402,Fuel filter,38.40,3,SUP-02,Gulf Coast Diesel Supply,(813) 555-0233,P-4410,Diesel exhaust fluid case,45.00,1,SUP-02,Gulf Coast Diesel Supply,(813) 555-0233,P-5502,Marker lamp,14.60,4,SUP-01,Florida Truck Parts,(305) 555-0201,,,,,,,
WO-50123,2026-02-02,2026-02-03,TRK-228,1NB927BKE9TM7A66E,Hino,L6,2024,DEP-TPA,Tampa Bay Shop,Tampa,(813) 555-0175,M15,Diego Jackson,Master,110.00,1.0,DOT annual inspection,P-6602,Cabin air filter,22.50,1,SUP-01,Florida Truck Parts,(305) 555-0201,,,,,,,,,,,,,,,,,,,,,
WO-50124,2026-02-02,2026-02-02,TRK-234,15HWKGYAV6MP428T6,Peterbilt,579,2025,DEP-MIA,Miami Main Shop,Miami,(305) 555-0140,M08,Ramon Ortiz,Level 3,89.00,4.0,Suspension noise,P-5501,Headlight assembly,133.00,1,SUP-01,Florida Truck Parts,(305) 555-0201,P-4450,Starter motor,455.00,4,SUP-03,Atlantic Fleet Components,(954) 555-0258,,,,,,,,,,,,,,
WO-50125,2026-02-03,2026-02-03,TRK-231,1XU7JZRYDHNX7KKPR,Kenworth,T680,2023,DEP-FLL,Fort Lauderdale Yard,Fort Lauderdale,(954) 555-0118,M07,Maria Johnson,Master,110.00,2.0,AC not cooling cab,P-6610,Coolant jug 1 gal,18.75,1,SUP-02,Gulf Coast Diesel Supply,(813) 555-0233,P-4430,Water pump,276.00,2,SUP-03,Atlantic Fleet Components,(954) 555-0258,,,,,,,,,,,,,,
WO-50126,2026-02-03,2026-02-05,TRK-210,1EBP2CLPU2HHEXYDK,Peterbilt,579,2019,DEP-DOR,Doral Service Center,Doral,(305) 555-0162,M09,Tanya Davis,Level 1,58.00,6.0,Brake inspection and replacement,P-7702,Shock absorber,118.00,4,SUP-01,Florida Truck Parts,(305) 555-0201,P-3302,Brake drum,214.00,4,SUP-04,Sunshine Tire & Brake,(561) 555-0277,,,,,,,,,,,,,,
WO-50127,2026-02-03,2026-02-06,TRK-215,1Y6T6NZMGNJPAXJFB,Peterbilt,579,2020,DEP-TPA,Tampa Bay Shop,Tampa,(813) 555-0175,M16,Rosa Harris,Level 2,72.00,0.5,Electrical fault in lighting,P-5502,Marker lamp,14.60,3,SUP-01,Florida Truck Parts,(305) 555-0201,P-4430,Water pump,276.00,2,SUP-03,Atlantic Fleet Components,(954) 555-0258,P-3302,Brake drum,214.00,2,SUP-04,Sunshine Tire & Brake,(561) 555-0277,,,,,,,
WO-50128,2026-02-03,2026-02-04,TRK-215,1Y6T6NZMGNJPAXJFB,Peterbilt,579,2020,DEP-TPA,Tampa Bay Shop,Tampa,(813) 555-0175,M09,Tanya Davis,Level 1,58.00,3.0,Electrical fault in lighting,P-5501,Headlight assembly,133.00,3,SUP-01,Florida Truck Parts,(305) 555-0201,,,,,,,,,,,,,,,,,,,,,
WO-50129,2026-02-04,2026-02-05,TRK-202,1HU5DGS3X7K5CAU9E,Peterbilt,579,2017,DEP-MIA,Miami Main Shop,Miami,(305) 555-0140,M08,Ramon Ortiz,Level 3,89.00,2.5,Suspension noise,P-3310,Air brake chamber,68.25,3,SUP-01,Florida Truck Parts,(305) 555-0201,P-3302,Brake drum,214.00,4,SUP-04,Sunshine Tire & Brake,(561) 555-0277,,,,,,,,,,,,,,
WO-50130,2026-02-04,2026-02-05,TRK-217,1UG7U1UBYAH5Z3PE6,Peterbilt,579,2017,DEP-FLL,Fort Lauderdale Yard,Fort Lauderdale,(954) 555-0118,M18,Jose Brown,Master,110.00,1.5,Tire wear on steer axle,P-5510,Battery group 31,189.00,1,SUP-03,Atlantic Fleet Components,(954) 555-0258,P-3301,Brake pad set,89.50,1,SUP-04,Sunshine Tire & Brake,(561) 555-0277,P-4401,Engine oil filter,24.75,1,SUP-02,Gulf Coast Diesel Supply,(813) 555-0233,,,,,,,
WO-50131,2026-02-04,2026-02-05,TRK-211,17CV16P7R3NBW50AP,Volvo,VNL 860,2017,DEP-MIA,Miami Main Shop,Miami,(305) 555-0140,M18,Jose Brown,Master,110.00,4.0,Suspension noise,P-3320,Steer tire 295/75R22.5,412.00,3,SUP-04,Sunshine Tire & Brake,(561) 555-0277,P-4403,Air filter element,61.10,4,SUP-02,Gulf Coast Diesel Supply,(813) 555-0233,P-3302,Brake drum,214.00,4,SUP-04,Sunshine Tire & Brake,(561) 555-0277,,,,,,,
WO-50132,2026-02-04,2026-02-05,TRK-225,1PGNK2CJ87WB7FKEG,Hino,L6,2020,DEP-MIA,Miami Main Shop,Miami,(305) 555-0140,M17,Linda Perez,Level 1,58.00,2.5,DOT annual inspection,P-7710,Wheel seal kit,41.20,4,SUP-04,Sunshine Tire & Brake,(561) 555-0277,P-4401,Engine oil filter,24.75,3,SUP-02,Gulf Coast Diesel Supply,(813) 555-0233,,,,,,,,,,,,,,
WO-50133,2026-02-05,2026-02-07,TRK-209,1H1B67LZHRYY5BLAZ,Peterbilt,579,2020,DEP-TPA,Tampa Bay Shop,Tampa,(813) 555-0175,M10,Linda Taylor,Level 3,89.00,2.5,No start condition,P-4420,Serpentine belt,52.30,4,SUP-01,Florida Truck Parts,(305) 555-0201,,,,,,,,,,,,,,,,,,,,,
WO-50134,2026-02-05,2026-02-06,TRK-209,1H1B67LZHRYY5BLAZ,Peterbilt,579,2020,DEP-FLL,Fort Lauderdale Yard,Fort Lauderdale,(954) 555-0118,M10,Linda Taylor,Level 3,89.00,2.5,AC not cooling cab,P-3320,Steer tire 295/75R22.5,412.00,3,SUP-04,Sunshine Tire & Brake,(561) 555-0277,P-6601,AC compressor,640.00,4,SUP-03,Atlantic Fleet Components,(954) 555-0258,,,,,,,,,,,,,,
WO-50135,2026-02-05,2026-02-06,TRK-207,1WZA1BNL3FJPV81NL,Volvo,VNL 860,2024,DEP-FLL,Fort Lauderdale Yard,Fort Lauderdale,(954) 555-0118,M13,Ana Lopez,Level 2,72.00,5.0,Tire wear on steer axle,P-7710,Wheel seal kit,41.20,1,SUP-04,Sunshine Tire & Brake,(561) 555-0277,P-5510,Battery group 31,189.00,3,SUP-03,Atlantic Fleet Components,(954) 555-0258,P-4402,Fuel filter,38.40,3,SUP-02,Gulf Coast Diesel Supply,(813) 555-0233,,,,,,,
WO-50136,2026-02-05,2026-02-05,TRK-211,17CV16P7R3NBW50AP,Volvo,VNL 860,2017,DEP-DOR,Doral Service Center,Doral,(305) 555-0162,M18,Jose Brown,Master,110.00,3.0,Brake inspection and replacement,P-6610,Coolant jug 1 gal,18.75,2,SUP-02,Gulf Coast Diesel Supply,(813) 555-0233,P-4401,Engine oil filter,24.75,4,SUP-02,Gulf Coast Diesel Supply,(813) 555-0233,,,,,,,,,,,,,,
WO-50137,2026-02-06,2026-02-08,TRK-209,1H1B67LZHRYY5BLAZ,Peterbilt,579,2020,DEP-FLL,Fort Lauderdale Yard,Fort Lauderdale,(954) 555-0118,M15,Diego Jackson,Master,110.00,1.0,Coolant leak,P-4410,Diesel exhaust fluid case,45.00,2,SUP-02,Gulf Coast Diesel Supply,(813) 555-0233,P-3321,Drive tire 11R22.5,389.00,2,SUP-04,Sunshine Tire & Brake,(561) 555-0277,,,,,,,,,,,,,,
WO-50138,2026-02-06,2026-02-06,TRK-224,14921JV0JDZLPLTFU,Isuzu,NRR,2019,DEP-TPA,Tampa Bay Shop,Tampa,(813) 555-0175,M11,James Thomas,Master,110.00,1.0,Electrical fault in lighting,P-4430,Water pump,276.00,2,SUP-03,Atlantic Fleet Components,(954) 555-0258,,,,,,,,,,,,,,,,,,,,,
WO-50139,2026-02-06,2026-02-06,TRK-209,1H1B67LZHRYY5BLAZ,Peterbilt,579,2020,DEP-TPA,Tampa Bay Shop,Tampa,(813) 555-0175,M16,Rosa Harris,Level 2,72.00,0.5,Wheel seal leak,P-4430,Water pump,276.00,3,SUP-03,Atlantic Fleet Components,(954) 555-0258,,,,,,,,,,,,,,,,,,,,,
WO-50140,2026-02-06,2026-02-07,TRK-228,1NB927BKE9TM7A66E,Hino,L6,2024,DEP-TPA,Tampa Bay Shop,Tampa,(813) 555-0175,M03,Carlos Garcia,Master,110.00,2.0,DOT annual inspection,P-4410,Diesel exhaust fluid case,45.00,1,SUP-02,Gulf Coast Diesel Supply,(813) 555-0233,P-4450,Starter motor,455.00,4,SUP-03,Atlantic Fleet Components,(954) 555-0258,P-7720,Fifth wheel grease,16.40,1,SUP-02,Gulf Coast Diesel Supply,(813) 555-0233,,,,,,,
WO-50141,2026-02-07,2026-02-08,TRK-221,15N7XGPGJ7JK2RKR2,Volvo,VNL 860,2020,DEP-DOR,Doral Service Center,Doral,(305) 555-0162,M03,Carlos Garcia,Master,110.00,1.5,Charging system failure,P-3302,Brake drum,214.00,1,SUP-04,Sunshine Tire & Brake,(561) 555-0277,,,,,,,,,,,,,,,,,,,,,
WO-50142,2026-02-07,2026-02-09,TRK-217,1UG7U1UBYAH5Z3PE6,Peterbilt,579,2017,DEP-FLL,Fort Lauderdale Yard,Fort Lauderdale,(954) 555-0118,M04,Rosa Jones,Level 1,58.00,2.5,Engine warning light,P-6601,AC compressor,640.00,1,SUP-03,Atlantic Fleet Components,(954) 555-0258,P-6602,Cabin air filter,22.50,2,SUP-01,Florida Truck Parts,(305) 555-0201,P-6610,Coolant jug 1 gal,18.75,3,SUP-02,Gulf Coast Diesel Supply,(813) 555-0233,,,,,,,
WO-50143,2026-02-07,2026-02-09,TRK-236,1S7R5LH94J1YRYAXF,Peterbilt,579,2019,DEP-FLL,Fort Lauderdale Yard,Fort Lauderdale,(954) 555-0118,M09,Tanya Davis,Level 1,58.00,3.0,Engine warning light,P-7720,Fifth wheel grease,16.40,1,SUP-02,Gulf Coast Diesel Supply,(813) 555-0233,P-3302,Brake drum,214.00,2,SUP-04,Sunshine Tire & Brake,(561) 555-0277,P-4401,Engine oil filter,24.75,3,SUP-02,Gulf Coast Diesel Supply,(813) 555-0233,,,,,,,
WO-50144,2026-02-07,2026-02-10,TRK-203,1S0WX3UDH042GEVDN,Peterbilt,579,2017,DEP-DOR,Doral Service Center,Doral,(305) 555-0162,M10,Linda Taylor,Level 3,89.00,4.0,Charging system failure,P-7720,Fifth wheel grease,16.40,1,SUP-02,Gulf Coast Diesel Supply,(813) 555-0233,,,,,,,,,,,,,,,,,,,,,
WO-50145,2026-02-08,2026-02-08,TRK-202,1HU5DGS3X7K5CAU9E,Peterbilt,579,2017,DEP-MIA,Miami Main Shop,Miami,(305) 555-0140,M15,Diego Jackson,Master,110.00,3.0,Coolant leak,P-5520,Wiper blade pair,29.90,1,SUP-01,Florida Truck Parts,(305) 555-0201,,,,,,,,,,,,,,,,,,,,,
WO-50146,2026-02-08,2026-02-10,TRK-203,1S0WX3UDH042GEVDN,Peterbilt,579,2017,DEP-DOR,Doral Service Center,Doral,(305) 555-0162,M12,Tanya Harris,Level 2,72.00,1.0,Coolant leak,P-5510,Battery group 31,189.00,3,SUP-03,Atlantic Fleet Components,(954) 555-0258,P-6610,Coolant jug 1 gal,18.75,2,SUP-02,Gulf Coast Diesel Supply,(813) 555-0233,,,,,,,,,,,,,,
WO-50147,2026-02-08,2026-02-09,TRK-215,1Y6T6NZMGNJPAXJFB,Peterbilt,579,2020,DEP-TPA,Tampa Bay Shop,Tampa,(813) 555-0175,M11,James Thomas,Master,110.00,3.0,Tire wear on steer axle,P-3321,Drive tire 11R22.5,389.00,1,SUP-04,Sunshine Tire & Brake,(561) 555-0277,P-3310,Air brake chamber,68.25,2,SUP-01,Florida Truck Parts,(305) 555-0201,,,,,,,,,,,,,,
WO-50148,2026-02-08,2026-02-09,TRK-223,1JEWDNVPETU38DA0W,Volvo,VNL 860,2022,DEP-FLL,Fort Lauderdale Yard,Fort Lauderdale,(954) 555-0118,M10,Linda Taylor,Level 3,89.00,5.0,Charging system failure,P-7702,Shock absorber,118.00,2,SUP-01,Florida Truck Parts,(305) 555-0201,P-5502,Marker lamp,14.60,2,SUP-01,Florida Truck Parts,(305) 555-0201,P-3320,Steer tire 295/75R22.5,412.00,3,SUP-04,Sunshine Tire & Brake,(561) 555-0277,P-4401,Engine oil filter,24.75,1,SUP-02,Gulf Coast Diesel Supply,(813) 555-0233
WO-50149,2026-02-09,2026-02-10,TRK-233,19FG3D3EV8XZ9EHE2,Hino,L6,2021,DEP-FLL,Fort Lauderdale Yard,Fort Lauderdale,(954) 555-0118,M11,James Thomas,Master,110.00,5.0,Engine warning light,P-3320,Steer tire 295/75R22.5,412.00,2,SUP-04,Sunshine Tire & Brake,(561) 555-0277,P-4403,Air filter element,61.10,2,SUP-02,Gulf Coast Diesel Supply,(813) 555-0233,,,,,,,,,,,,,,
WO-50150,2026-02-09,2026-02-11,TRK-227,1NZS2C3KZET3YNV4Z,Isuzu,NRR,2017,DEP-TPA,Tampa Bay Shop,Tampa,(813) 555-0175,M08,Ramon Ortiz,Level 3,89.00,0.5,Engine warning light,P-7710,Wheel seal kit,41.20,4,SUP-04,Sunshine Tire & Brake,(561) 555-0277,P-4402,Fuel filter,38.40,4,SUP-02,Gulf Coast Diesel Supply,(813) 555-0233,P-4403,Air filter element,61.10,1,SUP-02,Gulf Coast Diesel Supply,(813) 555-0233,,,,,,,
WO-50151,2026-02-09,2026-02-12,TRK-224,14921JV0JDZLPLTFU,Isuzu,NRR,2019,DEP-TPA,Tampa Bay Shop,Tampa,(813) 555-0175,M11,James Thomas,Master,110.00,6.0,Preventive maintenance service,P-3310,Air brake chamber,68.25,4,SUP-01,Florida Truck Parts,(305) 555-0201,P-5520,Wiper blade pair,29.90,3,SUP-01,Florida Truck Parts,(305) 555-0201,,,,,,,,,,,,,,
WO-50152,2026-02-09,2026-02-11,TRK-236,1S7R5LH94J1YRYAXF,Peterbilt,579,2019,DEP-DOR,Doral Service Center,Doral,(305) 555-0162,M10,Linda Taylor,Level 3,89.00,2.0,No start condition,P-4410,Diesel exhaust fluid case,45.00,1,SUP-02,Gulf Coast Diesel Supply,(813) 555-0233,P-4440,Alternator,498.00,2,SUP-03,Atlantic Fleet Components,(954) 555-0258,,,,,,,,,,,,,,
WO-50153,2026-02-10,2026-02-11,TRK-232,1GF7C9ZMVR2JDUCNT,Volvo,VNL 860,2025,DEP-TPA,Tampa Bay Shop,Tampa,(813) 555-0175,M15,Diego Jackson,Master,110.00,4.0,DOT annual inspection,P-4403,Air filter element,61.10,2,SUP-02,Gulf Coast Diesel Supply,(813) 555-0233,,,,,,,,,,,,,,,,,,,,,
WO-50154,2026-02-10,2026-02-13,TRK-211,17CV16P7R3NBW50AP,Volvo,VNL 860,2017,DEP-DOR,Doral Service Center,Doral,(305) 555-0162,M17,Linda Perez,Level 1,58.00,2.5,DOT annual inspection,P-4401,Engine oil filter,24.75,4,SUP-02,Gulf Coast Diesel Supply,(813) 555-0233,,,,,,,,,,,,,,,,,,,,,
WO-50155,2026-02-10,2026-02-10,TRK-232,1GF7C9ZMVR2JDUCNT,Volvo,VNL 860,2025,DEP-MIA,Miami Main Shop,Miami,(305) 555-0140,M18,Jose Brown,Master,110.00,0.5,Engine warning light,P-5501,Headlight assembly,133.00,2,SUP-01,Florida Truck Parts,(305) 555-0201,,,,,,,,,,,,,,,,,,,,,
WO-50156,2026-02-10,2026-02-11,TRK-239,1BUYTB964LB6D4X19,Peterbilt,579,2019,DEP-MIA,Miami Main Shop,Miami,(305) 555-0140,M05,Elena Lopez,Level 1,58.00,4.0,Brake inspection and replacement,P-5520,Wiper blade pair,29.90,2,SUP-01,Florida Truck Parts,(305) 555-0201,P-3302,Brake drum,214.00,2,SUP-04,Sunshine Tire & Brake,(561) 555-0277,,,,,,,,,,,,,,
WO-50157,2026-02-11,2026-02-12,TRK-236,1S7R5LH94J1YRYAXF,Peterbilt,579,2019,DEP-TPA,Tampa Bay Shop,Tampa,(813) 555-0175,M04,Rosa Jones,Level 1,58.00,0.5,Tire wear on steer axle,P-4402,Fuel filter,38.40,3,SUP-02,Gulf Coast Diesel Supply,(813) 555-0233,P-4440,Alternator,498.00,2,SUP-03,Atlantic Fleet Components,(954) 555-0258,P-4420,Serpentine belt,52.30,2,SUP-01,Florida Truck Parts,(305) 555-0201,P-5501,Headlight assembly,133.00,4,SUP-01,Florida Truck Parts,(305) 555-0201
WO-50158,2026-02-11,2026-02-13,TRK-229,15ZEB5J6BUAVTXJRN,Hino,L6,2021,DEP-TPA,Tampa Bay Shop,Tampa,(813) 555-0175,M03,Carlos Garcia,Master,110.00,6.0,Wheel seal leak,P-5502,Marker lamp,14.60,1,SUP-01,Florida Truck Parts,(305) 555-0201,P-3320,Steer tire 295/75R22.5,412.00,3,SUP-04,Sunshine Tire & Brake,(561) 555-0277,P-4402,Fuel filter,38.40,3,SUP-02,Gulf Coast Diesel Supply,(813) 555-0233,,,,,,,
WO-50159,2026-02-11,2026-02-12,TRK-230,15ZJWGNLH0DT85FY6,International,LT,2017,DEP-DOR,Doral Service Center,Doral,(305) 555-0162,M03,Carlos Garcia,Master,110.00,2.0,Engine warning light,P-5510,Battery group 31,189.00,4,SUP-03,Atlantic Fleet Components,(954) 555-0258,P-4430,Water pump,276.00,2,SUP-03,Atlantic Fleet Components,(954) 555-0258,,,,,,,,,,,,,,
WO-50160,2026-02-11,2026-02-14,TRK-231,1XU7JZRYDHNX7KKPR,Kenworth,T680,2023,DEP-MIA,Miami Main Shop,Miami,(305) 555-0140,M13,Ana Lopez,Level 2,72.00,2.5,Electrical fault in lighting,P-3310,Air brake chamber,68.25,1,SUP-01,Florida Truck Parts,(305) 555-0201,P-5520,Wiper blade pair,29.90,4,SUP-01,Florida Truck Parts,(305) 555-0201,P-6610,Coolant jug 1 gal,18.75,3,SUP-02,Gulf Coast Diesel Supply,(813) 555-0233,,,,,,,
WO-50161,2026-02-12,2026-02-12,TRK-211,17CV16P7R3NBW50AP,Volvo,VNL 860,2017,DEP-MIA,Miami Main Shop,Miami,(305) 555-0140,M18,Jose Brown,Master,110.00,1.0,Tire wear on steer axle,P-4420,Serpentine belt,52.30,4,SUP-01,Florida Truck Parts,(305) 555-0201,P-3301,Brake pad set,89.50,3,SUP-04,Sunshine Tire & Brake,(561) 555-0277,P-3321,Drive tire 11R22.5,389.00,2,SUP-04,Sunshine Tire & Brake,(561) 555-0277,P-5502,Marker lamp,14.60,4,SUP-01,Florida Truck Parts,(305) 555-0201
WO-50162,2026-02-12,2026-02-15,TRK-226,1E897MZ2T117U81K7,Hino,L6,2023,DEP-FLL,Fort Lauderdale Yard,Fort Lauderdale,(954) 555-0118,M03,Carlos Garcia,Master,110.00,3.0,No start condition,P-6602,Cabin air filter,22.50,4,SUP-01,Florida Truck Parts,(305) 555-0201,P-7701,Leaf spring,305.00,4,SUP-01,Florida Truck Parts,(305) 555-0201,,,,,,,,,,,,,,
WO-50163,2026-02-12,2026-02-14,TRK-226,1E897MZ2T117U81K7,Hino,L6,2023,DEP-DOR,Doral Service Center,Doral,(305) 555-0162,M10,Linda Taylor,Level 3,89.00,1.5,DOT annual inspection,P-5520,Wiper blade pair,29.90,4,SUP-01,Florida Truck Parts,(305) 555-0201,P-3320,Steer tire 295/75R22.5,412.00,3,SUP-04,Sunshine Tire & Brake,(561) 555-0277,,,,,,,,,,,,,,
WO-50164,2026-02-12,2026-02-12,TRK-230,15ZJWGNLH0DT85FY6,International,LT,2017,DEP-DOR,Doral Service Center,Doral,(305) 555-0162,M13,Ana Lopez,Level 2,72.00,2.0,Engine warning light,P-7720,Fifth wheel grease,16.40,3,SUP-02,Gulf Coast Diesel Supply,(813) 555-0233,,,,,,,,,,,,,,,,,,,,,
WO-50165,2026-02-13,2026-02-15,TRK-235,1378N31P8PYRP69D1,Peterbilt,579,2023,DEP-FLL,Fort Lauderdale Yard,Fort Lauderdale,(954) 555-0118,M03,Carlos Garcia,Master,110.00,2.0,Engine warning light,P-7720,Fifth wheel grease,16.40,1,SUP-02,Gulf Coast Diesel Supply,(813) 555-0233,P-7702,Shock absorber,118.00,2,SUP-01,Florida Truck Parts,(305) 555-0201,,,,,,,,,,,,,,
WO-50166,2026-02-13,2026-02-16,TRK-219,1MD3B0C4AZ6JP3BP6,Isuzu,NRR,2023,DEP-MIA,Miami Main Shop,Miami,(305) 555-0140,M16,Rosa Harris,Level 2,72.00,4.0,Engine warning light,P-4403,Air filter element,61.10,3,SUP-02,Gulf Coast Diesel Supply,(813) 555-0233,,,,,,,,,,,,,,,,,,,,,
WO-50167,2026-02-13,2026-02-13,TRK-224,14921JV0JDZLPLTFU,Isuzu,NRR,2019,DEP-FLL,Fort Lauderdale Yard,Fort Lauderdale,(954) 555-0118,M14,Ana Johnson,Level 1,58.00,6.0,Engine warning light,P-5501,Headlight assembly,133.00,1,SUP-01,Florida Truck Parts,(305) 555-0201,P-5520,Wiper blade pair,29.90,2,SUP-01,Florida Truck Parts,(305) 555-0201,,,,,,,,,,,,,,
WO-50168,2026-02-13,2026-02-14,TRK-218,14LV5F5M9JYBJ439E,Freightliner,Cascadia,2019,DEP-MIA,Miami Main Shop,Miami,(305) 555-0140,M04,Rosa Jones,Level 1,58.00,1.5,Wheel seal leak,P-4402,Fuel filter,38.40,3,SUP-02,Gulf Coast Diesel Supply,(813) 555-0233,P-6602,Cabin air filter,22.50,4,SUP-01,Florida Truck Parts,(305) 555-0201,P-3301,Brake pad set,89.50,3,SUP-04,Sunshine Tire & Brake,(561) 555-0277,P-4401,Engine oil filter,24.75,4,SUP-02,Gulf Coast Diesel Supply,(813) 555-0233
WO-50169,2026-02-14,2026-02-15,TRK-209,1H1B67LZHRYY5BLAZ,Peterbilt,579,2020,DEP-FLL,Fort Lauderdale Yard,Fort Lauderdale,(954) 555-0118,M15,Diego Jackson,Master,110.00,3.0,Charging system failure,P-4450,Starter motor,455.00,4,SUP-03,Atlantic Fleet Components,(954) 555-0258,,,,,,,,,,,,,,,,,,,,,
WO-50170,2026-02-14,2026-02-16,TRK-228,1NB927BKE9TM7A66E,Hino,L6,2024,DEP-TPA,Tampa Bay Shop,Tampa,(813) 555-0175,M11,James Thomas,Master,110.00,2.0,Charging system failure,P-7701,Leaf spring,305.00,1,SUP-01,Florida Truck Parts,(305) 555-0201,P-4401,Engine oil filter,24.75,2,SUP-02,Gulf Coast Diesel Supply,(813) 555-0233,,,,,,,,,,,,,,
WO-50171,2026-02-14,2026-02-14,TRK-223,1JEWDNVPETU38DA0W,Volvo,VNL 860,2022,DEP-FLL,Fort Lauderdale Yard,Fort Lauderdale,(954) 555-0118,M02,Miguel Brown,Master,110.00,1.5,Brake inspection and replacement,P-3310,Air brake chamber,68.25,1,SUP-01,Florida Truck Parts,(305) 555-0201,,,,,,,,,,,,,,,,,,,,,
WO-50172,2026-02-14,2026-02-15,TRK-222,111U8J1213VDCX5BD,Kenworth,T680,2024,DEP-DOR,Doral Service Center,Doral,(305) 555-0162,M01,Maria Garcia,Level 1,58.00,2.5,Charging system failure,P-3310,Air brake chamber,68.25,4,SUP-01,Florida Truck Parts,(305) 555-0201,P-6610,Coolant jug 1 gal,18.75,1,SUP-02,Gulf Coast Diesel Supply,(813) 555-0233,P-4450,Starter motor,455.00,2,SUP-03,Atlantic Fleet Components,(954) 555-0258,P-4410,Diesel exhaust fluid case,45.00,4,SUP-02,Gulf Coast Diesel Supply,(813) 555-0233
WO-50173,2026-02-15,2026-02-15,TRK-239,1BUYTB964LB6D4X19,Peterbilt,579,2019,DEP-MIA,Miami Main Shop,Miami,(305) 555-0140,M18,Jose Brown,Master,110.00,3.0,Tire wear on steer axle,P-6602,Cabin air filter,22.50,3,SUP-01,Florida Truck Parts,(305) 555-0201,P-5520,Wiper blade pair,29.90,3,SUP-01,Florida Truck Parts,(305) 555-0201,,,,,,,,,,,,,,
WO-50174,2026-02-15,2026-02-16,TRK-228,1NB927BKE9TM7A66E,Hino,L6,2024,DEP-FLL,Fort Lauderdale Yard,Fort Lauderdale,(954) 555-0118,M13,Ana Lopez,Level 2,72.00,5.0,Electrical fault in lighting,P-7720,Fifth wheel grease,16.40,3,SUP-02,Gulf Coast Diesel Supply,(813) 555-0233,,,,,,,,,,,,,,,,,,,,,
WO-50175,2026-02-15,2026-02-15,TRK-209,1H1B67LZHRYY5BLAZ,Peterbilt,579,2020,DEP-DOR,Doral Service Center,Doral,(305) 555-0162,M04,Rosa Jones,Level 1,58.00,1.5,Electrical fault in lighting,P-7720,Fifth wheel grease,16.40,1,SUP-02,Gulf Coast Diesel Supply,(813) 555-0233,P-4420,Serpentine belt,52.30,1,SUP-01,Florida Truck Parts,(305) 555-0201,P-5510,Battery group 31,189.00,4,SUP-03,Atlantic Fleet Components,(954) 555-0258,,,,,,,
WO-50176,2026-02-15,2026-02-18,TRK-201,1XHLZYVEE39CZPDTA,Volvo,VNL 860,2020,DEP-DOR,Doral Service Center,Doral,(305) 555-0162,M07,Maria Johnson,Master,110.00,5.0,Electrical fault in lighting,P-7710,Wheel seal kit,41.20,1,SUP-04,Sunshine Tire & Brake,(561) 555-0277,,,,,,,,,,,,,,,,,,,,,
WO-50177,2026-02-16,2026-02-17,TRK-209,1H1B67LZHRYY5BLAZ,Peterbilt,579,2020,DEP-FLL,Fort Lauderdale Yard,Fort Lauderdale,(954) 555-0118,M08,Ramon Ortiz,Level 3,89.00,5.0,Coolant leak,P-3320,Steer tire 295/75R22.5,412.00,1,SUP-04,Sunshine Tire & Brake,(561) 555-0277,P-5502,Marker lamp,14.60,2,SUP-01,Florida Truck Parts,(305) 555-0201,,,,,,,,,,,,,,
WO-50178,2026-02-16,2026-02-16,TRK-231,1XU7JZRYDHNX7KKPR,Kenworth,T680,2023,DEP-TPA,Tampa Bay Shop,Tampa,(813) 555-0175,M17,Linda Perez,Level 1,58.00,6.0,Brake inspection and replacement,P-4440,Alternator,498.00,1,SUP-03,Atlantic Fleet Components,(954) 555-0258,,,,,,,,,,,,,,,,,,,,,
WO-50179,2026-02-16,2026-02-19,TRK-203,1S0WX3UDH042GEVDN,Peterbilt,579,2017,DEP-DOR,Doral Service Center,Doral,(305) 555-0162,M11,James Thomas,Master,110.00,1.0,Coolant leak,P-7720,Fifth wheel grease,16.40,2,SUP-02,Gulf Coast Diesel Supply,(813) 555-0233,P-5510,Battery group 31,189.00,2,SUP-03,Atlantic Fleet Components,(954) 555-0258,,,,,,,,,,,,,,
WO-50180,2026-02-16,2026-02-16,TRK-209,1H1B67LZHRYY5BLAZ,Peterbilt,579,2020,DEP-DOR,Doral Service Center,Doral,(305) 555-0162,M17,Linda Perez,Level 1,58.00,1.0,No start condition,P-5520,Wiper blade pair,29.90,1,SUP-01,Florida Truck Parts,(305) 555-0201,P-7710,Wheel seal kit,41.20,1,SUP-04,Sunshine Tire & Brake,(561) 555-0277,,,,,,,,,,,,,,
WO-50181,2026-02-17,2026-02-20,TRK-201,1XHLZYVEE39CZPDTA,Volvo,VNL 860,2020,DEP-FLL,Fort Lauderdale Yard,Fort Lauderdale,(954) 555-0118,M09,Tanya Davis,Level 1,58.00,5.0,Charging system failure,P-7702,Shock absorber,118.00,2,SUP-01,Florida Truck Parts,(305) 555-0201,P-4410,Diesel exhaust fluid case,45.00,3,SUP-02,Gulf Coast Diesel Supply,(813) 555-0233,P-7701,Leaf spring,305.00,4,SUP-01,Florida Truck Parts,(305) 555-0201,P-5501,Headlight assembly,133.00,4,SUP-01,Florida Truck Parts,(305) 555-0201
WO-50182,2026-02-17,2026-02-18,TRK-235,1378N31P8PYRP69D1,Peterbilt,579,2023,DEP-DOR,Doral Service Center,Doral,(305) 555-0162,M14,Ana Johnson,Level 1,58.00,1.5,Wheel seal leak,P-6601,AC compressor,640.00,3,SUP-03,Atlantic Fleet Components,(954) 555-0258,P-7710,Wheel seal kit,41.20,3,SUP-04,Sunshine Tire & Brake,(561) 555-0277,,,,,,,,,,,,,,
WO-50183,2026-02-17,2026-02-17,TRK-221,15N7XGPGJ7JK2RKR2,Volvo,VNL 860,2020,DEP-TPA,Tampa Bay Shop,Tampa,(813) 555-0175,M02,Miguel Brown,Master,110.00,0.5,DOT annual inspection,P-3301,Brake pad set,89.50,3,SUP-04,Sunshine Tire & Brake,(561) 555-0277,P-3302,Brake drum,214.00,1,SUP-04,Sunshine Tire & Brake,(561) 555-0277,,,,,,,,,,,,,,
WO-50184,2026-02-17,2026-02-18,TRK-222,111U8J1213VDCX5BD,Kenworth,T680,2024,DEP-DOR,Doral Service Center,Doral,(305) 555-0162,M17,Linda Perez,Level 1,58.00,0.5,Wheel seal leak,P-5502,Marker lamp,14.60,2,SUP-01,Florida Truck Parts,(305) 555-0201,P-7701,Leaf spring,305.00,2,SUP-01,Florida Truck Parts,(305) 555-0201,,,,,,,,,,,,,,
WO-50185,2026-02-18,2026-02-19,TRK-237,1G1FW0N0YUFEWGXHD,Freightliner,Cascadia,2020,DEP-FLL,Fort Lauderdale Yard,Fort Lauderdale,(954) 555-0118,M02,Miguel Brown,Master,110.00,3.0,Wheel seal leak,P-6601,AC compressor,640.00,2,SUP-03,Atlantic Fleet Components,(954) 555-0258,P-4450,Starter motor,455.00,1,SUP-03,Atlantic Fleet Components,(954) 555-0258,,,,,,,,,,,,,,
WO-50186,2026-02-18,2026-02-19,TRK-205,1J8GYCFM42DVLT3YE,Isuzu,NRR,2018,DEP-DOR,Doral Service Center,Doral,(305) 555-0162,M17,Linda Perez,Level 1,58.00,6.0,Suspension noise,P-4430,Water pump,276.00,2,SUP-03,Atlantic Fleet Components,(954) 555-0258,,,,,,,,,,,,,,,,,,,,,
WO-50187,2026-02-18,2026-02-18,TRK-238,15FSYL4JJ55L6SRE5,Isuzu,NRR,2016,DEP-MIA,Miami Main Shop,Miami,(305) 555-0140,M13,Ana Lopez,Level 2,72.00,5.0,Brake inspection and replacement,P-4450,Starter motor,455.00,4,SUP-03,Atlantic Fleet Components,(954) 555-0258,P-4410,Diesel exhaust fluid case,45.00,4,SUP-02,Gulf Coast Diesel Supply,(813) 555-0233,P-6601,AC compressor,640.00,1,SUP-03,Atlantic Fleet Components,(954) 555-0258,,,,,,,
WO-50188,2026-02-18,2026-02-19,TRK-207,1WZA1BNL3FJPV81NL,Volvo,VNL 860,2024,DEP-TPA,Tampa Bay Shop,Tampa,(813) 555-0175,M03,Carlos Garcia,Master,110.00,2.0,Engine warning light,P-7702,Shock absorber,118.00,2,SUP-01,Florida Truck Parts,(305) 555-0201,,,,,,,,,,,,,,,,,,,,,
WO-50189,2026-02-19,2026-02-20,TRK-238,15FSYL4JJ55L6SRE5,Isuzu,NRR,2016,DEP-FLL,Fort Lauderdale Yard,Fort Lauderdale,(954) 555-0118,M05,Elena Lopez,Level 1,58.00,0.5,Coolant leak,P-7720,Fifth wheel grease,16.40,2,SUP-02,Gulf Coast Diesel Supply,(813) 555-0233,P-3301,Brake pad set,89.50,1,SUP-04,Sunshine Tire & Brake,(561) 555-0277,P-7702,Shock absorber,118.00,3,SUP-01,Florida Truck Parts,(305) 555-0201,,,,,,,
WO-50190,2026-02-19,2026-02-20,TRK-238,15FSYL4JJ55L6SRE5,Isuzu,NRR,2016,DEP-TPA,Tampa Bay Shop,Tampa,(813) 555-0175,M18,Jose Brown,Master,110.00,6.0,Wheel seal leak,P-3301,Brake pad set,89.50,3,SUP-04,Sunshine Tire & Brake,(561) 555-0277,P-5510,Battery group 31,189.00,4,SUP-03,Atlantic Fleet Components,(954) 555-0258,,,,,,,,,,,,,,
WO-50191,2026-02-19,2026-02-22,TRK-229,15ZEB5J6BUAVTXJRN,Hino,L6,2021,DEP-FLL,Fort Lauderdale Yard,Fort Lauderdale,(954) 555-0118,M18,Jose Brown,Master,110.00,6.0,Tire wear on steer axle,P-5510,Battery group 31,189.00,3,SUP-03,Atlantic Fleet Components,(954) 555-0258,P-4410,Diesel exhaust fluid case,45.00,4,SUP-02,Gulf Coast Diesel Supply,(813) 555-0233,P-3310,Air brake chamber,68.25,2,SUP-01,Florida Truck Parts,(305) 555-0201,,,,,,,
WO-50192,2026-02-19,2026-02-20,TRK-212,12AYLATERX8BJE9AX,Kenworth,T680,2017,DEP-MIA,Miami Main Shop,Miami,(305) 555-0140,M05,Elena Lopez,Level 1,58.00,3.0,Wheel seal leak,P-5501,Headlight assembly,133.00,4,SUP-01,Florida Truck Parts,(305) 555-0201,,,,,,,,,,,,,,,,,,,,,
WO-50193,2026-02-20,2026-02-21,TRK-235,1378N31P8PYRP69D1,Peterbilt,579,2023,DEP-MIA,Miami Main Shop,Miami,(305) 555-0140,M11,James Thomas,Master,110.00,1.5,Coolant leak,P-4450,Starter motor,455.00,3,SUP-03,Atlantic Fleet Components,(954) 555-0258,,,,,,,,,,,,,,,,,,,,,
WO-50194,2026-02-20,2026-02-22,TRK-234,15HWKGYAV6MP428T6,Peterbilt,579,2025,DEP-TPA,Tampa Bay Shop,Tampa,(813) 555-0175,M13,Ana Lopez,Level 2,72.00,3.0,Wheel seal leak,P-6610,Coolant jug 1 gal,18.75,3,SUP-02,Gulf Coast Diesel Supply,(813) 555-0233,P-4420,Serpentine belt,52.30,2,SUP-01,Florida Truck Parts,(305) 555-0201,,,,,,,,,,,,,,
WO-50195,2026-02-20,2026-02-21,TRK-227,1NZS2C3KZET3YNV4Z,Isuzu,NRR,2017,DEP-TPA,Tampa Bay Shop,Tampa,(813) 555-0175,M17,Linda Perez,Level 1,58.00,4.0,Tire wear on steer axle,P-3310,Air brake chamber,68.25,4,SUP-01,Florida Truck Parts,(305) 555-0201,P-4402,Fuel filter,38.40,4,SUP-02,Gulf Coast Diesel Supply,(813) 555-0233,P-3321,Drive tire 11R22.5,389.00,1,SUP-04,Sunshine Tire & Brake,(561) 555-0277,,,,,,,
WO-50196,2026-02-20,2026-02-22,TRK-207,1WZA1BNL3FJPV81NL,Volvo,VNL 860,2024,DEP-TPA,Tampa Bay Shop,Tampa,(813) 555-0175,M09,Tanya Davis,Level 1,58.00,5.0,Suspension noise,P-3301,Brake pad set,89.50,3,SUP-04,Sunshine Tire & Brake,(561) 555-0277,P-4401,Engine oil filter,24.75,3,SUP-02,Gulf Coast Diesel Supply,(813) 555-0233,P-3310,Air brake chamber,68.25,2,SUP-01,Florida Truck Parts,(305) 555-0201,,,,,,,
WO-50197,2026-02-21,2026-02-21,TRK-235,1378N31P8PYRP69D1,Peterbilt,579,2023,DEP-DOR,Doral Service Center,Doral,(305) 555-0162,M01,Maria Garcia,Level 1,58.00,2.5,Coolant leak,P-7720,Fifth wheel grease,16.40,3,SUP-02,Gulf Coast Diesel Supply,(813) 555-0233,P-4403,Air filter element,61.10,4,SUP-02,Gulf Coast Diesel Supply,(813) 555-0233,,,,,,,,,,,,,,
WO-50198,2026-02-21,2026-02-21,TRK-233,19FG3D3EV8XZ9EHE2,Hino,L6,2021,DEP-MIA,Miami Main Shop,Miami,(305) 555-0140,M12,Tanya Harris,Level 2,72.00,4.0,Tire wear on steer axle,P-7702,Shock absorber,118.00,1,SUP-01,Florida Truck Parts,(305) 555-0201,P-3320,Steer tire 295/75R22.5,412.00,4,SUP-04,Sunshine Tire & Brake,(561) 555-0277,,,,,,,,,,,,,,
WO-50199,2026-02-21,2026-02-21,TRK-231,1XU7JZRYDHNX7KKPR,Kenworth,T680,2023,DEP-FLL,Fort Lauderdale Yard,Fort Lauderdale,(954) 555-0118,M10,Linda Taylor,Level 3,89.00,1.0,Suspension noise,P-4401,Engine oil filter,24.75,1,SUP-02,Gulf Coast Diesel Supply,(813) 555-0233,P-3302,Brake drum,214.00,2,SUP-04,Sunshine Tire & Brake,(561) 555-0277,,,,,,,,,,,,,,
WO-50200,2026-02-21,2026-02-24,TRK-213,1S6387WV5GDJDGTHG,Peterbilt,579,2025,DEP-TPA,Tampa Bay Shop,Tampa,(813) 555-0175,M11,James Thomas,Master,110.00,1.0,Charging system failure,P-7720,Fifth wheel grease,16.40,3,SUP-02,Gulf Coast Diesel Supply,(813) 555-0233,P-4430,Water pump,276.00,3,SUP-03,Atlantic Fleet Components,(954) 555-0258,P-3310,Air brake chamber,68.25,4,SUP-01,Florida Truck Parts,(305) 555-0201,,,,,,,
WO-50201,2026-02-22,2026-02-22,TRK-235,1378N31P8PYRP69D1,Peterbilt,579,2023,DEP-DOR,Doral Service Center,Doral,(305) 555-0162,M07,Maria Johnson,Master,110.00,4.0,Electrical fault in lighting,P-4420,Serpentine belt,52.30,2,SUP-01,Florida Truck Parts,(305) 555-0201,P-3321,Drive tire 11R22.5,389.00,4,SUP-04,Sunshine Tire & Brake,(561) 555-0277,P-6601,AC compressor,640.00,4,SUP-03,Atlantic Fleet Components,(954) 555-0258,P-7710,Wheel seal kit,41.20,2,SUP-04,Sunshine Tire & Brake,(561) 555-0277
WO-50202,2026-02-22,2026-02-22,TRK-226,1E897MZ2T117U81K7,Hino,L6,2023,DEP-FLL,Fort Lauderdale Yard,Fort Lauderdale,(954) 555-0118,M09,Tanya Davis,Level 1,58.00,5.0,Suspension noise,P-4402,Fuel filter,38.40,3,SUP-02,Gulf Coast Diesel Supply,(813) 555-0233,P-3310,Air brake chamber,68.25,2,SUP-01,Florida Truck Parts,(305) 555-0201,P-7720,Fifth wheel grease,16.40,4,SUP-02,Gulf Coast Diesel Supply,(813) 555-0233,,,,,,,
WO-50203,2026-02-22,2026-02-22,TRK-209,1H1B67LZHRYY5BLAZ,Peterbilt,579,2020,DEP-DOR,Doral Service Center,Doral,(305) 555-0162,M06,Victor Torres,Level 3,89.00,5.0,Coolant leak,P-6602,Cabin air filter,22.50,1,SUP-01,Florida Truck Parts,(305) 555-0201,,,,,,,,,,,,,,,,,,,,,
WO-50204,2026-02-22,2026-02-23,TRK-235,1378N31P8PYRP69D1,Peterbilt,579,2023,DEP-TPA,Tampa Bay Shop,Tampa,(813) 555-0175,M06,Victor Torres,Level 3,89.00,3.0,No start condition,P-3301,Brake pad set,89.50,3,SUP-04,Sunshine Tire & Brake,(561) 555-0277,,,,,,,,,,,,,,,,,,,,,
WO-50205,2026-02-23,2026-02-24,TRK-216,1NWUMZ0PBSPDHG2PR,Volvo,VNL 860,2020,DEP-TPA,Tampa Bay Shop,Tampa,(813) 555-0175,M16,Rosa Harris,Level 2,72.00,1.0,Coolant leak,P-4402,Fuel filter,38.40,1,SUP-02,Gulf Coast Diesel Supply,(813) 555-0233,,,,,,,,,,,,,,,,,,,,,
WO-50206,2026-02-23,2026-02-24,TRK-219,1MD3B0C4AZ6JP3BP6,Isuzu,NRR,2023,DEP-TPA,Tampa Bay Shop,Tampa,(813) 555-0175,M12,Tanya Harris,Level 2,72.00,5.0,No start condition,P-7702,Shock absorber,118.00,4,SUP-01,Florida Truck Parts,(305) 555-0201,,,,,,,,,,,,,,,,,,,,,
WO-50207,2026-02-23,2026-02-25,TRK-233,19FG3D3EV8XZ9EHE2,Hino,L6,2021,DEP-TPA,Tampa Bay Shop,Tampa,(813) 555-0175,M08,Ramon Ortiz,Level 3,89.00,5.0,AC not cooling cab,P-3301,Brake pad set,89.50,1,SUP-04,Sunshine Tire & Brake,(561) 555-0277,,,,,,,,,,,,,,,,,,,,,
WO-50208,2026-02-23,2026-02-25,TRK-231,1XU7JZRYDHNX7KKPR,Kenworth,T680,2023,DEP-TPA,Tampa Bay Shop,Tampa,(813) 555-0175,M12,Tanya Harris,Level 2,72.00,2.5,Coolant leak,P-5520,Wiper blade pair,29.90,4,SUP-01,Florida Truck Parts,(305) 555-0201,P-5510,Battery group 31,189.00,1,SUP-03,Atlantic Fleet Components,(954) 555-0258,,,,,,,,,,,,,,
WO-50209,2026-02-24,2026-02-24,TRK-212,12AYLATERX8BJE9AX,Kenworth,T680,2017,DEP-TPA,Tampa Bay Shop,Tampa,(813) 555-0175,M09,Tanya Davis,Level 1,58.00,6.0,Charging system failure,P-7701,Leaf spring,305.00,1,SUP-01,Florida Truck Parts,(305) 555-0201,P-7702,Shock absorber,118.00,1,SUP-01,Florida Truck Parts,(305) 555-0201,P-4403,Air filter element,61.10,3,SUP-02,Gulf Coast Diesel Supply,(813) 555-0233,,,,,,,
WO-50210,2026-02-24,2026-02-25,TRK-232,1GF7C9ZMVR2JDUCNT,Volvo,VNL 860,2025,DEP-DOR,Doral Service Center,Doral,(305) 555-0162,M02,Miguel Brown,Master,110.00,1.5,Preventive maintenance service,P-7702,Shock absorber,118.00,4,SUP-01,Florida Truck Parts,(305) 555-0201,P-4420,Serpentine belt,52.30,3,SUP-01,Florida Truck Parts,(305) 555-0201,P-4430,Water pump,276.00,4,SUP-03,Atlantic Fleet Components,(954) 555-0258,,,,,,,
WO-50211,2026-02-24,2026-02-25,TRK-204,10A004AD88U5NL8S9,Isuzu,NRR,2020,DEP-TPA,Tampa Bay Shop,Tampa,(813) 555-0175,M12,Tanya Harris,Level 2,72.00,4.0,Suspension noise,P-4440,Alternator,498.00,4,SUP-03,Atlantic Fleet Components,(954) 555-0258,P-4430,Water pump,276.00,1,SUP-03,Atlantic Fleet Components,(954) 555-0258,,,,,,,,,,,,,,
WO-50212,2026-02-24,2026-02-24,TRK-233,19FG3D3EV8XZ9EHE2,Hino,L6,2021,DEP-MIA,Miami Main Shop,Miami,(305) 555-0140,M16,Rosa Harris,Level 2,72.00,5.0,Coolant leak,P-4402,Fuel filter,38.40,4,SUP-02,Gulf Coast Diesel Supply,(813) 555-0233,,,,,,,,,,,,,,,,,,,,,
WO-50213,2026-02-25,2026-02-25,TRK-217,1UG7U1UBYAH5Z3PE6,Peterbilt,579,2017,DEP-FLL,Fort Lauderdale Yard,Fort Lauderdale,(954) 555-0118,M01,Maria Garcia,Level 1,58.00,2.0,Coolant leak,P-5501,Headlight assembly,133.00,1,SUP-01,Florida Truck Parts,(305) 555-0201,,,,,,,,,,,,,,,,,,,,,
WO-50214,2026-02-25,2026-02-25,TRK-223,1JEWDNVPETU38DA0W,Volvo,VNL 860,2022,DEP-TPA,Tampa Bay Shop,Tampa,(813) 555-0175,M07,Maria Johnson,Master,110.00,2.5,Wheel seal leak,P-5502,Marker lamp,14.60,2,SUP-01,Florida Truck Parts,(305) 555-0201,P-3320,Steer tire 295/75R22.5,412.00,4,SUP-04,Sunshine Tire & Brake,(561) 555-0277,P-4430,Water pump,276.00,1,SUP-03,Atlantic Fleet Components,(954) 555-0258,P-4440,Alternator,498.00,4,SUP-03,Atlantic Fleet Components,(954) 555-0258
WO-50215,2026-02-25,2026-02-27,TRK-209,1H1B67LZHRYY5BLAZ,Peterbilt,579,2020,DEP-MIA,Miami Main Shop,Miami,(305) 555-0140,M12,Tanya Harris,Level 2,72.00,2.0,Preventive maintenance service,P-5501,Headlight assembly,133.00,4,SUP-01,Florida Truck Parts,(305) 555-0201,,,,,,,,,,,,,,,,,,,,,
WO-50216,2026-02-25,2026-02-28,TRK-240,1586KZ9M394JSHAM9,Peterbilt,579,2024,DEP-TPA,Tampa Bay Shop,Tampa,(813) 555-0175,M09,Tanya Davis,Level 1,58.00,3.0,Tire wear on steer axle,P-4440,Alternator,498.00,4,SUP-03,Atlantic Fleet Components,(954) 555-0258,P-6610,Coolant jug 1 gal,18.75,3,SUP-02,Gulf Coast Diesel Supply,(813) 555-0233,P-4450,Starter motor,455.00,2,SUP-03,Atlantic Fleet Components,(954) 555-0258,P-4420,Serpentine belt,52.30,4,SUP-01,Florida Truck Parts,(305) 555-0201
WO-50217,2026-02-26,2026-02-26,TRK-238,15FSYL4JJ55L6SRE5,Isuzu,NRR,2016,DEP-FLL,Fort Lauderdale Yard,Fort Lauderdale,(954) 555-0118,M01,Maria Garcia,Level 1,58.00,6.0,Charging system failure,P-3310,Air brake chamber,68.25,2,SUP-01,Florida Truck Parts,(305) 555-0201,P-4420,Serpentine belt,52.30,4,SUP-01,Florida Truck Parts,(305) 555-0201,P-6601,AC compressor,640.00,1,SUP-03,Atlantic Fleet Components,(954) 555-0258,,,,,,,
WO-50218,2026-02-26,2026-02-26,TRK-219,1MD3B0C4AZ6JP3BP6,Isuzu,NRR,2023,DEP-TPA,Tampa Bay Shop,Tampa,(813) 555-0175,M13,Ana Lopez,Level 2,72.00,3.0,Wheel seal leak,P-3320,Steer tire 295/75R22.5,412.00,1,SUP-04,Sunshine Tire & Brake,(561) 555-0277,P-5510,Battery group 31,189.00,2,SUP-03,Atlantic Fleet Components,(954) 555-0258,,,,,,,,,,,,,,
WO-50219,2026-02-26,2026-02-26,TRK-211,17CV16P7R3NBW50AP,Volvo,VNL 860,2017,DEP-FLL,Fort Lauderdale Yard,Fort Lauderdale,(954) 555-0118,M12,Tanya Harris,Level 2,72.00,6.0,No start condition,P-7710,Wheel seal kit,41.20,3,SUP-04,Sunshine Tire & Brake,(561) 555-0277,P-4403,Air filter element,61.10,2,SUP-02,Gulf Coast Diesel Supply,(813) 555-0233,P-4420,Serpentine belt,52.30,2,SUP-01,Florida Truck Parts,(305) 555-0201,P-7720,Fifth wheel grease,16.40,1,SUP-02,Gulf Coast Diesel Supply,(813) 555-0233
WO-50220,2026-02-26,2026-03-01,TRK-212,12AYLATERX8BJE9AX,Kenworth,T680,2017,DEP-DOR,Doral Service Center,Doral,(305) 555-0162,M01,Maria Garcia,Level 1,58.00,1.0,Suspension noise,P-4401,Engine oil filter,24.75,4,SUP-02,Gulf Coast Diesel Supply,(813) 555-0233,P-7710,Wheel seal kit,41.20,2,SUP-04,Sunshine Tire & Brake,(561) 555-0277,,,,,,,,,,,,,,
WO-50221,2026-02-27,2026-02-28,TRK-212,12AYLATERX8BJE9AX,Kenworth,T680,2017,DEP-FLL,Fort Lauderdale Yard,Fort Lauderdale,(954) 555-0118,M13,Ana Lopez,Level 2,72.00,4.0,Electrical fault in lighting,P-4402,Fuel filter,38.40,3,SUP-02,Gulf Coast Diesel Supply,(813) 555-0233,P-3320,Steer tire 295/75R22.5,412.00,2,SUP-04,Sunshine Tire & Brake,(561) 555-0277,,,,,,,,,,,,,,
WO-50222,2026-02-27,2026-03-02,TRK-213,1S6387WV5GDJDGTHG,Peterbilt,579,2025,DEP-DOR,Doral Service Center,Doral,(305) 555-0162,M13,Ana Lopez,Level 2,72.00,5.0,AC not cooling cab,P-5501,Headlight assembly,133.00,3,SUP-01,Florida Truck Parts,(305) 555-0201,P-4410,Diesel exhaust fluid case,45.00,3,SUP-02,Gulf Coast Diesel Supply,(813) 555-0233,P-4450,Starter motor,455.00,3,SUP-03,Atlantic Fleet Components,(954) 555-0258,,,,,,,
WO-50223,2026-02-27,2026-03-01,TRK-206,1V002CEMJCG8S6KXY,Kenworth,T680,2023,DEP-DOR,Doral Service Center,Doral,(305) 555-0162,M14,Ana Johnson,Level 1,58.00,1.0,Brake inspection and replacement,P-7710,Wheel seal kit,41.20,2,SUP-04,Sunshine Tire & Brake,(561) 555-0277,P-7720,Fifth wheel grease,16.40,4,SUP-02,Gulf Coast Diesel Supply,(813) 555-0233,P-3310,Air brake chamber,68.25,3,SUP-01,Florida Truck Parts,(305) 555-0201,P-4402,Fuel filter,38.40,3,SUP-02,Gulf Coast Diesel Supply,(813) 555-0233
WO-50224,2026-02-27,2026-03-01,TRK-237,1G1FW0N0YUFEWGXHD,Freightliner,Cascadia,2020,DEP-MIA,Miami Main Shop,Miami,(305) 555-0140,M15,Diego Jackson,Master,110.00,3.0,Electrical fault in lighting,P-3320,Steer tire 295/75R22.5,412.00,3,SUP-04,Sunshine Tire & Brake,(561) 555-0277,P-3301,Brake pad set,89.50,3,SUP-04,Sunshine Tire & Brake,(561) 555-0277,P-5502,Marker lamp,14.60,4,SUP-01,Florida Truck Parts,(305) 555-0201,,,,,,,
WO-50225,2026-02-28,2026-03-01,TRK-214,1UT62YZ6MKFU8VG3S,Volvo,VNL 860,2016,DEP-MIA,Miami Main Shop,Miami,(305) 555-0140,M14,Ana Johnson,Level 1,58.00,2.5,Wheel seal leak,P-6601,AC compressor,640.00,3,SUP-03,Atlantic Fleet Components,(954) 555-0258,P-3321,Drive tire 11R22.5,389.00,3,SUP-04,Sunshine Tire & Brake,(561) 555-0277,P-3301,Brake pad set,89.50,1,SUP-04,Sunshine Tire & Brake,(561) 555-0277,P-4420,Serpentine belt,52.30,2,SUP-01,Florida Truck Parts,(305) 555-0201
WO-50226,2026-02-28,2026-03-01,TRK-224,14921JV0JDZLPLTFU,Isuzu,NRR,2019,DEP-DOR,Doral Service Center,Doral,(305) 555-0162,M07,Maria Johnson,Master,110.00,4.0,DOT annual inspection,P-4420,Serpentine belt,52.30,3,SUP-01,Florida Truck Parts,(305) 555-0201,P-7710,Wheel seal kit,41.20,2,SUP-04,Sunshine Tire & Brake,(561) 555-0277,,,,,,,,,,,,,,
WO-50227,2026-02-28,2026-03-02,TRK-211,17CV16P7R3NBW50AP,Volvo,VNL 860,2017,DEP-TPA,Tampa Bay Shop,Tampa,(813) 555-0175,M01,Maria Garcia,Level 1,58.00,1.0,Coolant leak,P-4440,Alternator,498.00,2,SUP-03,Atlantic Fleet Components,(954) 555-0258,,,,,,,,,,,,,,,,,,,,,
WO-50228,2026-02-28,2026-03-01,TRK-228,1NB927BKE9TM7A66E,Hino,L6,2024,DEP-FLL,Fort Lauderdale Yard,Fort Lauderdale,(954) 555-0118,M17,Linda Perez,Level 1,58.00,0.5,Charging system failure,P-3320,Steer tire 295/75R22.5,412.00,1,SUP-04,Sunshine Tire & Brake,(561) 555-0277,,,,,,,,,,,,,,,,,,,,,
WO-50229,2026-03-01,2026-03-01,TRK-203,1S0WX3UDH042GEVDN,Peterbilt,579,2017,DEP-MIA,Miami Main Shop,Miami,(305) 555-0140,M05,Elena Lopez,Level 1,58.00,0.5,AC not cooling cab,P-5510,Battery group 31,189.00,2,SUP-03,Atlantic Fleet Components,(954) 555-0258,P-3320,Steer tire 295/75R22.5,412.00,3,SUP-04,Sunshine Tire & Brake,(561) 555-0277,,,,,,,,,,,,,,
WO-50230,2026-03-01,2026-03-03,TRK-216,1NWUMZ0PBSPDHG2PR,Volvo,VNL 860,2020,DEP-TPA,Tampa Bay Shop,Tampa,(813) 555-0175,M12,Tanya Harris,Level 2,72.00,4.0,Electrical fault in lighting,P-3321,Drive tire 11R22.5,389.00,2,SUP-04,Sunshine Tire & Brake,(561) 555-0277,,,,,,,,,,,,,,,,,,,,,
WO-50231,2026-03-01,2026-03-03,TRK-226,1E897MZ2T117U81K7,Hino,L6,2023,DEP-MIA,Miami Main Shop,Miami,(305) 555-0140,M11,James Thomas,Master,110.00,0.5,Brake inspection and replacement,P-3302,Brake drum,214.00,3,SUP-04,Sunshine Tire & Brake,(561) 555-0277,P-6610,Coolant jug 1 gal,18.75,1,SUP-02,Gulf Coast Diesel Supply,(813) 555-0233,P-4430,Water pump,276.00,2,SUP-03,Atlantic Fleet Components,(954) 555-0258,P-7720,Fifth wheel grease,16.40,1,SUP-02,Gulf Coast Diesel Supply,(813) 555-0233
WO-50232,2026-03-01,2026-03-02,TRK-222,111U8J1213VDCX5BD,Kenworth,T680,2024,DEP-TPA,Tampa Bay Shop,Tampa,(813) 555-0175,M10,Linda Taylor,Level 3,89.00,2.5,Engine warning light,P-3321,Drive tire 11R22.5,389.00,4,SUP-04,Sunshine Tire & Brake,(561) 555-0277,P-7701,Leaf spring,305.00,2,SUP-01,Florida Truck Parts,(305) 555-0201,,,,,,,,,,,,,,
WO-50233,2026-03-02,2026-03-05,TRK-231,1XU7JZRYDHNX7KKPR,Kenworth,T680,2023,DEP-DOR,Doral Service Center,Doral,(305) 555-0162,M12,Tanya Harris,Level 2,72.00,2.5,AC not cooling cab,P-3302,Brake drum,214.00,2,SUP-04,Sunshine Tire & Brake,(561) 555-0277,P-4410,Diesel exhaust fluid case,45.00,1,SUP-02,Gulf Coast Diesel Supply,(813) 555-0233,P-5501,Headlight assembly,133.00,3,SUP-01,Florida Truck Parts,(305) 555-0201,P-4420,Serpentine belt,52.30,4,SUP-01,Florida Truck Parts,(305) 555-0201
WO-50234,2026-03-02,2026-03-03,TRK-216,1NWUMZ0PBSPDHG2PR,Volvo,VNL 860,2020,DEP-MIA,Miami Main Shop,Miami,(305) 555-0140,M12,Tanya Harris,Level 2,72.00,5.0,Brake inspection and replacement,P-4403,Air filter element,61.10,1,SUP-02,Gulf Coast Diesel Supply,(813) 555-0233,P-7710,Wheel seal kit,41.20,4,SUP-04,Sunshine Tire & Brake,(561) 555-0277,,,,,,,,,,,,,,
WO-50235,2026-03-02,2026-03-05,TRK-229,15ZEB5J6BUAVTXJRN,Hino,L6,2021,DEP-TPA,Tampa Bay Shop,Tampa,(813) 555-0175,M12,Tanya Harris,Level 2,72.00,6.0,Wheel seal leak,P-3321,Drive tire 11R22.5,389.00,2,SUP-04,Sunshine Tire & Brake,(561) 555-0277,P-4440,Alternator,498.00,4,SUP-03,Atlantic Fleet Components,(954) 555-0258,,,,,,,,,,,,,,
WO-50236,2026-03-02,2026-03-05,TRK-215,1Y6T6NZMGNJPAXJFB,Peterbilt,579,2020,DEP-TPA,Tampa Bay Shop,Tampa,(813) 555-0175,M07,Maria Johnson,Master,110.00,6.0,No start condition,P-4403,Air filter element,61.10,4,SUP-02,Gulf Coast Diesel Supply,(813) 555-0233,,,,,,,,,,,,,,,,,,,,,
WO-50237,2026-03-03,2026-03-05,TRK-228,1NB927BKE9TM7A66E,Hino,L6,2024,DEP-MIA,Miami Main Shop,Miami,(305) 555-0140,M05,Elena Lopez,Level 1,58.00,4.0,AC not cooling cab,P-6601,AC compressor,640.00,1,SUP-03,Atlantic Fleet Components,(954) 555-0258,P-5520,Wiper blade pair,29.90,2,SUP-01,Florida Truck Parts,(305) 555-0201,P-3301,Brake pad set,89.50,3,SUP-04,Sunshine Tire & Brake,(561) 555-0277,P-6610,Coolant jug 1 gal,18.75,3,SUP-02,Gulf Coast Diesel Supply,(813) 555-0233
WO-50238,2026-03-03,2026-03-03,TRK-237,1G1FW0N0YUFEWGXHD,Freightliner,Cascadia,2020,DEP-DOR,Doral Service Center,Doral,(305) 555-0162,M08,Ramon Ortiz,Level 3,89.00,1.0,Preventive maintenance service,P-4401,Engine oil filter,24.75,3,SUP-02,Gulf Coast Diesel Supply,(813) 555-0233,P-3301,Brake pad set,89.50,3,SUP-04,Sunshine Tire & Brake,(561) 555-0277,P-4420,Serpentine belt,52.30,3,SUP-01,Florida Truck Parts,(305) 555-0201,,,,,,,
WO-50239,2026-03-03,2026-03-03,TRK-227,1NZS2C3KZET3YNV4Z,Isuzu,NRR,2017,DEP-MIA,Miami Main Shop,Miami,(305) 555-0140,M12,Tanya Harris,Level 2,72.00,2.5,Tire wear on steer axle,P-7720,Fifth wheel grease,16.40,1,SUP-02,Gulf Coast Diesel Supply,(813) 555-0233,P-3320,Steer tire 295/75R22.5,412.00,4,SUP-04,Sunshine Tire & Brake,(561) 555-0277,P-4402,Fuel filter,38.40,2,SUP-02,Gulf Coast Diesel Supply,(813) 555-0233,P-5502,Marker lamp,14.60,3,SUP-01,Florida Truck Parts,(305) 555-0201
WO-50240,2026-03-03,2026-03-05,TRK-219,1MD3B0C4AZ6JP3BP6,Isuzu,NRR,2023,DEP-DOR,Doral Service Center,Doral,(305) 555-0162,M10,Linda Taylor,Level 3,89.00,3.0,DOT annual inspection,P-4420,Serpentine belt,52.30,2,SUP-01,Florida Truck Parts,(305) 555-0201,,,,,,,,,,,,,,,,,,,,,
WO-50241,2026-03-04,2026-03-04,TRK-208,1L62J8AD6K6MK75MU,Hino,L6,2022,DEP-FLL,Fort Lauderdale Yard,Fort Lauderdale,(954) 555-0118,M14,Ana Johnson,Level 1,58.00,3.0,AC not cooling cab,P-6610,Coolant jug 1 gal,18.75,4,SUP-02,Gulf Coast Diesel Supply,(813) 555-0233,,,,,,,,,,,,,,,,,,,,,
WO-50242,2026-03-04,2026-03-06,TRK-205,1J8GYCFM42DVLT3YE,Isuzu,NRR,2018,DEP-DOR,Doral Service Center,Doral,(305) 555-0162,M16,Rosa Harris,Level 2,72.00,5.0,Engine warning light,P-3320,Steer tire 295/75R22.5,412.00,1,SUP-04,Sunshine Tire & Brake,(561) 555-0277,P-4420,Serpentine belt,52.30,2,SUP-01,Florida Truck Parts,(305) 555-0201,P-4403,Air filter element,61.10,2,SUP-02,Gulf Coast Diesel Supply,(813) 555-0233,,,,,,,
WO-50243,2026-03-04,2026-03-05,TRK-205,1J8GYCFM42DVLT3YE,Isuzu,NRR,2018,DEP-FLL,Fort Lauderdale Yard,Fort Lauderdale,(954) 555-0118,M15,Diego Jackson,Master,110.00,2.0,AC not cooling cab,P-3310,Air brake chamber,68.25,1,SUP-01,Florida Truck Parts,(305) 555-0201,P-7720,Fifth wheel grease,16.40,2,SUP-02,Gulf Coast Diesel Supply,(813) 555-0233,P-5520,Wiper blade pair,29.90,4,SUP-01,Florida Truck Parts,(305) 555-0201,P-4450,Starter motor,455.00,2,SUP-03,Atlantic Fleet Components,(954) 555-0258
WO-50244,2026-03-04,2026-03-04,TRK-208,1L62J8AD6K6MK75MU,Hino,L6,2022,DEP-TPA,Tampa Bay Shop,Tampa,(813) 555-0175,M18,Jose Brown,Master,110.00,3.0,Coolant leak,P-4450,Starter motor,455.00,1,SUP-03,Atlantic Fleet Components,(954) 555-0258,,,,,,,,,,,,,,,,,,,,,
WO-50245,2026-03-05,2026-03-08,TRK-220,1WP5D1ZS5KRYCNXV8,Kenworth,T680,2017,DEP-DOR,Doral Service Center,Doral,(305) 555-0162,M11,James Thomas,Master,110.00,4.0,AC not cooling cab,P-4402,Fuel filter,38.40,4,SUP-02,Gulf Coast Diesel Supply,(813) 555-0233,P-4450,Starter motor,455.00,3,SUP-03,Atlantic Fleet Components,(954) 555-0258,,,,,,,,,,,,,,
WO-50246,2026-03-05,2026-03-07,TRK-233,19FG3D3EV8XZ9EHE2,Hino,L6,2021,DEP-FLL,Fort Lauderdale Yard,Fort Lauderdale,(954) 555-0118,M07,Maria Johnson,Master,110.00,2.5,Engine warning light,P-4410,Diesel exhaust fluid case,45.00,4,SUP-02,Gulf Coast Diesel Supply,(813) 555-0233,,,,,,,,,,,,,,,,,,,,,
WO-50247,2026-03-05,2026-03-06,TRK-213,1S6387WV5GDJDGTHG,Peterbilt,579,2025,DEP-MIA,Miami Main Shop,Miami,(305) 555-0140,M16,Rosa Harris,Level 2,72.00,1.0,Suspension noise,P-7702,Shock absorber,118.00,2,SUP-01,Florida Truck Parts,(305) 555-0201,,,,,,,,,,,,,,,,,,,,,
WO-50248,2026-03-05,2026-03-05,TRK-228,1NB927BKE9TM7A66E,Hino,L6,2024,DEP-DOR,Doral Service Center,Doral,(305) 555-0162,M17,Linda Perez,Level 1,58.00,2.5,DOT annual inspection,P-3302,Brake drum,214.00,4,SUP-04,Sunshine Tire & Brake,(561) 555-0277,P-7720,Fifth wheel grease,16.40,2,SUP-02,Gulf Coast Diesel Supply,(813) 555-0233,P-4420,Serpentine belt,52.30,4,SUP-01,Florida Truck Parts,(305) 555-0201,P-3301,Brake pad set,89.50,4,SUP-04,Sunshine Tire & Brake,(561) 555-0277
WO-50249,2026-03-06,2026-03-06,TRK-226,1E897MZ2T117U81K7,Hino,L6,2023,DEP-MIA,Miami Main Shop,Miami,(305) 555-0140,M09,Tanya Davis,Level 1,58.00,1.5,Coolant leak,P-3301,Brake pad set,89.50,2,SUP-04,Sunshine Tire & Brake,(561) 555-0277,P-4402,Fuel filter,38.40,1,SUP-02,Gulf Coast Diesel Supply,(813) 555-0233,,,,,,,,,,,,,,
WO-50250,2026-03-06,2026-03-08,TRK-214,1UT62YZ6MKFU8VG3S,Volvo,VNL 860,2016,DEP-FLL,Fort Lauderdale Yard,Fort Lauderdale,(954) 555-0118,M12,Tanya Harris,Level 2,72.00,0.5,DOT annual inspection,P-6610,Coolant jug 1 gal,18.75,3,SUP-02,Gulf Coast Diesel Supply,(813) 555-0233,P-3302,Brake drum,214.00,2,SUP-04,Sunshine Tire & Brake,(561) 555-0277,P-3320,Steer tire 295/75R22.5,412.00,3,SUP-04,Sunshine Tire & Brake,(561) 555-0277,,,,,,,
WO-50251,2026-03-06,2026-03-09,TRK-210,1EBP2CLPU2HHEXYDK,Peterbilt,579,2019,DEP-TPA,Tampa Bay Shop,Tampa,(813) 555-0175,M15,Diego Jackson,Master,110.00,4.0,Suspension noise,P-3320,Steer tire 295/75R22.5,412.00,2,SUP-04,Sunshine Tire & Brake,(561) 555-0277,,,,,,,,,,,,,,,,,,,,,
WO-50252,2026-03-06,2026-03-07,TRK-204,10A004AD88U5NL8S9,Isuzu,NRR,2020,DEP-MIA,Miami Main Shop,Miami,(305) 555-0140,M15,Diego Jackson,Master,110.00,4.0,Suspension noise,P-4410,Diesel exhaust fluid case,45.00,1,SUP-02,Gulf Coast Diesel Supply,(813) 555-0233,P-4430,Water pump,276.00,2,SUP-03,Atlantic Fleet Components,(954) 555-0258,,,,,,,,,,,,,,
WO-50253,2026-03-07,2026-03-07,TRK-233,19FG3D3EV8XZ9EHE2,Hino,L6,2021,DEP-DOR,Doral Service Center,Doral,(305) 555-0162,M13,Ana Lopez,Level 2,72.00,3.0,Electrical fault in lighting,P-7701,Leaf spring,305.00,4,SUP-01,Florida Truck Parts,(305) 555-0201,P-4450,Starter motor,455.00,3,SUP-03,Atlantic Fleet Components,(954) 555-0258,P-6602,Cabin air filter,22.50,4,SUP-01,Florida Truck Parts,(305) 555-0201,,,,,,,
WO-50254,2026-03-07,2026-03-07,TRK-223,1JEWDNVPETU38DA0W,Volvo,VNL 860,2022,DEP-TPA,Tampa Bay Shop,Tampa,(813) 555-0175,M06,Victor Torres,Level 3,89.00,3.0,Tire wear on steer axle,P-7720,Fifth wheel grease,16.40,1,SUP-02,Gulf Coast Diesel Supply,(813) 555-0233,P-4450,Starter motor,455.00,2,SUP-03,Atlantic Fleet Components,(954) 555-0258,,,,,,,,,,,,,,
WO-50255,2026-03-07,2026-03-08,TRK-209,1H1B67LZHRYY5BLAZ,Peterbilt,579,2020,DEP-TPA,Tampa Bay Shop,Tampa,(813) 555-0175,M04,Rosa Jones,Level 1,58.00,3.0,Charging system failure,P-3321,Drive tire 11R22.5,389.00,1,SUP-04,Sunshine Tire & Brake,(561) 555-0277,P-3310,Air brake chamber,68.25,1,SUP-01,Florida Truck Parts,(305) 555-0201,,,,,,,,,,,,,,
WO-50256,2026-03-07,2026-03-07,TRK-208,1L62J8AD6K6MK75MU,Hino,L6,2022,DEP-FLL,Fort Lauderdale Yard,Fort Lauderdale,(954) 555-0118,M08,Ramon Ortiz,Level 3,89.00,1.0,Coolant leak,P-5502,Marker lamp,14.60,3,SUP-01,Florida Truck Parts,(305) 555-0201,P-4440,Alternator,498.00,3,SUP-03,Atlantic Fleet Components,(954) 555-0258,,,,,,,,,,,,,,
WO-50257,2026-03-08,2026-03-08,TRK-204,10A004AD88U5NL8S9,Isuzu,NRR,2020,DEP-FLL,Fort Lauderdale Yard,Fort Lauderdale,(954) 555-0118,M07,Maria Johnson,Master,110.00,1.5,Tire wear on steer axle,P-4410,Diesel exhaust fluid case,45.00,3,SUP-02,Gulf Coast Diesel Supply,(813) 555-0233,P-3320,Steer tire 295/75R22.5,412.00,3,SUP-04,Sunshine Tire & Brake,(561) 555-0277,,,,,,,,,,,,,,
WO-50258,2026-03-08,2026-03-09,TRK-203,1S0WX3UDH042GEVDN,Peterbilt,579,2017,DEP-TPA,Tampa Bay Shop,Tampa,(813) 555-0175,M07,Maria Johnson,Master,110.00,2.5,No start condition,P-5510,Battery group 31,189.00,3,SUP-03,Atlantic Fleet Components,(954) 555-0258,P-5502,Marker lamp,14.60,3,SUP-01,Florida Truck Parts,(305) 555-0201,P-4430,Water pump,276.00,4,SUP-03,Atlantic Fleet Components,(954) 555-0258,P-3310,Air brake chamber,68.25,2,SUP-01,Florida Truck Parts,(305) 555-0201
WO-50259,2026-03-08,2026-03-09,TRK-214,1UT62YZ6MKFU8VG3S,Volvo,VNL 860,2016,DEP-DOR,Doral Service Center,Doral,(305) 555-0162,M12,Tanya Harris,Level 2,72.00,6.0,DOT annual inspection,P-4430,Water pump,276.00,4,SUP-03,Atlantic Fleet Components,(954) 555-0258,,,,,,,,,,,,,,,,,,,,,
WO-50260,2026-03-08,2026-03-09,TRK-207,1WZA1BNL3FJPV81NL,Volvo,VNL 860,2024,DEP-DOR,Doral Service Center,Doral,(305) 555-0162,M07,Maria Johnson,Master,110.00,1.0,Wheel seal leak,P-6601,AC compressor,640.00,3,SUP-03,Atlantic Fleet Components,(954) 555-0258,,,,,,,,,,,,,,,,,,,,,
WO-50261,2026-03-09,2026-03-10,TRK-227,1NZS2C3KZET3YNV4Z,Isuzu,NRR,2017,DEP-FLL,Fort Lauderdale Yard,Fort Lauderdale,(954) 555-0118,M08,Ramon Ortiz,Level 3,89.00,1.0,No start condition,P-4401,Engine oil filter,24.75,2,SUP-02,Gulf Coast Diesel Supply,(813) 555-0233,P-5502,Marker lamp,14.60,4,SUP-01,Florida Truck Parts,(305) 555-0201,,,,,,,,,,,,,,
WO-50262,2026-03-09,2026-03-12,TRK-218,14LV5F5M9JYBJ439E,Freightliner,Cascadia,2019,DEP-FLL,Fort Lauderdale Yard,Fort Lauderdale,(954) 555-0118,M12,Tanya Harris,Level 2,72.00,1.5,Electrical fault in lighting,P-4403,Air filter element,61.10,4,SUP-02,Gulf Coast Diesel Supply,(813) 555-0233,P-6602,Cabin air filter,22.50,1,SUP-01,Florida Truck Parts,(305) 555-0201,P-7701,Leaf spring,305.00,2,SUP-01,Florida Truck Parts,(305) 555-0201,,,,,,,
WO-50263,2026-03-09,2026-03-11,TRK-225,1PGNK2CJ87WB7FKEG,Hino,L6,2020,DEP-DOR,Doral Service Center,Doral,(305) 555-0162,M09,Tanya Davis,Level 1,58.00,2.5,Coolant leak,P-5510,Battery group 31,189.00,2,SUP-03,Atlantic Fleet Components,(954) 555-0258,P-4450,Starter motor,455.00,3,SUP-03,Atlantic Fleet Components,(954) 555-0258,,,,,,,,,,,,,,
WO-50264,2026-03-09,2026-03-11,TRK-235,1378N31P8PYRP69D1,Peterbilt,579,2023,DEP-MIA,Miami Main Shop,Miami,(305) 555-0140,M07,Maria Johnson,Master,110.00,4.0,Suspension noise,P-7720,Fifth wheel grease,16.40,1,SUP-02,Gulf Coast Diesel Supply,(813) 555-0233,P-7702,Shock absorber,118.00,1,SUP-01,Florida Truck Parts,(305) 555-0201,,,,,,,,,,,,,,
WO-50265,2026-03-10,2026-03-10,TRK-205,1J8GYCFM42DVLT3YE,Isuzu,NRR,2018,DEP-MIA,Miami Main Shop,Miami,(305) 555-0140,M14,Ana Johnson,Level 1,58.00,0.5,Wheel seal leak,P-4450,Starter motor,455.00,4,SUP-03,Atlantic Fleet Components,(954) 555-0258,P-6601,AC compressor,640.00,2,SUP-03,Atlantic Fleet Components,(954) 555-0258,,,,,,,,,,,,,,
WO-50266,2026-03-10,2026-03-12,TRK-223,1JEWDNVPETU38DA0W,Volvo,VNL 860,2022,DEP-FLL,Fort Lauderdale Yard,Fort Lauderdale,(954) 555-0118,M04,Rosa Jones,Level 1,58.00,2.5,AC not cooling cab,P-4440,Alternator,498.00,1,SUP-03,Atlantic Fleet Components,(954) 555-0258,P-6601,AC compressor,640.00,2,SUP-03,Atlantic Fleet Components,(954) 555-0258,,,,,,,,,,,,,,
WO-50267,2026-03-10,2026-03-10,TRK-229,15ZEB5J6BUAVTXJRN,Hino,L6,2021,DEP-FLL,Fort Lauderdale Yard,Fort Lauderdale,(954) 555-0118,M10,Linda Taylor,Level 3,89.00,3.0,Electrical fault in lighting,P-4450,Starter motor,455.00,4,SUP-03,Atlantic Fleet Components,(954) 555-0258,P-4403,Air filter element,61.10,4,SUP-02,Gulf Coast Diesel Supply,(813) 555-0233,P-3310,Air brake chamber,68.25,2,SUP-01,Florida Truck Parts,(305) 555-0201,,,,,,,
WO-50268,2026-03-10,2026-03-11,TRK-207,1WZA1BNL3FJPV81NL,Volvo,VNL 860,2024,DEP-TPA,Tampa Bay Shop,Tampa,(813) 555-0175,M06,Victor Torres,Level 3,89.00,4.0,Wheel seal leak,P-4440,Alternator,498.00,3,SUP-03,Atlantic Fleet Components,(954) 555-0258,,,,,,,,,,,,,,,,,,,,,
WO-50269,2026-03-11,2026-03-12,TRK-227,1NZS2C3KZET3YNV4Z,Isuzu,NRR,2017,DEP-MIA,Miami Main Shop,Miami,(305) 555-0140,M09,Tanya Davis,Level 1,58.00,1.0,Engine warning light,P-4430,Water pump,276.00,3,SUP-03,Atlantic Fleet Components,(954) 555-0258,P-3302,Brake drum,214.00,1,SUP-04,Sunshine Tire & Brake,(561) 555-0277,P-3310,Air brake chamber,68.25,4,SUP-01,Florida Truck Parts,(305) 555-0201,,,,,,,
WO-50270,2026-03-11,2026-03-12,TRK-215,1Y6T6NZMGNJPAXJFB,Peterbilt,579,2020,DEP-MIA,Miami Main Shop,Miami,(305) 555-0140,M04,Rosa Jones,Level 1,58.00,2.5,Tire wear on steer axle,P-3302,Brake drum,214.00,1,SUP-04,Sunshine Tire & Brake,(561) 555-0277,P-6610,Coolant jug 1 gal,18.75,2,SUP-02,Gulf Coast Diesel Supply,(813) 555-0233,P-4402,Fuel filter,38.40,3,SUP-02,Gulf Coast Diesel Supply,(813) 555-0233,,,,,,,
WO-50271,2026-03-11,2026-03-11,TRK-236,1S7R5LH94J1YRYAXF,Peterbilt,579,2019,DEP-FLL,Fort Lauderdale Yard,Fort Lauderdale,(954) 555-0118,M13,Ana Lopez,Level 2,72.00,1.0,Preventive maintenance service,P-4402,Fuel filter,38.40,3,SUP-02,Gulf Coast Diesel Supply,(813) 555-0233,P-7701,Leaf spring,305.00,3,SUP-01,Florida Truck Parts,(305) 555-0201,,,,,,,,,,,,,,
WO-50272,2026-03-11,2026-03-14,TRK-237,1G1FW0N0YUFEWGXHD,Freightliner,Cascadia,2020,DEP-FLL,Fort Lauderdale Yard,Fort Lauderdale,(954) 555-0118,M05,Elena Lopez,Level 1,58.00,0.5,DOT annual inspection,P-5502,Marker lamp,14.60,1,SUP-01,Florida Truck Parts,(305) 555-0201,P-4450,Starter motor,455.00,1,SUP-03,Atlantic Fleet Components,(954) 555-0258,P-3310,Air brake chamber,68.25,4,SUP-01,Florida Truck Parts,(305) 555-0201,P-5501,Headlight assembly,133.00,3,SUP-01,Florida Truck Parts,(305) 555-0201
WO-50273,2026-03-12,2026-03-13,TRK-237,1G1FW0N0YUFEWGXHD,Freightliner,Cascadia,2020,DEP-DOR,Doral Service Center,Doral,(305) 555-0162,M07,Maria Johnson,Master,110.00,3.0,DOT annual inspection,P-5520,Wiper blade pair,29.90,2,SUP-01,Florida Truck Parts,(305) 555-0201,P-4410,Diesel exhaust fluid case,45.00,2,SUP-02,Gulf Coast Diesel Supply,(813) 555-0233,,,,,,,,,,,,,,
WO-50274,2026-03-12,2026-03-12,TRK-229,15ZEB5J6BUAVTXJRN,Hino,L6,2021,DEP-TPA,Tampa Bay Shop,Tampa,(813) 555-0175,M07,Maria Johnson,Master,110.00,0.5,No start condition,P-3321,Drive tire 11R22.5,389.00,1,SUP-04,Sunshine Tire & Brake,(561) 555-0277,P-3310,Air brake chamber,68.25,2,SUP-01,Florida Truck Parts,(305) 555-0201,,,,,,,,,,,,,,
WO-50275,2026-03-12,2026-03-15,TRK-240,1586KZ9M394JSHAM9,Peterbilt,579,2024,DEP-TPA,Tampa Bay Shop,Tampa,(813) 555-0175,M03,Carlos Garcia,Master,110.00,2.5,Charging system failure,P-6610,Coolant jug 1 gal,18.75,2,SUP-02,Gulf Coast Diesel Supply,(813) 555-0233,P-5501,Headlight assembly,133.00,3,SUP-01,Florida Truck Parts,(305) 555-0201,,,,,,,,,,,,,,
WO-50276,2026-03-12,2026-03-13,TRK-210,1EBP2CLPU2HHEXYDK,Peterbilt,579,2019,DEP-TPA,Tampa Bay Shop,Tampa,(813) 555-0175,M02,Miguel Brown,Master,110.00,0.5,Suspension noise,P-5501,Headlight assembly,133.00,1,SUP-01,Florida Truck Parts,(305) 555-0201,P-4401,Engine oil filter,24.75,2,SUP-02,Gulf Coast Diesel Supply,(813) 555-0233,,,,,,,,,,,,,,
WO-50277,2026-03-13,2026-03-14,TRK-205,1J8GYCFM42DVLT3YE,Isuzu,NRR,2018,DEP-DOR,Doral Service Center,Doral,(305) 555-0162,M02,Miguel Brown,Master,110.00,6.0,Suspension noise,P-4430,Water pump,276.00,1,SUP-03,Atlantic Fleet Components,(954) 555-0258,P-7702,Shock absorber,118.00,3,SUP-01,Florida Truck Parts,(305) 555-0201,,,,,,,,,,,,,,
WO-50278,2026-03-13,2026-03-15,TRK-218,14LV5F5M9JYBJ439E,Freightliner,Cascadia,2019,DEP-DOR,Doral Service Center,Doral,(305) 555-0162,M07,Maria Johnson,Master,110.00,1.5,Coolant leak,P-5520,Wiper blade pair,29.90,4,SUP-01,Florida Truck Parts,(305) 555-0201,P-4403,Air filter element,61.10,4,SUP-02,Gulf Coast Diesel Supply,(813) 555-0233,,,,,,,,,,,,,,
WO-50279,2026-03-13,2026-03-13,TRK-209,1H1B67LZHRYY5BLAZ,Peterbilt,579,2020,DEP-FLL,Fort Lauderdale Yard,Fort Lauderdale,(954) 555-0118,M06,Victor Torres,Level 3,89.00,5.0,Tire wear on steer axle,P-7701,Leaf spring,305.00,3,SUP-01,Florida Truck Parts,(305) 555-0201,,,,,,,,,,,,,,,,,,,,,
WO-50280,2026-03-13,2026-03-16,TRK-225,1PGNK2CJ87WB7FKEG,Hino,L6,2020,DEP-MIA,Miami Main Shop,Miami,(305) 555-0140,M04,Rosa Jones,Level 1,58.00,6.0,Electrical fault in lighting,P-4401,Engine oil filter,24.75,2,SUP-02,Gulf Coast Diesel Supply,(813) 555-0233,P-7702,Shock absorber,118.00,1,SUP-01,Florida Truck Parts,(305) 555-0201,,,,,,,,,,,,,,
WO-50281,2026-03-14,2026-03-15,TRK-239,1BUYTB964LB6D4X19,Peterbilt,579,2019,DEP-TPA,Tampa Bay Shop,Tampa,(813) 555-0175,M16,Rosa Harris,Level 2,72.00,6.0,Coolant leak,P-3301,Brake pad set,89.50,1,SUP-04,Sunshine Tire & Brake,(561) 555-0277,P-6602,Cabin air filter,22.50,1,SUP-01,Florida Truck Parts,(305) 555-0201,,,,,,,,,,,,,,
WO-50282,2026-03-14,2026-03-16,TRK-226,1E897MZ2T117U81K7,Hino,L6,2023,DEP-FLL,Fort Lauderdale Yard,Fort Lauderdale,(954) 555-0118,M01,Maria Garcia,Level 1,58.00,2.0,Electrical fault in lighting,P-3321,Drive tire 11R22.5,389.00,3,SUP-04,Sunshine Tire & Brake,(561) 555-0277,P-7702,Shock absorber,118.00,4,SUP-01,Florida Truck Parts,(305) 555-0201,P-5520,Wiper blade pair,29.90,1,SUP-01,Florida Truck Parts,(305) 555-0201,P-4420,Serpentine belt,52.30,3,SUP-01,Florida Truck Parts,(305) 555-0201
WO-50283,2026-03-14,2026-03-14,TRK-233,19FG3D3EV8XZ9EHE2,Hino,L6,2021,DEP-TPA,Tampa Bay Shop,Tampa,(813) 555-0175,M14,Ana Johnson,Level 1,58.00,4.0,Coolant leak,P-4440,Alternator,498.00,4,SUP-03,Atlantic Fleet Components,(954) 555-0258,P-4410,Diesel exhaust fluid case,45.00,4,SUP-02,Gulf Coast Diesel Supply,(813) 555-0233,P-6610,Coolant jug 1 gal,18.75,1,SUP-02,Gulf Coast Diesel Supply,(813) 555-0233,P-6601,AC compressor,640.00,2,SUP-03,Atlantic Fleet Components,(954) 555-0258
WO-50284,2026-03-14,2026-03-15,TRK-240,1586KZ9M394JSHAM9,Peterbilt,579,2024,DEP-FLL,Fort Lauderdale Yard,Fort Lauderdale,(954) 555-0118,M14,Ana Johnson,Level 1,58.00,1.5,Charging system failure,P-6601,AC compressor,640.00,4,SUP-03,Atlantic Fleet Components,(954) 555-0258,P-4402,Fuel filter,38.40,1,SUP-02,Gulf Coast Diesel Supply,(813) 555-0233,P-5510,Battery group 31,189.00,3,SUP-03,Atlantic Fleet Components,(954) 555-0258,,,,,,,
WO-50285,2026-03-15,2026-03-18,TRK-214,1UT62YZ6MKFU8VG3S,Volvo,VNL 860,2016,DEP-MIA,Miami Main Shop,Miami,(305) 555-0140,M07,Maria Johnson,Master,110.00,5.0,AC not cooling cab,P-6601,AC compressor,640.00,1,SUP-03,Atlantic Fleet Components,(954) 555-0258,,,,,,,,,,,,,,,,,,,,,
WO-50286,2026-03-15,2026-03-18,TRK-215,1Y6T6NZMGNJPAXJFB,Peterbilt,579,2020,DEP-MIA,Miami Main Shop,Miami,(305) 555-0140,M10,Linda Taylor,Level 3,89.00,2.0,AC not cooling cab,P-4402,Fuel filter,38.40,3,SUP-02,Gulf Coast Diesel Supply,(813) 555-0233,,,,,,,,,,,,,,,,,,,,,
WO-50287,2026-03-15,2026-03-18,TRK-228,1NB927BKE9TM7A66E,Hino,L6,2024,DEP-MIA,Miami Main Shop,Miami,(305) 555-0140,M13,Ana Lopez,Level 2,72.00,4.0,Suspension noise,P-5510,Battery group 31,189.00,2,SUP-03,Atlantic Fleet Components,(954) 555-0258,P-3321,Drive tire 11R22.5,389.00,1,SUP-04,Sunshine Tire & Brake,(561) 555-0277,,,,,,,,,,,,,,
WO-50288,2026-03-15,2026-03-15,TRK-206,1V002CEMJCG8S6KXY,Kenworth,T680,2023,DEP-MIA,Miami Main Shop,Miami,(305) 555-0140,M16,Rosa Harris,Level 2,72.00,2.0,AC not cooling cab,P-7702,Shock absorber,118.00,3,SUP-01,Florida Truck Parts,(305) 555-0201,,,,,,,,,,,,,,,,,,,,,
WO-50289,2026-03-16,2026-03-16,TRK-239,1BUYTB964LB6D4X19,Peterbilt,579,2019,DEP-FLL,Fort Lauderdale Yard,Fort Lauderdale,(954) 555-0118,M13,Ana Lopez,Level 2,72.00,1.0,Wheel seal leak,P-7701,Leaf spring,305.00,4,SUP-01,Florida Truck Parts,(305) 555-0201,,,,,,,,,,,,,,,,,,,,,
WO-50290,2026-03-16,2026-03-17,TRK-216,1NWUMZ0PBSPDHG2PR,Volvo,VNL 860,2020,DEP-FLL,Fort Lauderdale Yard,Fort Lauderdale,(954) 555-0118,M15,Diego Jackson,Master,110.00,1.5,Electrical fault in lighting,P-7702,Shock absorber,118.00,1,SUP-01,Florida Truck Parts,(305) 555-0201,P-5502,Marker lamp,14.60,2,SUP-01,Florida Truck Parts,(305) 555-0201,P-6602,Cabin air filter,22.50,1,SUP-01,Florida Truck Parts,(305) 555-0201,,,,,,,
WO-50291,2026-03-16,2026-03-16,TRK-234,15HWKGYAV6MP428T6,Peterbilt,579,2025,DEP-FLL,Fort Lauderdale Yard,Fort Lauderdale,(954) 555-0118,M08,Ramon Ortiz,Level 3,89.00,1.0,DOT annual inspection,P-7702,Shock absorber,118.00,4,SUP-01,Florida Truck Parts,(305) 555-0201,P-4430,Water pump,276.00,2,SUP-03,Atlantic Fleet Components,(954) 555-0258,,,,,,,,,,,,,,
WO-50292,2026-03-16,2026-03-18,TRK-218,14LV5F5M9JYBJ439E,Freightliner,Cascadia,2019,DEP-FLL,Fort Lauderdale Yard,Fort Lauderdale,(954) 555-0118,M17,Linda Perez,Level 1,58.00,1.5,Coolant leak,P-4403,Air filter element,61.10,4,SUP-02,Gulf Coast Diesel Supply,(813) 555-0233,,,,,,,,,,,,,,,,,,,,,
WO-50293,2026-03-17,2026-03-18,TRK-233,19FG3D3EV8XZ9EHE2,Hino,L6,2021,DEP-MIA,Miami Main Shop,Miami,(305) 555-0140,M18,Jose Brown,Master,110.00,5.0,Preventive maintenance service,P-4410,Diesel exhaust fluid case,45.00,4,SUP-02,Gulf Coast Diesel Supply,(813) 555-0233,P-4420,Serpentine belt,52.30,2,SUP-01,Florida Truck Parts,(305) 555-0201,,,,,,,,,,,,,,
WO-50294,2026-03-17,2026-03-18,TRK-214,1UT62YZ6MKFU8VG3S,Volvo,VNL 860,2016,DEP-FLL,Fort Lauderdale Yard,Fort Lauderdale,(954) 555-0118,M15,Diego Jackson,Master,110.00,2.0,AC not cooling cab,P-6602,Cabin air filter,22.50,2,SUP-01,Florida Truck Parts,(305) 555-0201,,,,,,,,,,,,,,,,,,,,,
WO-50295,2026-03-17,2026-03-18,TRK-231,1XU7JZRYDHNX7KKPR,Kenworth,T680,2023,DEP-FLL,Fort Lauderdale Yard,Fort Lauderdale,(954) 555-0118,M17,Linda Perez,Level 1,58.00,5.0,Preventive maintenance service,P-7701,Leaf spring,305.00,2,SUP-01,Florida Truck Parts,(305) 555-0201,P-4430,Water pump,276.00,3,SUP-03,Atlantic Fleet Components,(954) 555-0258,P-4401,Engine oil filter,24.75,2,SUP-02,Gulf Coast Diesel Supply,(813) 555-0233,,,,,,,
WO-50296,2026-03-17,2026-03-18,TRK-227,1NZS2C3KZET3YNV4Z,Isuzu,NRR,2017,DEP-TPA,Tampa Bay Shop,Tampa,(813) 555-0175,M18,Jose Brown,Master,110.00,3.0,Preventive maintenance service,P-5501,Headlight assembly,133.00,3,SUP-01,Florida Truck Parts,(305) 555-0201,P-4403,Air filter element,61.10,3,SUP-02,Gulf Coast Diesel Supply,(813) 555-0233,,,,,,,,,,,,,,
WO-50297,2026-03-18,2026-03-18,TRK-215,1Y6T6NZMGNJPAXJFB,Peterbilt,579,2020,DEP-DOR,Doral Service Center,Doral,(305) 555-0162,M09,Tanya Davis,Level 1,58.00,3.0,Engine warning light,P-3320,Steer tire 295/75R22.5,412.00,2,SUP-04,Sunshine Tire & Brake,(561) 555-0277,,,,,,,,,,,,,,,,,,,,,
WO-50298,2026-03-18,2026-03-20,TRK-203,1S0WX3UDH042GEVDN,Peterbilt,579,2017,DEP-MIA,Miami Main Shop,Miami,(305) 555-0140,M12,Tanya Harris,Level 2,72.00,4.0,No start condition,P-4430,Water pump,276.00,4,SUP-03,Atlantic Fleet Components,(954) 555-0258,P-4440,Alternator,498.00,3,SUP-03,Atlantic Fleet Components,(954) 555-0258,P-4402,Fuel filter,38.40,3,SUP-02,Gulf Coast Diesel Supply,(813) 555-0233,,,,,,,
WO-50299,2026-03-18,2026-03-21,TRK-221,15N7XGPGJ7JK2RKR2,Volvo,VNL 860,2020,DEP-TPA,Tampa Bay Shop,Tampa,(813) 555-0175,M09,Tanya Davis,Level 1,58.00,2.5,AC not cooling cab,P-4410,Diesel exhaust fluid case,45.00,1,SUP-02,Gulf Coast Diesel Supply,(813) 555-0233,P-4420,Serpentine belt,52.30,2,SUP-01,Florida Truck Parts,(305) 555-0201,P-7720,Fifth wheel grease,16.40,3,SUP-02,Gulf Coast Diesel Supply,(813) 555-0233,,,,,,,
WO-50300,2026-03-18,2026-03-19,TRK-229,15ZEB5J6BUAVTXJRN,Hino,L6,2021,DEP-DOR,Doral Service Center,Doral,(305) 555-0162,M05,Elena Lopez,Level 1,58.00,1.0,Charging system failure,P-4450,Starter motor,455.00,1,SUP-03,Atlantic Fleet Components,(954) 555-0258,P-5520,Wiper blade pair,29.90,2,SUP-01,Florida Truck Parts,(305) 555-0201,,,,,,,,,,,,,,
WO-50301,2026-03-19,2026-03-20,TRK-211,17CV16P7R3NBW50AP,Volvo,VNL 860,2017,DEP-FLL,Fort Lauderdale Yard,Fort Lauderdale,(954) 555-0118,M07,Maria Johnson,Master,110.00,4.0,Charging system failure,P-4402,Fuel filter,38.40,2,SUP-02,Gulf Coast Diesel Supply,(813) 555-0233,P-3301,Brake pad set,89.50,4,SUP-04,Sunshine Tire & Brake,(561) 555-0277,,,,,,,,,,,,,,
WO-50302,2026-03-19,2026-03-21,TRK-226,1E897MZ2T117U81K7,Hino,L6,2023,DEP-MIA,Miami Main Shop,Miami,(305) 555-0140,M04,Rosa Jones,Level 1,58.00,2.0,No start condition,P-5520,Wiper blade pair,29.90,4,SUP-01,Florida Truck Parts,(305) 555-0201,,,,,,,,,,,,,,,,,,,,,
WO-50303,2026-03-19,2026-03-22,TRK-215,1Y6T6NZMGNJPAXJFB,Peterbilt,579,2020,DEP-DOR,Doral Service Center,Doral,(305) 555-0162,M15,Diego Jackson,Master,110.00,4.0,Suspension noise,P-5520,Wiper blade pair,29.90,2,SUP-01,Florida Truck Parts,(305) 555-0201,P-5502,Marker lamp,14.60,4,SUP-01,Florida Truck Parts,(305) 555-0201,P-6601,AC compressor,640.00,1,SUP-03,Atlantic Fleet Components,(954) 555-0258,,,,,,,
WO-50304,2026-03-19,2026-03-20,TRK-210,1EBP2CLPU2HHEXYDK,Peterbilt,579,2019,DEP-MIA,Miami Main Shop,Miami,(305) 555-0140,M04,Rosa Jones,Level 1,58.00,2.5,Brake inspection and replacement,P-6602,Cabin air filter,22.50,4,SUP-01,Florida Truck Parts,(305) 555-0201,P-3320,Steer tire 295/75R22.5,412.00,1,SUP-04,Sunshine Tire & Brake,(561) 555-0277,,,,,,,,,,,,,,
WO-50305,2026-03-20,2026-03-22,TRK-203,1S0WX3UDH042GEVDN,Peterbilt,579,2017,DEP-FLL,Fort Lauderdale Yard,Fort Lauderdale,(954) 555-0118,M17,Linda Perez,Level 1,58.00,0.5,AC not cooling cab,P-5510,Battery group 31,189.00,3,SUP-03,Atlantic Fleet Components,(954) 555-0258,P-4420,Serpentine belt,52.30,2,SUP-01,Florida Truck Parts,(305) 555-0201,P-7701,Leaf spring,305.00,1,SUP-01,Florida Truck Parts,(305) 555-0201,,,,,,,
WO-50306,2026-03-20,2026-03-20,TRK-213,1S6387WV5GDJDGTHG,Peterbilt,579,2025,DEP-TPA,Tampa Bay Shop,Tampa,(813) 555-0175,M03,Carlos Garcia,Master,110.00,1.5,Wheel seal leak,P-4403,Air filter element,61.10,3,SUP-02,Gulf Coast Diesel Supply,(813) 555-0233,P-5510,Battery group 31,189.00,4,SUP-03,Atlantic Fleet Components,(954) 555-0258,,,,,,,,,,,,,,
WO-50307,2026-03-20,2026-03-20,TRK-218,14LV5F5M9JYBJ439E,Freightliner,Cascadia,2019,DEP-TPA,Tampa Bay Shop,Tampa,(813) 555-0175,M14,Ana Johnson,Level 1,58.00,5.0,No start condition,P-3302,Brake drum,214.00,3,SUP-04,Sunshine Tire & Brake,(561) 555-0277,P-3321,Drive tire 11R22.5,389.00,4,SUP-04,Sunshine Tire & Brake,(561) 555-0277,P-5520,Wiper blade pair,29.90,3,SUP-01,Florida Truck Parts,(305) 555-0201,,,,,,,
WO-50308,2026-03-20,2026-03-21,TRK-229,15ZEB5J6BUAVTXJRN,Hino,L6,2021,DEP-MIA,Miami Main Shop,Miami,(305) 555-0140,M03,Carlos Garcia,Master,110.00,0.5,Preventive maintenance service,P-4430,Water pump,276.00,2,SUP-03,Atlantic Fleet Components,(954) 555-0258,P-4450,Starter motor,455.00,3,SUP-03,Atlantic Fleet Components,(954) 555-0258,,,,,,,,,,,,,,
WO-50309,2026-03-21,2026-03-22,TRK-236,1S7R5LH94J1YRYAXF,Peterbilt,579,2019,DEP-DOR,Doral Service Center,Doral,(305) 555-0162,M16,Rosa Harris,Level 2,72.00,2.0,AC not cooling cab,P-6601,AC compressor,640.00,1,SUP-03,Atlantic Fleet Components,(954) 555-0258,,,,,,,,,,,,,,,,,,,,,
WO-50310,2026-03-21,2026-03-22,TRK-220,1WP5D1ZS5KRYCNXV8,Kenworth,T680,2017,DEP-TPA,Tampa Bay Shop,Tampa,(813) 555-0175,M09,Tanya Davis,Level 1,58.00,0.5,Tire wear on steer axle,P-5501,Headlight assembly,133.00,4,SUP-01,Florida Truck Parts,(305) 555-0201,P-4401,Engine oil filter,24.75,3,SUP-02,Gulf Coast Diesel Supply,(813) 555-0233,P-3310,Air brake chamber,68.25,4,SUP-01,Florida Truck Parts,(305) 555-0201,P-7701,Leaf spring,305.00,2,SUP-01,Florida Truck Parts,(305) 555-0201
WO-50311,2026-03-21,2026-03-22,TRK-203,1S0WX3UDH042GEVDN,Peterbilt,579,2017,DEP-FLL,Fort Lauderdale Yard,Fort Lauderdale,(954) 555-0118,M10,Linda Taylor,Level 3,89.00,2.0,AC not cooling cab,P-4403,Air filter element,61.10,2,SUP-02,Gulf Coast Diesel Supply,(813) 555-0233,,,,,,,,,,,,,,,,,,,,,
WO-50312,2026-03-21,2026-03-23,TRK-201,1XHLZYVEE39CZPDTA,Volvo,VNL 860,2020,DEP-DOR,Doral Service Center,Doral,(305) 555-0162,M07,Maria Johnson,Master,110.00,1.0,Engine warning light,P-4401,Engine oil filter,24.75,4,SUP-02,Gulf Coast Diesel Supply,(813) 555-0233,P-4402,Fuel filter,38.40,3,SUP-02,Gulf Coast Diesel Supply,(813) 555-0233,P-4420,Serpentine belt,52.30,3,SUP-01,Florida Truck Parts,(305) 555-0201,P-7702,Shock absorber,118.00,4,SUP-01,Florida Truck Parts,(305) 555-0201
WO-50313,2026-03-22,2026-03-22,TRK-222,111U8J1213VDCX5BD,Kenworth,T680,2024,DEP-MIA,Miami Main Shop,Miami,(305) 555-0140,M01,Maria Garcia,Level 1,58.00,3.0,No start condition,P-5502,Marker lamp,14.60,3,SUP-01,Florida Truck Parts,(305) 555-0201,P-3321,Drive tire 11R22.5,389.00,2,SUP-04,Sunshine Tire & Brake,(561) 555-0277,,,,,,,,,,,,,,
WO-50314,2026-03-22,2026-03-23,TRK-205,1J8GYCFM42DVLT3YE,Isuzu,NRR,2018,DEP-FLL,Fort Lauderdale Yard,Fort Lauderdale,(954) 555-0118,M13,Ana Lopez,Level 2,72.00,2.5,No start condition,P-6610,Coolant jug 1 gal,18.75,1,SUP-02,Gulf Coast Diesel Supply,(813) 555-0233,P-4403,Air filter element,61.10,1,SUP-02,Gulf Coast Diesel Supply,(813) 555-0233,P-6602,Cabin air filter,22.50,4,SUP-01,Florida Truck Parts,(305) 555-0201,,,,,,,
WO-50315,2026-03-22,2026-03-23,TRK-218,14LV5F5M9JYBJ439E,Freightliner,Cascadia,2019,DEP-MIA,Miami Main Shop,Miami,(305) 555-0140,M08,Ramon Ortiz,Level 3,89.00,2.5,AC not cooling cab,P-7702,Shock absorber,118.00,3,SUP-01,Florida Truck Parts,(305) 555-0201,,,,,,,,,,,,,,,,,,,,,
WO-50316,2026-03-22,2026-03-23,TRK-231,1XU7JZRYDHNX7KKPR,Kenworth,T680,2023,DEP-MIA,Miami Main Shop,Miami,(305) 555-0140,M05,Elena Lopez,Level 1,58.00,1.5,Brake inspection and replacement,P-7702,Shock absorber,118.00,1,SUP-01,Florida Truck Parts,(305) 555-0201,P-4401,Engine oil filter,24.75,1,SUP-02,Gulf Coast Diesel Supply,(813) 555-0233,P-5520,Wiper blade pair,29.90,1,SUP-01,Florida Truck Parts,(305) 555-0201,P-4450,Starter motor,455.00,1,SUP-03,Atlantic Fleet Components,(954) 555-0258
WO-50317,2026-03-23,2026-03-23,TRK-230,15ZJWGNLH0DT85FY6,International,LT,2017,DEP-MIA,Miami Main Shop,Miami,(305) 555-0140,M11,James Thomas,Master,110.00,0.5,AC not cooling cab,P-4420,Serpentine belt,52.30,3,SUP-01,Florida Truck Parts,(305) 555-0201,P-5502,Marker lamp,14.60,4,SUP-01,Florida Truck Parts,(305) 555-0201,P-6610,Coolant jug 1 gal,18.75,3,SUP-02,Gulf Coast Diesel Supply,(813) 555-0233,P-5501,Headlight assembly,133.00,4,SUP-01,Florida Truck Parts,(305) 555-0201
WO-50318,2026-03-23,2026-03-23,TRK-240,1586KZ9M394JSHAM9,Peterbilt,579,2024,DEP-MIA,Miami Main Shop,Miami,(305) 555-0140,M03,Carlos Garcia,Master,110.00,5.0,Brake inspection and replacement,P-4403,Air filter element,61.10,2,SUP-02,Gulf Coast Diesel Supply,(813) 555-0233,P-7701,Leaf spring,305.00,2,SUP-01,Florida Truck Parts,(305) 555-0201,,,,,,,,,,,,,,
WO-50319,2026-03-23,2026-03-25,TRK-215,1Y6T6NZMGNJPAXJFB,Peterbilt,579,2020,DEP-TPA,Tampa Bay Shop,Tampa,(813) 555-0175,M02,Miguel Brown,Master,110.00,4.0,Preventive maintenance service,P-7702,Shock absorber,118.00,3,SUP-01,Florida Truck Parts,(305) 555-0201,P-3320,Steer tire 295/75R22.5,412.00,2,SUP-04,Sunshine Tire & Brake,(561) 555-0277,,,,,,,,,,,,,,
WO-50320,2026-03-23,2026-03-23,TRK-215,1Y6T6NZMGNJPAXJFB,Peterbilt,579,2020,DEP-TPA,Tampa Bay Shop,Tampa,(813) 555-0175,M16,Rosa Harris,Level 2,72.00,2.5,Preventive maintenance service,P-3301,Brake pad set,89.50,1,SUP-04,Sunshine Tire & Brake,(561) 555-0277,P-5510,Battery group 31,189.00,4,SUP-03,Atlantic Fleet Components,(954) 555-0258,,,,,,,,,,,,,,
WO-50321,2026-03-24,2026-03-25,TRK-211,17CV16P7R3NBW50AP,Volvo,VNL 860,2017,DEP-MIA,Miami Main Shop,Miami,(305) 555-0140,M16,Rosa Harris,Level 2,72.00,4.0,Suspension noise,P-4402,Fuel filter,38.40,3,SUP-02,Gulf Coast Diesel Supply,(813) 555-0233,,,,,,,,,,,,,,,,,,,,,
WO-50322,2026-03-24,2026-03-27,TRK-231,1XU7JZRYDHNX7KKPR,Kenworth,T680,2023,DEP-FLL,Fort Lauderdale Yard,Fort Lauderdale,(954) 555-0118,M09,Tanya Davis,Level 1,58.00,5.0,Brake inspection and replacement,P-4420,Serpentine belt,52.30,4,SUP-01,Florida Truck Parts,(305) 555-0201,P-4440,Alternator,498.00,1,SUP-03,Atlantic Fleet Components,(954) 555-0258,P-4403,Air filter element,61.10,4,SUP-02,Gulf Coast Diesel Supply,(813) 555-0233,,,,,,,
WO-50323,2026-03-24,2026-03-25,TRK-226,1E897MZ2T117U81K7,Hino,L6,2023,DEP-MIA,Miami Main Shop,Miami,(305) 555-0140,M04,Rosa Jones,Level 1,58.00,1.0,Brake inspection and replacement,P-7702,Shock absorber,118.00,1,SUP-01,Florida Truck Parts,(305) 555-0201,,,,,,,,,,,,,,,,,,,,,
WO-50324,2026-03-24,2026-03-26,TRK-236,1S7R5LH94J1YRYAXF,Peterbilt,579,2019,DEP-FLL,Fort Lauderdale Yard,Fort Lauderdale,(954) 555-0118,M15,Diego Jackson,Master,110.00,0.5,No start condition,P-4401,Engine oil filter,24.75,4,SUP-02,Gulf Coast Diesel Supply,(813) 555-0233,,,,,,,,,,,,,,,,,,,,,
WO-50325,2026-03-25,2026-03-26,TRK-202,1HU5DGS3X7K5CAU9E,Peterbilt,579,2017,DEP-TPA,Tampa Bay Shop,Tampa,(813) 555-0175,M09,Tanya Davis,Level 1,58.00,5.0,Engine warning light,P-3321,Drive tire 11R22.5,389.00,2,SUP-04,Sunshine Tire & Brake,(561) 555-0277,,,,,,,,,,,,,,,,,,,,,
WO-50326,2026-03-25,2026-03-27,TRK-227,1NZS2C3KZET3YNV4Z,Isuzu,NRR,2017,DEP-DOR,Doral Service Center,Doral,(305) 555-0162,M07,Maria Johnson,Master,110.00,6.0,DOT annual inspection,P-7710,Wheel seal kit,41.20,4,SUP-04,Sunshine Tire & Brake,(561) 555-0277,P-4430,Water pump,276.00,3,SUP-03,Atlantic Fleet Components,(954) 555-0258,,,,,,,,,,,,,,
WO-50327,2026-03-25,2026-03-25,TRK-238,15FSYL4JJ55L6SRE5,Isuzu,NRR,2016,DEP-FLL,Fort Lauderdale Yard,Fort Lauderdale,(954) 555-0118,M04,Rosa Jones,Level 1,58.00,1.0,Charging system failure,P-4430,Water pump,276.00,3,SUP-03,Atlantic Fleet Components,(954) 555-0258,,,,,,,,,,,,,,,,,,,,,
WO-50328,2026-03-25,2026-03-26,TRK-231,1XU7JZRYDHNX7KKPR,Kenworth,T680,2023,DEP-FLL,Fort Lauderdale Yard,Fort Lauderdale,(954) 555-0118,M09,Tanya Davis,Level 1,58.00,3.0,Preventive maintenance service,P-4403,Air filter element,61.10,3,SUP-02,Gulf Coast Diesel Supply,(813) 555-0233,P-4402,Fuel filter,38.40,4,SUP-02,Gulf Coast Diesel Supply,(813) 555-0233,,,,,,,,,,,,,,
WO-50329,2026-03-26,2026-03-26,TRK-214,1UT62YZ6MKFU8VG3S,Volvo,VNL 860,2016,DEP-FLL,Fort Lauderdale Yard,Fort Lauderdale,(954) 555-0118,M15,Diego Jackson,Master,110.00,3.0,Suspension noise,P-7702,Shock absorber,118.00,4,SUP-01,Florida Truck Parts,(305) 555-0201,P-4440,Alternator,498.00,3,SUP-03,Atlantic Fleet Components,(954) 555-0258,P-4403,Air filter element,61.10,2,SUP-02,Gulf Coast Diesel Supply,(813) 555-0233,,,,,,,
WO-50330,2026-03-26,2026-03-29,TRK-237,1G1FW0N0YUFEWGXHD,Freightliner,Cascadia,2020,DEP-FLL,Fort Lauderdale Yard,Fort Lauderdale,(954) 555-0118,M02,Miguel Brown,Master,110.00,1.5,Wheel seal leak,P-4410,Diesel exhaust fluid case,45.00,1,SUP-02,Gulf Coast Diesel Supply,(813) 555-0233,P-7720,Fifth wheel grease,16.40,1,SUP-02,Gulf Coast Diesel Supply,(813) 555-0233,,,,,,,,,,,,,,
WO-50331,2026-03-26,2026-03-27,TRK-227,1NZS2C3KZET3YNV4Z,Isuzu,NRR,2017,DEP-FLL,Fort Lauderdale Yard,Fort Lauderdale,(954) 555-0118,M08,Ramon Ortiz,Level 3,89.00,5.0,Wheel seal leak,P-3302,Brake drum,214.00,3,SUP-04,Sunshine Tire & Brake,(561) 555-0277,,,,,,,,,,,,,,,,,,,,,
WO-50332,2026-03-26,2026-03-26,TRK-202,1HU5DGS3X7K5CAU9E,Peterbilt,579,2017,DEP-DOR,Doral Service Center,Doral,(305) 555-0162,M10,Linda Taylor,Level 3,89.00,2.5,Wheel seal leak,P-5510,Battery group 31,189.00,3,SUP-03,Atlantic Fleet Components,(954) 555-0258,,,,,,,,,,,,,,,,,,,,,
WO-50333,2026-03-27,2026-03-27,TRK-205,1J8GYCFM42DVLT3YE,Isuzu,NRR,2018,DEP-TPA,Tampa Bay Shop,Tampa,(813) 555-0175,M07,Maria Johnson,Master,110.00,4.0,Coolant leak,P-6610,Coolant jug 1 gal,18.75,1,SUP-02,Gulf Coast Diesel Supply,(813) 555-0233,P-7710,Wheel seal kit,41.20,2,SUP-04,Sunshine Tire & Brake,(561) 555-0277,P-4420,Serpentine belt,52.30,4,SUP-01,Florida Truck Parts,(305) 555-0201,P-4440,Alternator,498.00,2,SUP-03,Atlantic Fleet Components,(954) 555-0258
WO-50334,2026-03-27,2026-03-30,TRK-230,15ZJWGNLH0DT85FY6,International,LT,2017,DEP-FLL,Fort Lauderdale Yard,Fort Lauderdale,(954) 555-0118,M16,Rosa Harris,Level 2,72.00,2.0,Preventive maintenance service,P-6602,Cabin air filter,22.50,3,SUP-01,Florida Truck Parts,(305) 555-0201,,,,,,,,,,,,,,,,,,,,,
WO-50335,2026-03-27,2026-03-27,TRK-203,1S0WX3UDH042GEVDN,Peterbilt,579,2017,DEP-FLL,Fort Lauderdale Yard,Fort Lauderdale,(954) 555-0118,M14,Ana Johnson,Level 1,58.00,6.0,Charging system failure,P-4440,Alternator,498.00,4,SUP-03,Atlantic Fleet Components,(954) 555-0258,P-4430,Water pump,276.00,4,SUP-03,Atlantic Fleet Components,(954) 555-0258,,,,,,,,,,,,,,
WO-50336,2026-03-27,2026-03-27,TRK-213,1S6387WV5GDJDGTHG,Peterbilt,579,2025,DEP-DOR,Doral Service Center,Doral,(305) 555-0162,M03,Carlos Garcia,Master,110.00,3.0,Electrical fault in lighting,P-7702,Shock absorber,118.00,4,SUP-01,Florida Truck Parts,(305) 555-0201,,,,,,,,,,,,,,,,,,,,,
WO-50337,2026-03-28,2026-03-29,TRK-202,1HU5DGS3X7K5CAU9E,Peterbilt,579,2017,DEP-FLL,Fort Lauderdale Yard,Fort Lauderdale,(954) 555-0118,M16,Rosa Harris,Level 2,72.00,2.0,Tire wear on steer axle,P-4410,Diesel exhaust fluid case,45.00,2,SUP-02,Gulf Coast Diesel Supply,(813) 555-0233,P-6601,AC compressor,640.00,1,SUP-03,Atlantic Fleet Components,(954) 555-0258,P-5520,Wiper blade pair,29.90,2,SUP-01,Florida Truck Parts,(305) 555-0201,P-7720,Fifth wheel grease,16.40,3,SUP-02,Gulf Coast Diesel Supply,(813) 555-0233
WO-50338,2026-03-28,2026-03-28,TRK-225,1PGNK2CJ87WB7FKEG,Hino,L6,2020,DEP-FLL,Fort Lauderdale Yard,Fort Lauderdale,(954) 555-0118,M15,Diego Jackson,Master,110.00,6.0,Brake inspection and replacement,P-6601,AC compressor,640.00,3,SUP-03,Atlantic Fleet Components,(954) 555-0258,P-7702,Shock absorber,118.00,2,SUP-01,Florida Truck Parts,(305) 555-0201,P-4430,Water pump,276.00,4,SUP-03,Atlantic Fleet Components,(954) 555-0258,P-4401,Engine oil filter,24.75,3,SUP-02,Gulf Coast Diesel Supply,(813) 555-0233
WO-50339,2026-03-28,2026-03-28,TRK-220,1WP5D1ZS5KRYCNXV8,Kenworth,T680,2017,DEP-DOR,Doral Service Center,Doral,(305) 555-0162,M09,Tanya Davis,Level 1,58.00,5.0,Charging system failure,P-6610,Coolant jug 1 gal,18.75,1,SUP-02,Gulf Coast Diesel Supply,(813) 555-0233,P-7701,Leaf spring,305.00,2,SUP-01,Florida Truck Parts,(305) 555-0201,P-4401,Engine oil filter,24.75,2,SUP-02,Gulf Coast Diesel Supply,(813) 555-0233,P-5510,Battery group 31,189.00,1,SUP-03,Atlantic Fleet Components,(954) 555-0258
WO-50340,2026-03-28,2026-03-28,TRK-210,1EBP2CLPU2HHEXYDK,Peterbilt,579,2019,DEP-DOR,Doral Service Center,Doral,(305) 555-0162,M11,James Thomas,Master,110.00,5.0,Engine warning light,P-4402,Fuel filter,38.40,3,SUP-02,Gulf Coast Diesel Supply,(813) 555-0233,,,,,,,,,,,,,,,,,,,,,
WO-50341,2026-03-29,2026-03-30,TRK-207,1WZA1BNL3FJPV81NL,Volvo,VNL 860,2024,DEP-DOR,Doral Service Center,Doral,(305) 555-0162,M02,Miguel Brown,Master,110.00,6.0,Tire wear on steer axle,P-7701,Leaf spring,305.00,2,SUP-01,Florida Truck Parts,(305) 555-0201,P-5510,Battery group 31,189.00,1,SUP-03,Atlantic Fleet Components,(954) 555-0258,P-3301,Brake pad set,89.50,4,SUP-04,Sunshine Tire & Brake,(561) 555-0277,,,,,,,
WO-50342,2026-03-29,2026-03-30,TRK-239,1BUYTB964LB6D4X19,Peterbilt,579,2019,DEP-TPA,Tampa Bay Shop,Tampa,(813) 555-0175,M10,Linda Taylor,Level 3,89.00,3.0,No start condition,P-5502,Marker lamp,14.60,4,SUP-01,Florida Truck Parts,(305) 555-0201,P-4420,Serpentine belt,52.30,4,SUP-01,Florida Truck Parts,(305) 555-0201,,,,,,,,,,,,,,
WO-50343,2026-03-29,2026-03-29,TRK-230,15ZJWGNLH0DT85FY6,International,LT,2017,DEP-TPA,Tampa Bay Shop,Tampa,(813) 555-0175,M06,Victor Torres,Level 3,89.00,6.0,AC not cooling cab,P-7702,Shock absorber,118.00,1,SUP-01,Florida Truck Parts,(305) 555-0201,P-6601,AC compressor,640.00,2,SUP-03,Atlantic Fleet Components,(954) 555-0258,,,,,,,,,,,,,,
WO-50344,2026-03-29,2026-03-30,TRK-238,15FSYL4JJ55L6SRE5,Isuzu,NRR,2016,DEP-FLL,Fort Lauderdale Yard,Fort Lauderdale,(954) 555-0118,M02,Miguel Brown,Master,110.00,3.0,Tire wear on steer axle,P-3302,Brake drum,214.00,4,SUP-04,Sunshine Tire & Brake,(561) 555-0277,,,,,,,,,,,,,,,,,,,,,
WO-50345,2026-03-30,2026-03-30,TRK-230,15ZJWGNLH0DT85FY6,International,LT,2017,DEP-MIA,Miami Main Shop,Miami,(305) 555-0140,M05,Elena Lopez,Level 1,58.00,2.0,Tire wear on steer axle,P-3320,Steer tire 295/75R22.5,412.00,2,SUP-04,Sunshine Tire & Brake,(561) 555-0277,P-4402,Fuel filter,38.40,3,SUP-02,Gulf Coast Diesel Supply,(813) 555-0233,,,,,,,,,,,,,,
WO-50346,2026-03-30,2026-03-31,TRK-203,1S0WX3UDH042GEVDN,Peterbilt,579,2017,DEP-FLL,Fort Lauderdale Yard,Fort Lauderdale,(954) 555-0118,M03,Carlos Garcia,Master,110.00,2.0,Brake inspection and replacement,P-5520,Wiper blade pair,29.90,3,SUP-01,Florida Truck Parts,(305) 555-0201,P-4402,Fuel filter,38.40,4,SUP-02,Gulf Coast Diesel Supply,(813) 555-0233,P-4401,Engine oil filter,24.75,2,SUP-02,Gulf Coast Diesel Supply,(813) 555-0233,P-3302,Brake drum,214.00,2,SUP-04,Sunshine Tire & Brake,(561) 555-0277
WO-50347,2026-03-30,2026-03-31,TRK-214,1UT62YZ6MKFU8VG3S,Volvo,VNL 860,2016,DEP-DOR,Doral Service Center,Doral,(305) 555-0162,M12,Tanya Harris,Level 2,72.00,4.0,Electrical fault in lighting,P-4403,Air filter element,61.10,2,SUP-02,Gulf Coast Diesel Supply,(813) 555-0233,P-6602,Cabin air filter,22.50,3,SUP-01,Florida Truck Parts,(305) 555-0201,P-4450,Starter motor,455.00,2,SUP-03,Atlantic Fleet Components,(954) 555-0258,,,,,,,
WO-50348,2026-03-30,2026-03-31,TRK-208,1L62J8AD6K6MK75MU,Hino,L6,2022,DEP-TPA,Tampa Bay Shop,Tampa,(813) 555-0175,M05,Elena Lopez,Level 1,58.00,4.0,Wheel seal leak,P-3321,Drive tire 11R22.5,389.00,3,SUP-04,Sunshine Tire & Brake,(561) 555-0277,P-4450,Starter motor,455.00,4,SUP-03,Atlantic Fleet Components,(954) 555-0258,,,,,,,,,,,,,,
WO-50349,2026-03-31,2026-04-03,TRK-240,1586KZ9M394JSHAM9,Peterbilt,579,2024,DEP-FLL,Fort Lauderdale Yard,Fort Lauderdale,(954) 555-0118,M01,Maria Garcia,Level 1,58.00,1.5,Preventive maintenance service,P-3301,Brake pad set,89.50,4,SUP-04,Sunshine Tire & Brake,(561) 555-0277,P-6610,Coolant jug 1 gal,18.75,1,SUP-02,Gulf Coast Diesel Supply,(813) 555-0233,P-7702,Shock absorber,118.00,4,SUP-01,Florida Truck Parts,(305) 555-0201,,,,,,,
WO-50350,2026-03-31,2026-04-01,TRK-232,1GF7C9ZMVR2JDUCNT,Volvo,VNL 860,2025,DEP-FLL,Fort Lauderdale Yard,Fort Lauderdale,(954) 555-0118,M10,Linda Taylor,Level 3,89.00,4.0,Coolant leak,P-3301,Brake pad set,89.50,4,SUP-04,Sunshine Tire & Brake,(561) 555-0277,P-7720,Fifth wheel grease,16.40,4,SUP-02,Gulf Coast Diesel Supply,(813) 555-0233,P-4402,Fuel filter,38.40,2,SUP-02,Gulf Coast Diesel Supply,(813) 555-0233,P-4410,Diesel exhaust fluid case,45.00,3,SUP-02,Gulf Coast Diesel Supply,(813) 555-0233
WO-50351,2026-03-31,2026-04-01,TRK-224,14921JV0JDZLPLTFU,Isuzu,NRR,2019,DEP-TPA,Tampa Bay Shop,Tampa,(813) 555-0175,M12,Tanya Harris,Level 2,72.00,0.5,DOT annual inspection,P-7701,Leaf spring,305.00,1,SUP-01,Florida Truck Parts,(305) 555-0201,,,,,,,,,,,,,,,,,,,,,
WO-50352,2026-03-31,2026-04-02,TRK-224,14921JV0JDZLPLTFU,Isuzu,NRR,2019,DEP-TPA,Tampa Bay Shop,Tampa,(813) 555-0175,M11,James Thomas,Master,110.00,6.0,Wheel seal leak,P-7720,Fifth wheel grease,16.40,4,SUP-02,Gulf Coast Diesel Supply,(813) 555-0233,,,,,,,,,,,,,,,,,,,,,
WO-50353,2026-04-01,2026-04-03,TRK-222,111U8J1213VDCX5BD,Kenworth,T680,2024,DEP-FLL,Fort Lauderdale Yard,Fort Lauderdale,(954) 555-0118,M09,Tanya Davis,Level 1,58.00,6.0,Wheel seal leak,P-4403,Air filter element,61.10,4,SUP-02,Gulf Coast Diesel Supply,(813) 555-0233,P-6602,Cabin air filter,22.50,1,SUP-01,Florida Truck Parts,(305) 555-0201,P-7720,Fifth wheel grease,16.40,4,SUP-02,Gulf Coast Diesel Supply,(813) 555-0233,,,,,,,
WO-50354,2026-04-01,2026-04-02,TRK-238,15FSYL4JJ55L6SRE5,Isuzu,NRR,2016,DEP-FLL,Fort Lauderdale Yard,Fort Lauderdale,(954) 555-0118,M06,Victor Torres,Level 3,89.00,2.0,Brake inspection and replacement,P-3310,Air brake chamber,68.25,3,SUP-01,Florida Truck Parts,(305) 555-0201,P-7720,Fifth wheel grease,16.40,3,SUP-02,Gulf Coast Diesel Supply,(813) 555-0233,,,,,,,,,,,,,,
WO-50355,2026-04-01,2026-04-02,TRK-227,1NZS2C3KZET3YNV4Z,Isuzu,NRR,2017,DEP-FLL,Fort Lauderdale Yard,Fort Lauderdale,(954) 555-0118,M18,Jose Brown,Master,110.00,5.0,AC not cooling cab,P-4420,Serpentine belt,52.30,3,SUP-01,Florida Truck Parts,(305) 555-0201,P-5520,Wiper blade pair,29.90,4,SUP-01,Florida Truck Parts,(305) 555-0201,,,,,,,,,,,,,,
WO-50356,2026-04-01,2026-04-03,TRK-235,1378N31P8PYRP69D1,Peterbilt,579,2023,DEP-MIA,Miami Main Shop,Miami,(305) 555-0140,M11,James Thomas,Master,110.00,3.0,Wheel seal leak,P-7701,Leaf spring,305.00,4,SUP-01,Florida Truck Parts,(305) 555-0201,P-7710,Wheel seal kit,41.20,3,SUP-04,Sunshine Tire & Brake,(561) 555-0277,P-5502,Marker lamp,14.60,2,SUP-01,Florida Truck Parts,(305) 555-0201,,,,,,,
WO-50357,2026-04-02,2026-04-03,TRK-225,1PGNK2CJ87WB7FKEG,Hino,L6,2020,DEP-DOR,Doral Service Center,Doral,(305) 555-0162,M18,Jose Brown,Master,110.00,3.0,Brake inspection and replacement,P-3301,Brake pad set,89.50,4,SUP-04,Sunshine Tire & Brake,(561) 555-0277,,,,,,,,,,,,,,,,,,,,,
WO-50358,2026-04-02,2026-04-05,TRK-214,1UT62YZ6MKFU8VG3S,Volvo,VNL 860,2016,DEP-TPA,Tampa Bay Shop,Tampa,(813) 555-0175,M17,Linda Perez,Level 1,58.00,5.0,Charging system failure,P-7702,Shock absorber,118.00,1,SUP-01,Florida Truck Parts,(305) 555-0201,,,,,,,,,,,,,,,,,,,,,
WO-50359,2026-04-02,2026-04-05,TRK-232,1GF7C9ZMVR2JDUCNT,Volvo,VNL 860,2025,DEP-DOR,Doral Service Center,Doral,(305) 555-0162,M01,Maria Garcia,Level 1,58.00,4.0,Wheel seal leak,P-7710,Wheel seal kit,41.20,4,SUP-04,Sunshine Tire & Brake,(561) 555-0277,,,,,,,,,,,,,,,,,,,,,
WO-50360,2026-04-02,2026-04-04,TRK-227,1NZS2C3KZET3YNV4Z,Isuzu,NRR,2017,DEP-FLL,Fort Lauderdale Yard,Fort Lauderdale,(954) 555-0118,M10,Linda Taylor,Level 3,89.00,2.5,Engine warning light,P-7710,Wheel seal kit,41.20,2,SUP-04,Sunshine Tire & Brake,(561) 555-0277,P-4440,Alternator,498.00,2,SUP-03,Atlantic Fleet Components,(954) 555-0258,,,,,,,,,,,,,,
WO-50361,2026-04-03,2026-04-03,TRK-235,1378N31P8PYRP69D1,Peterbilt,579,2023,DEP-TPA,Tampa Bay Shop,Tampa,(813) 555-0175,M05,Elena Lopez,Level 1,58.00,1.5,Suspension noise,P-5502,Marker lamp,14.60,4,SUP-01,Florida Truck Parts,(305) 555-0201,P-4402,Fuel filter,38.40,3,SUP-02,Gulf Coast Diesel Supply,(813) 555-0233,,,,,,,,,,,,,,
WO-50362,2026-04-03,2026-04-03,TRK-228,1NB927BKE9TM7A66E,Hino,L6,2024,DEP-TPA,Tampa Bay Shop,Tampa,(813) 555-0175,M10,Linda Taylor,Level 3,89.00,4.0,DOT annual inspection,P-4430,Water pump,276.00,1,SUP-03,Atlantic Fleet Components,(954) 555-0258,P-4402,Fuel filter,38.40,4,SUP-02,Gulf Coast Diesel Supply,(813) 555-0233,,,,,,,,,,,,,,
WO-50363,2026-04-03,2026-04-06,TRK-231,1XU7JZRYDHNX7KKPR,Kenworth,T680,2023,DEP-MIA,Miami Main Shop,Miami,(305) 555-0140,M09,Tanya Davis,Level 1,58.00,4.0,Brake inspection and replacement,P-5502,Marker lamp,14.60,3,SUP-01,Florida Truck Parts,(305) 555-0201,,,,,,,,,,,,,,,,,,,,,
WO-50364,2026-04-03,2026-04-04,TRK-234,15HWKGYAV6MP428T6,Peterbilt,579,2025,DEP-MIA,Miami Main Shop,Miami,(305) 555-0140,M06,Victor Torres,Level 3,89.00,2.0,AC not cooling cab,P-4403,Air filter element,61.10,4,SUP-02,Gulf Coast Diesel Supply,(813) 555-0233,,,,,,,,,,,,,,,,,,,,,
WO-50365,2026-04-04,2026-04-04,TRK-203,1S0WX3UDH042GEVDN,Peterbilt,579,2017,DEP-FLL,Fort Lauderdale Yard,Fort Lauderdale,(954) 555-0118,M01,Maria Garcia,Level 1,58.00,0.5,Electrical fault in lighting,P-4440,Alternator,498.00,4,SUP-03,Atlantic Fleet Components,(954) 555-0258,P-4403,Air filter element,61.10,4,SUP-02,Gulf Coast Diesel Supply,(813) 555-0233,P-5502,Marker lamp,14.60,2,SUP-01,Florida Truck Parts,(305) 555-0201,,,,,,,
WO-50366,2026-04-04,2026-04-04,TRK-210,1EBP2CLPU2HHEXYDK,Peterbilt,579,2019,DEP-DOR,Doral Service Center,Doral,(305) 555-0162,M02,Miguel Brown,Master,110.00,4.0,Preventive maintenance service,P-4401,Engine oil filter,24.75,4,SUP-02,Gulf Coast Diesel Supply,(813) 555-0233,,,,,,,,,,,,,,,,,,,,,
WO-50367,2026-04-04,2026-04-05,TRK-239,1BUYTB964LB6D4X19,Peterbilt,579,2019,DEP-FLL,Fort Lauderdale Yard,Fort Lauderdale,(954) 555-0118,M07,Maria Johnson,Master,110.00,4.0,AC not cooling cab,P-4420,Serpentine belt,52.30,2,SUP-01,Florida Truck Parts,(305) 555-0201,,,,,,,,,,,,,,,,,,,,,
WO-50368,2026-04-04,2026-04-07,TRK-207,1WZA1BNL3FJPV81NL,Volvo,VNL 860,2024,DEP-MIA,Miami Main Shop,Miami,(305) 555-0140,M01,Maria Garcia,Level 1,58.00,1.0,Engine warning light,P-4420,Serpentine belt,52.30,1,SUP-01,Florida Truck Parts,(305) 555-0201,,,,,,,,,,,,,,,,,,,,,
WO-50369,2026-04-05,2026-04-05,TRK-235,1378N31P8PYRP69D1,Peterbilt,579,2023,DEP-MIA,Miami Main Shop,Miami,(305) 555-0140,M06,Victor Torres,Level 3,89.00,6.0,Engine warning light,P-3301,Brake pad set,89.50,1,SUP-04,Sunshine Tire & Brake,(561) 555-0277,,,,,,,,,,,,,,,,,,,,,
WO-50370,2026-04-05,2026-04-07,TRK-222,111U8J1213VDCX5BD,Kenworth,T680,2024,DEP-TPA,Tampa Bay Shop,Tampa,(813) 555-0175,M12,Tanya Harris,Level 2,72.00,6.0,Tire wear on steer axle,P-4430,Water pump,276.00,3,SUP-03,Atlantic Fleet Components,(954) 555-0258,,,,,,,,,,,,,,,,,,,,,
WO-50371,2026-04-05,2026-04-06,TRK-234,15HWKGYAV6MP428T6,Peterbilt,579,2025,DEP-TPA,Tampa Bay Shop,Tampa,(813) 555-0175,M06,Victor Torres,Level 3,89.00,4.0,Preventive maintenance service,P-7701,Leaf spring,305.00,3,SUP-01,Florida Truck Parts,(305) 555-0201,,,,,,,,,,,,,,,,,,,,,
WO-50372,2026-04-05,2026-04-05,TRK-227,1NZS2C3KZET3YNV4Z,Isuzu,NRR,2017,DEP-FLL,Fort Lauderdale Yard,Fort Lauderdale,(954) 555-0118,M14,Ana Johnson,Level 1,58.00,2.0,Electrical fault in lighting,P-5520,Wiper blade pair,29.90,2,SUP-01,Florida Truck Parts,(305) 555-0201,P-4401,Engine oil filter,24.75,3,SUP-02,Gulf Coast Diesel Supply,(813) 555-0233,P-3310,Air brake chamber,68.25,3,SUP-01,Florida Truck Parts,(305) 555-0201,,,,,,,
WO-50373,2026-04-06,2026-04-08,TRK-216,1NWUMZ0PBSPDHG2PR,Volvo,VNL 860,2020,DEP-TPA,Tampa Bay Shop,Tampa,(813) 555-0175,M17,Linda Perez,Level 1,58.00,1.0,Suspension noise,P-7720,Fifth wheel grease,16.40,3,SUP-02,Gulf Coast Diesel Supply,(813) 555-0233,P-6601,AC compressor,640.00,4,SUP-03,Atlantic Fleet Components,(954) 555-0258,P-3301,Brake pad set,89.50,2,SUP-04,Sunshine Tire & Brake,(561) 555-0277,P-5501,Headlight assembly,133.00,2,SUP-01,Florida Truck Parts,(305) 555-0201
WO-50374,2026-04-06,2026-04-06,TRK-218,14LV5F5M9JYBJ439E,Freightliner,Cascadia,2019,DEP-DOR,Doral Service Center,Doral,(305) 555-0162,M05,Elena Lopez,Level 1,58.00,0.5,Coolant leak,P-3301,Brake pad set,89.50,1,SUP-04,Sunshine Tire & Brake,(561) 555-0277,,,,,,,,,,,,,,,,,,,,,
WO-50375,2026-04-06,2026-04-07,TRK-209,1H1B67LZHRYY5BLAZ,Peterbilt,579,2020,DEP-TPA,Tampa Bay Shop,Tampa,(813) 555-0175,M11,James Thomas,Master,110.00,2.5,DOT annual inspection,P-3321,Drive tire 11R22.5,389.00,2,SUP-04,Sunshine Tire & Brake,(561) 555-0277,P-7710,Wheel seal kit,41.20,4,SUP-04,Sunshine Tire & Brake,(561) 555-0277,P-3301,Brake pad set,89.50,4,SUP-04,Sunshine Tire & Brake,(561) 555-0277,P-4410,Diesel exhaust fluid case,45.00,3,SUP-02,Gulf Coast Diesel Supply,(813) 555-0233
WO-50376,2026-04-06,2026-04-06,TRK-206,1V002CEMJCG8S6KXY,Kenworth,T680,2023,DEP-MIA,Miami Main Shop,Miami,(305) 555-0140,M10,Linda Taylor,Level 3,89.00,1.5,Charging system failure,P-7710,Wheel seal kit,41.20,2,SUP-04,Sunshine Tire & Brake,(561) 555-0277,P-4420,Serpentine belt,52.30,3,SUP-01,Florida Truck Parts,(305) 555-0201,,,,,,,,,,,,,,
WO-50377,2026-04-07,2026-04-07,TRK-211,17CV16P7R3NBW50AP,Volvo,VNL 860,2017,DEP-MIA,Miami Main Shop,Miami,(305) 555-0140,M08,Ramon Ortiz,Level 3,89.00,1.5,Electrical fault in lighting,P-5520,Wiper blade pair,29.90,3,SUP-01,Florida Truck Parts,(305) 555-0201,P-3320,Steer tire 295/75R22.5,412.00,1,SUP-04,Sunshine Tire & Brake,(561) 555-0277,P-3310,Air brake chamber,68.25,3,SUP-01,Florida Truck Parts,(305) 555-0201,,,,,,,
WO-50378,2026-04-07,2026-04-07,TRK-234,15HWKGYAV6MP428T6,Peterbilt,579,2025,DEP-DOR,Doral Service Center,Doral,(305) 555-0162,M13,Ana Lopez,Level 2,72.00,5.0,No start condition,P-6610,Coolant jug 1 gal,18.75,4,SUP-02,Gulf Coast Diesel Supply,(813) 555-0233,,,,,,,,,,,,,,,,,,,,,
WO-50379,2026-04-07,2026-04-08,TRK-220,1WP5D1ZS5KRYCNXV8,Kenworth,T680,2017,DEP-MIA,Miami Main Shop,Miami,(305) 555-0140,M01,Maria Garcia,Level 1,58.00,4.0,Suspension noise,P-4440,Alternator,498.00,2,SUP-03,Atlantic Fleet Components,(954) 555-0258,P-6601,AC compressor,640.00,4,SUP-03,Atlantic Fleet Components,(954) 555-0258,P-4401,Engine oil filter,24.75,3,SUP-02,Gulf Coast Diesel Supply,(813) 555-0233,P-4430,Water pump,276.00,1,SUP-03,Atlantic Fleet Components,(954) 555-0258
WO-50380,2026-04-07,2026-04-07,TRK-238,15FSYL4JJ55L6SRE5,Isuzu,NRR,2016,DEP-MIA,Miami Main Shop,Miami,(305) 555-0140,M15,Diego Jackson,Master,110.00,5.0,Wheel seal leak,P-4450,Starter motor,455.00,1,SUP-03,Atlantic Fleet Components,(954) 555-0258,P-6610,Coolant jug 1 gal,18.75,2,SUP-02,Gulf Coast Diesel Supply,(813) 555-0233,,,,,,,,,,,,,,
WO-50381,2026-04-08,2026-04-09,TRK-229,15ZEB5J6BUAVTXJRN,Hino,L6,2021,DEP-TPA,Tampa Bay Shop,Tampa,(813) 555-0175,M05,Elena Lopez,Level 1,58.00,6.0,Tire wear on steer axle,P-3310,Air brake chamber,68.25,1,SUP-01,Florida Truck Parts,(305) 555-0201,P-6601,AC compressor,640.00,2,SUP-03,Atlantic Fleet Components,(954) 555-0258,,,,,,,,,,,,,,
WO-50382,2026-04-08,2026-04-09,TRK-224,14921JV0JDZLPLTFU,Isuzu,NRR,2019,DEP-DOR,Doral Service Center,Doral,(305) 555-0162,M09,Tanya Davis,Level 1,58.00,2.5,Preventive maintenance service,P-3310,Air brake chamber,68.25,2,SUP-01,Florida Truck Parts,(305) 555-0201,P-3320,Steer tire 295/75R22.5,412.00,2,SUP-04,Sunshine Tire & Brake,(561) 555-0277,P-5502,Marker lamp,14.60,4,SUP-01,Florida Truck Parts,(305) 555-0201,P-3301,Brake pad set,89.50,1,SUP-04,Sunshine Tire & Brake,(561) 555-0277
WO-50383,2026-04-08,2026-04-08,TRK-238,15FSYL4JJ55L6SRE5,Isuzu,NRR,2016,DEP-FLL,Fort Lauderdale Yard,Fort Lauderdale,(954) 555-0118,M12,Tanya Harris,Level 2,72.00,1.0,AC not cooling cab,P-5520,Wiper blade pair,29.90,1,SUP-01,Florida Truck Parts,(305) 555-0201,P-5510,Battery group 31,189.00,4,SUP-03,Atlantic Fleet Components,(954) 555-0258,,,,,,,,,,,,,,
WO-50384,2026-04-08,2026-04-08,TRK-216,1NWUMZ0PBSPDHG2PR,Volvo,VNL 860,2020,DEP-MIA,Miami Main Shop,Miami,(305) 555-0140,M17,Linda Perez,Level 1,58.00,3.0,Electrical fault in lighting,P-4420,Serpentine belt,52.30,2,SUP-01,Florida Truck Parts,(305) 555-0201,,,,,,,,,,,,,,,,,,,,,
WO-50385,2026-04-09,2026-04-10,TRK-209,1H1B67LZHRYY5BLAZ,Peterbilt,579,2020,DEP-DOR,Doral Service Center,Doral,(305) 555-0162,M01,Maria Garcia,Level 1,58.00,1.5,Engine warning light,P-7710,Wheel seal kit,41.20,3,SUP-04,Sunshine Tire & Brake,(561) 555-0277,,,,,,,,,,,,,,,,,,,,,
WO-50386,2026-04-09,2026-04-12,TRK-217,1UG7U1UBYAH5Z3PE6,Peterbilt,579,2017,DEP-DOR,Doral Service Center,Doral,(305) 555-0162,M11,James Thomas,Master,110.00,5.0,Engine warning light,P-7701,Leaf spring,305.00,3,SUP-01,Florida Truck Parts,(305) 555-0201,,,,,,,,,,,,,,,,,,,,,
WO-50387,2026-04-09,2026-04-09,TRK-227,1NZS2C3KZET3YNV4Z,Isuzu,NRR,2017,DEP-FLL,Fort Lauderdale Yard,Fort Lauderdale,(954) 555-0118,M12,Tanya Harris,Level 2,72.00,2.5,No start condition,P-5510,Battery group 31,189.00,1,SUP-03,Atlantic Fleet Components,(954) 555-0258,P-5502,Marker lamp,14.60,1,SUP-01,Florida Truck Parts,(305) 555-0201,,,,,,,,,,,,,,
WO-50388,2026-04-09,2026-04-09,TRK-237,1G1FW0N0YUFEWGXHD,Freightliner,Cascadia,2020,DEP-TPA,Tampa Bay Shop,Tampa,(813) 555-0175,M13,Ana Lopez,Level 2,72.00,4.0,Suspension noise,P-6602,Cabin air filter,22.50,4,SUP-01,Florida Truck Parts,(305) 555-0201,P-6610,Coolant jug 1 gal,18.75,3,SUP-02,Gulf Coast Diesel Supply,(813) 555-0233,P-4401,Engine oil filter,24.75,1,SUP-02,Gulf Coast Diesel Supply,(813) 555-0233,,,,,,,
WO-50389,2026-04-10,2026-04-10,TRK-212,12AYLATERX8BJE9AX,Kenworth,T680,2017,DEP-DOR,Doral Service Center,Doral,(305) 555-0162,M17,Linda Perez,Level 1,58.00,1.5,Engine warning light,P-4402,Fuel filter,38.40,3,SUP-02,Gulf Coast Diesel Supply,(813) 555-0233,P-4450,Starter motor,455.00,3,SUP-03,Atlantic Fleet Components,(954) 555-0258,P-6602,Cabin air filter,22.50,4,SUP-01,Florida Truck Parts,(305) 555-0201,,,,,,,
WO-50390,2026-04-10,2026-04-10,TRK-224,14921JV0JDZLPLTFU,Isuzu,NRR,2019,DEP-DOR,Doral Service Center,Doral,(305) 555-0162,M03,Carlos Garcia,Master,110.00,1.5,Coolant leak,P-5520,Wiper blade pair,29.90,3,SUP-01,Florida Truck Parts,(305) 555-0201,,,,,,,,,,,,,,,,,,,,,
WO-50391,2026-04-10,2026-04-11,TRK-218,14LV5F5M9JYBJ439E,Freightliner,Cascadia,2019,DEP-MIA,Miami Main Shop,Miami,(305) 555-0140,M08,Ramon Ortiz,Level 3,89.00,1.5,Tire wear on steer axle,P-7720,Fifth wheel grease,16.40,3,SUP-02,Gulf Coast Diesel Supply,(813) 555-0233,,,,,,,,,,,,,,,,,,,,,
WO-50392,2026-04-10,2026-04-12,TRK-223,1JEWDNVPETU38DA0W,Volvo,VNL 860,2022,DEP-FLL,Fort Lauderdale Yard,Fort Lauderdale,(954) 555-0118,M11,James Thomas,Master,110.00,1.0,AC not cooling cab,P-7702,Shock absorber,118.00,2,SUP-01,Florida Truck Parts,(305) 555-0201,P-5520,Wiper blade pair,29.90,1,SUP-01,Florida Truck Parts,(305) 555-0201,P-4420,Serpentine belt,52.30,1,SUP-01,Florida Truck Parts,(305) 555-0201,P-5501,Headlight assembly,133.00,1,SUP-01,Florida Truck Parts,(305) 555-0201
WO-50393,2026-04-11,2026-04-11,TRK-201,1XHLZYVEE39CZPDTA,Volvo,VNL 860,2020,DEP-FLL,Fort Lauderdale Yard,Fort Lauderdale,(954) 555-0118,M06,Victor Torres,Level 3,89.00,6.0,Engine warning light,P-7701,Leaf spring,305.00,4,SUP-01,Florida Truck Parts,(305) 555-0201,,,,,,,,,,,,,,,,,,,,,
WO-50394,2026-04-11,2026-04-12,TRK-232,1GF7C9ZMVR2JDUCNT,Volvo,VNL 860,2025,DEP-MIA,Miami Main Shop,Miami,(305) 555-0140,M06,Victor Torres,Level 3,89.00,1.5,Coolant leak,P-7710,Wheel seal kit,41.20,2,SUP-04,Sunshine Tire & Brake,(561) 555-0277,P-4440,Alternator,498.00,2,SUP-03,Atlantic Fleet Components,(954) 555-0258,,,,,,,,,,,,,,
WO-50395,2026-04-11,2026-04-13,TRK-231,1XU7JZRYDHNX7KKPR,Kenworth,T680,2023,DEP-FLL,Fort Lauderdale Yard,Fort Lauderdale,(954) 555-0118,M01,Maria Garcia,Level 1,58.00,6.0,Engine warning light,P-6610,Coolant jug 1 gal,18.75,4,SUP-02,Gulf Coast Diesel Supply,(813) 555-0233,P-4403,Air filter element,61.10,1,SUP-02,Gulf Coast Diesel Supply,(813) 555-0233,,,,,,,,,,,,,,
WO-50396,2026-04-11,2026-04-14,TRK-211,17CV16P7R3NBW50AP,Volvo,VNL 860,2017,DEP-DOR,Doral Service Center,Doral,(305) 555-0162,M02,Miguel Brown,Master,110.00,5.0,Charging system failure,P-4440,Alternator,498.00,1,SUP-03,Atlantic Fleet Components,(954) 555-0258,P-5520,Wiper blade pair,29.90,3,SUP-01,Florida Truck Parts,(305) 555-0201,P-4401,Engine oil filter,24.75,2,SUP-02,Gulf Coast Diesel Supply,(813) 555-0233,,,,,,,
WO-50397,2026-04-12,2026-04-15,TRK-225,1PGNK2CJ87WB7FKEG,Hino,L6,2020,DEP-FLL,Fort Lauderdale Yard,Fort Lauderdale,(954) 555-0118,M17,Linda Perez,Level 1,58.00,1.0,DOT annual inspection,P-4440,Alternator,498.00,4,SUP-03,Atlantic Fleet Components,(954) 555-0258,P-3320,Steer tire 295/75R22.5,412.00,2,SUP-04,Sunshine Tire & Brake,(561) 555-0277,P-4401,Engine oil filter,24.75,2,SUP-02,Gulf Coast Diesel Supply,(813) 555-0233,,,,,,,
WO-50398,2026-04-12,2026-04-14,TRK-231,1XU7JZRYDHNX7KKPR,Kenworth,T680,2023,DEP-DOR,Doral Service Center,Doral,(305) 555-0162,M18,Jose Brown,Master,110.00,5.0,No start condition,P-7701,Leaf spring,305.00,2,SUP-01,Florida Truck Parts,(305) 555-0201,,,,,,,,,,,,,,,,,,,,,
WO-50399,2026-04-12,2026-04-15,TRK-203,1S0WX3UDH042GEVDN,Peterbilt,579,2017,DEP-TPA,Tampa Bay Shop,Tampa,(813) 555-0175,M06,Victor Torres,Level 3,89.00,6.0,Coolant leak,P-7720,Fifth wheel grease,16.40,1,SUP-02,Gulf Coast Diesel Supply,(813) 555-0233,,,,,,,,,,,,,,,,,,,,,
WO-50400,2026-04-12,2026-04-12,TRK-219,1MD3B0C4AZ6JP3BP6,Isuzu,NRR,2023,DEP-DOR,Doral Service Center,Doral,(305) 555-0162,M04,Rosa Jones,Level 1,58.00,5.0,Tire wear on steer axle,P-4403,Air filter element,61.10,1,SUP-02,Gulf Coast Diesel Supply,(813) 555-0233,,,,,,,,,,,,,,,,,,,,,
WO-50401,2026-04-13,2026-04-15,TRK-226,1E897MZ2T117U81K7,Hino,L6,2023,DEP-FLL,Fort Lauderdale Yard,Fort Lauderdale,(954) 555-0118,M05,Elena Lopez,Level 1,58.00,4.0,No start condition,P-7710,Wheel seal kit,41.20,1,SUP-04,Sunshine Tire & Brake,(561) 555-0277,,,,,,,,,,,,,,,,,,,,,
WO-50402,2026-04-13,2026-04-13,TRK-206,1V002CEMJCG8S6KXY,Kenworth,T680,2023,DEP-TPA,Tampa Bay Shop,Tampa,(813) 555-0175,M04,Rosa Jones,Level 1,58.00,2.0,Charging system failure,P-4420,Serpentine belt,52.30,2,SUP-01,Florida Truck Parts,(305) 555-0201,P-5510,Battery group 31,189.00,3,SUP-03,Atlantic Fleet Components,(954) 555-0258,P-5520,Wiper blade pair,29.90,3,SUP-01,Florida Truck Parts,(305) 555-0201,P-3301,Brake pad set,89.50,3,SUP-04,Sunshine Tire & Brake,(561) 555-0277
WO-50403,2026-04-13,2026-04-13,TRK-222,111U8J1213VDCX5BD,Kenworth,T680,2024,DEP-DOR,Doral Service Center,Doral,(305) 555-0162,M14,Ana Johnson,Level 1,58.00,4.0,Suspension noise,P-5501,Headlight assembly,133.00,4,SUP-01,Florida Truck Parts,(305) 555-0201,P-4401,Engine oil filter,24.75,3,SUP-02,Gulf Coast Diesel Supply,(813) 555-0233,,,,,,,,,,,,,,
WO-50404,2026-04-13,2026-04-15,TRK-239,1BUYTB964LB6D4X19,Peterbilt,579,2019,DEP-DOR,Doral Service Center,Doral,(305) 555-0162,M05,Elena Lopez,Level 1,58.00,5.0,Engine warning light,P-6610,Coolant jug 1 gal,18.75,4,SUP-02,Gulf Coast Diesel Supply,(813) 555-0233,P-6601,AC compressor,640.00,2,SUP-03,Atlantic Fleet Components,(954) 555-0258,,,,,,,,,,,,,,
WO-50405,2026-04-14,2026-04-16,TRK-223,1JEWDNVPETU38DA0W,Volvo,VNL 860,2022,DEP-FLL,Fort Lauderdale Yard,Fort Lauderdale,(954) 555-0118,M12,Tanya Harris,Level 2,72.00,5.0,DOT annual inspection,P-3320,Steer tire 295/75R22.5,412.00,2,SUP-04,Sunshine Tire & Brake,(561) 555-0277,P-6601,AC compressor,640.00,1,SUP-03,Atlantic Fleet Components,(954) 555-0258,P-6610,Coolant jug 1 gal,18.75,3,SUP-02,Gulf Coast Diesel Supply,(813) 555-0233,P-4420,Serpentine belt,52.30,4,SUP-01,Florida Truck Parts,(305) 555-0201
WO-50406,2026-04-14,2026-04-16,TRK-208,1L62J8AD6K6MK75MU,Hino,L6,2022,DEP-DOR,Doral Service Center,Doral,(305) 555-0162,M12,Tanya Harris,Level 2,72.00,3.0,Suspension noise,P-4402,Fuel filter,38.40,2,SUP-02,Gulf Coast Diesel Supply,(813) 555-0233,,,,,,,,,,,,,,,,,,,,,
WO-50407,2026-04-14,2026-04-15,TRK-217,1UG7U1UBYAH5Z3PE6,Peterbilt,579,2017,DEP-FLL,Fort Lauderdale Yard,Fort Lauderdale,(954) 555-0118,M12,Tanya Harris,Level 2,72.00,2.0,DOT annual inspection,P-5520,Wiper blade pair,29.90,2,SUP-01,Florida Truck Parts,(305) 555-0201,P-3310,Air brake chamber,68.25,4,SUP-01,Florida Truck Parts,(305) 555-0201,,,,,,,,,,,,,,
WO-50408,2026-04-14,2026-04-14,TRK-217,1UG7U1UBYAH5Z3PE6,Peterbilt,579,2017,DEP-FLL,Fort Lauderdale Yard,Fort Lauderdale,(954) 555-0118,M15,Diego Jackson,Master,110.00,2.5,Preventive maintenance service,P-5520,Wiper blade pair,29.90,4,SUP-01,Florida Truck Parts,(305) 555-0201,,,,,,,,,,,,,,,,,,,,,
WO-50409,2026-04-15,2026-04-16,TRK-202,1HU5DGS3X7K5CAU9E,Peterbilt,579,2017,DEP-TPA,Tampa Bay Shop,Tampa,(813) 555-0175,M18,Jose Brown,Master,110.00,2.5,DOT annual inspection,P-5501,Headlight assembly,133.00,1,SUP-01,Florida Truck Parts,(305) 555-0201,P-6610,Coolant jug 1 gal,18.75,2,SUP-02,Gulf Coast Diesel Supply,(813) 555-0233,P-7710,Wheel seal kit,41.20,4,SUP-04,Sunshine Tire & Brake,(561) 555-0277,P-7720,Fifth wheel grease,16.40,2,SUP-02,Gulf Coast Diesel Supply,(813) 555-0233
WO-50410,2026-04-15,2026-04-16,TRK-238,15FSYL4JJ55L6SRE5,Isuzu,NRR,2016,DEP-FLL,Fort Lauderdale Yard,Fort Lauderdale,(954) 555-0118,M06,Victor Torres,Level 3,89.00,6.0,Charging system failure,P-3301,Brake pad set,89.50,1,SUP-04,Sunshine Tire & Brake,(561) 555-0277,P-3320,Steer tire 295/75R22.5,412.00,3,SUP-04,Sunshine Tire & Brake,(561) 555-0277,,,,,,,,,,,,,,
WO-50411,2026-04-15,2026-04-18,TRK-207,1WZA1BNL3FJPV81NL,Volvo,VNL 860,2024,DEP-DOR,Doral Service Center,Doral,(305) 555-0162,M02,Miguel Brown,Master,110.00,6.0,Brake inspection and replacement,P-4410,Diesel exhaust fluid case,45.00,2,SUP-02,Gulf Coast Diesel Supply,(813) 555-0233,P-6610,Coolant jug 1 gal,18.75,1,SUP-02,Gulf Coast Diesel Supply,(813) 555-0233,,,,,,,,,,,,,,
WO-50412,2026-04-15,2026-04-16,TRK-212,12AYLATERX8BJE9AX,Kenworth,T680,2017,DEP-MIA,Miami Main Shop,Miami,(305) 555-0140,M06,Victor Torres,Level 3,89.00,0.5,No start condition,P-6610,Coolant jug 1 gal,18.75,4,SUP-02,Gulf Coast Diesel Supply,(813) 555-0233,,,,,,,,,,,,,,,,,,,,,
WO-50413,2026-04-16,2026-04-17,TRK-210,1EBP2CLPU2HHEXYDK,Peterbilt,579,2019,DEP-DOR,Doral Service Center,Doral,(305) 555-0162,M01,Maria Garcia,Level 1,58.00,1.5,Wheel seal leak,P-4410,Diesel exhaust fluid case,45.00,2,SUP-02,Gulf Coast Diesel Supply,(813) 555-0233,P-6601,AC compressor,640.00,1,SUP-03,Atlantic Fleet Components,(954) 555-0258,,,,,,,,,,,,,,
WO-50414,2026-04-16,2026-04-18,TRK-237,1G1FW0N0YUFEWGXHD,Freightliner,Cascadia,2020,DEP-FLL,Fort Lauderdale Yard,Fort Lauderdale,(954) 555-0118,M12,Tanya Harris,Level 2,72.00,3.0,AC not cooling cab,P-4402,Fuel filter,38.40,4,SUP-02,Gulf Coast Diesel Supply,(813) 555-0233,,,,,,,,,,,,,,,,,,,,,
WO-50415,2026-04-16,2026-04-17,TRK-224,14921JV0JDZLPLTFU,Isuzu,NRR,2019,DEP-MIA,Miami Main Shop,Miami,(305) 555-0140,M03,Carlos Garcia,Master,110.00,1.0,Coolant leak,P-6602,Cabin air filter,22.50,2,SUP-01,Florida Truck Parts,(305) 555-0201,,,,,,,,,,,,,,,,,,,,,
WO-50416,2026-04-16,2026-04-19,TRK-215,1Y6T6NZMGNJPAXJFB,Peterbilt,579,2020,DEP-MIA,Miami Main Shop,Miami,(305) 555-0140,M16,Rosa Harris,Level 2,72.00,6.0,Brake inspection and replacement,P-3302,Brake drum,214.00,3,SUP-04,Sunshine Tire & Brake,(561) 555-0277,P-5520,Wiper blade pair,29.90,3,SUP-01,Florida Truck Parts,(305) 555-0201,,,,,,,,,,,,,,
WO-50417,2026-04-17,2026-04-20,TRK-210,1EBP2CLPU2HHEXYDK,Peterbilt,579,2019,DEP-TPA,Tampa Bay Shop,Tampa,(813) 555-0175,M05,Elena Lopez,Level 1,58.00,1.0,Suspension noise,P-5510,Battery group 31,189.00,1,SUP-03,Atlantic Fleet Components,(954) 555-0258,P-3320,Steer tire 295/75R22.5,412.00,1,SUP-04,Sunshine Tire & Brake,(561) 555-0277,P-4440,Alternator,498.00,2,SUP-03,Atlantic Fleet Components,(954) 555-0258,,,,,,,
WO-50418,2026-04-17,2026-04-17,TRK-218,14LV5F5M9JYBJ439E,Freightliner,Cascadia,2019,DEP-FLL,Fort Lauderdale Yard,Fort Lauderdale,(954) 555-0118,M12,Tanya Harris,Level 2,72.00,6.0,AC not cooling cab,P-6601,AC compressor,640.00,4,SUP-03,Atlantic Fleet Components,(954) 555-0258,P-4430,Water pump,276.00,4,SUP-03,Atlantic Fleet Components,(954) 555-0258,P-4403,Air filter element,61.10,1,SUP-02,Gulf Coast Diesel Supply,(813) 555-0233,,,,,,,
WO-50419,2026-04-17,2026-04-18,TRK-228,1NB927BKE9TM7A66E,Hino,L6,2024,DEP-TPA,Tampa Bay Shop,Tampa,(813) 555-0175,M02,Miguel Brown,Master,110.00,1.0,Preventive maintenance service,P-3301,Brake pad set,89.50,1,SUP-04,Sunshine Tire & Brake,(561) 555-0277,,,,,,,,,,,,,,,,,,,,,
WO-50420,2026-04-17,2026-04-18,TRK-203,1S0WX3UDH042GEVDN,Peterbilt,579,2017,DEP-TPA,Tampa Bay Shop,Tampa,(813) 555-0175,M14,Ana Johnson,Level 1,58.00,2.0,Coolant leak,P-3321,Drive tire 11R22.5,389.00,2,SUP-04,Sunshine Tire & Brake,(561) 555-0277,,,,,,,,,,,,,,,,,,,,,
WO-50421,2026-04-18,2026-04-19,TRK-236,1S7R5LH94J1YRYAXF,Peterbilt,579,2019,DEP-MIA,Miami Main Shop,Miami,(305) 555-0140,M06,Victor Torres,Level 3,89.00,2.0,Wheel seal leak,P-6601,AC compressor,640.00,3,SUP-03,Atlantic Fleet Components,(954) 555-0258,,,,,,,,,,,,,,,,,,,,,
WO-50422,2026-04-18,2026-04-18,TRK-218,14LV5F5M9JYBJ439E,Freightliner,Cascadia,2019,DEP-DOR,Doral Service Center,Doral,(305) 555-0162,M16,Rosa Harris,Level 2,72.00,2.0,Tire wear on steer axle,P-4410,Diesel exhaust fluid case,45.00,4,SUP-02,Gulf Coast Diesel Supply,(813) 555-0233,P-4440,Alternator,498.00,1,SUP-03,Atlantic Fleet Components,(954) 555-0258,P-4420,Serpentine belt,52.30,1,SUP-01,Florida Truck Parts,(305) 555-0201,,,,,,,
WO-50423,2026-04-18,2026-04-19,TRK-226,1E897MZ2T117U81K7,Hino,L6,2023,DEP-TPA,Tampa Bay Shop,Tampa,(813) 555-0175,M09,Tanya Davis,Level 1,58.00,4.0,Engine warning light,P-5501,Headlight assembly,133.00,2,SUP-01,Florida Truck Parts,(305) 555-0201,P-3320,Steer tire 295/75R22.5,412.00,1,SUP-04,Sunshine Tire & Brake,(561) 555-0277,,,,,,,,,,,,,,
WO-50424,2026-04-18,2026-04-19,TRK-208,1L62J8AD6K6MK75MU,Hino,L6,2022,DEP-TPA,Tampa Bay Shop,Tampa,(813) 555-0175,M09,Tanya Davis,Level 1,58.00,4.0,Engine warning light,P-6610,Coolant jug 1 gal,18.75,3,SUP-02,Gulf Coast Diesel Supply,(813) 555-0233,,,,,,,,,,,,,,,,,,,,,
WO-50425,2026-04-19,2026-04-20,TRK-235,1378N31P8PYRP69D1,Peterbilt,579,2023,DEP-MIA,Miami Main Shop,Miami,(305) 555-0140,M04,Rosa Jones,Level 1,58.00,5.0,AC not cooling cab,P-7720,Fifth wheel grease,16.40,4,SUP-02,Gulf Coast Diesel Supply,(813) 555-0233,P-4401,Engine oil filter,24.75,4,SUP-02,Gulf Coast Diesel Supply,(813) 555-0233,P-5520,Wiper blade pair,29.90,1,SUP-01,Florida Truck Parts,(305) 555-0201,,,,,,,
WO-50426,2026-04-19,2026-04-19,TRK-212,12AYLATERX8BJE9AX,Kenworth,T680,2017,DEP-DOR,Doral Service Center,Doral,(305) 555-0162,M03,Carlos Garcia,Master,110.00,1.0,Preventive maintenance service,P-3310,Air brake chamber,68.25,3,SUP-01,Florida Truck Parts,(305) 555-0201,P-5502,Marker lamp,14.60,2,SUP-01,Florida Truck Parts,(305) 555-0201,,,,,,,,,,,,,,
WO-50427,2026-04-19,2026-04-20,TRK-221,15N7XGPGJ7JK2RKR2,Volvo,VNL 860,2020,DEP-DOR,Doral Service Center,Doral,(305) 555-0162,M11,James Thomas,Master,110.00,1.0,AC not cooling cab,P-4403,Air filter element,61.10,1,SUP-02,Gulf Coast Diesel Supply,(813) 555-0233,,,,,,,,,,,,,,,,,,,,,
WO-50428,2026-04-19,2026-04-19,TRK-210,1EBP2CLPU2HHEXYDK,Peterbilt,579,2019,DEP-FLL,Fort Lauderdale Yard,Fort Lauderdale,(954) 555-0118,M04,Rosa Jones,Level 1,58.00,5.0,Coolant leak,P-6610,Coolant jug 1 gal,18.75,2,SUP-02,Gulf Coast Diesel Supply,(813) 555-0233,P-4410,Diesel exhaust fluid case,45.00,2,SUP-02,Gulf Coast Diesel Supply,(813) 555-0233,,,,,,,,,,,,,,
WO-50429,2026-04-20,2026-04-22,TRK-231,1XU7JZRYDHNX7KKPR,Kenworth,T680,2023,DEP-DOR,Doral Service Center,Doral,(305) 555-0162,M18,Jose Brown,Master,110.00,6.0,Electrical fault in lighting,P-4440,Alternator,498.00,4,SUP-03,Atlantic Fleet Components,(954) 555-0258,,,,,,,,,,,,,,,,,,,,,
WO-50430,2026-04-20,2026-04-21,TRK-227,1NZS2C3KZET3YNV4Z,Isuzu,NRR,2017,DEP-MIA,Miami Main Shop,Miami,(305) 555-0140,M02,Miguel Brown,Master,110.00,2.5,AC not cooling cab,P-5520,Wiper blade pair,29.90,1,SUP-01,Florida Truck Parts,(305) 555-0201,,,,,,,,,,,,,,,,,,,,,
WO-50431,2026-04-20,2026-04-20,TRK-214,1UT62YZ6MKFU8VG3S,Volvo,VNL 860,2016,DEP-MIA,Miami Main Shop,Miami,(305) 555-0140,M14,Ana Johnson,Level 1,58.00,0.5,Tire wear on steer axle,P-7720,Fifth wheel grease,16.40,3,SUP-02,Gulf Coast Diesel Supply,(813) 555-0233,,,,,,,,,,,,,,,,,,,,,
WO-50432,2026-04-20,2026-04-20,TRK-205,1J8GYCFM42DVLT3YE,Isuzu,NRR,2018,DEP-DOR,Doral Service Center,Doral,(305) 555-0162,M13,Ana Lopez,Level 2,72.00,1.5,Coolant leak,P-6610,Coolant jug 1 gal,18.75,1,SUP-02,Gulf Coast Diesel Supply,(813) 555-0233,P-3302,Brake drum,214.00,1,SUP-04,Sunshine Tire & Brake,(561) 555-0277,,,,,,,,,,,,,,
WO-50433,2026-04-21,2026-04-22,TRK-207,1WZA1BNL3FJPV81NL,Volvo,VNL 860,2024,DEP-DOR,Doral Service Center,Doral,(305) 555-0162,M15,Diego Jackson,Master,110.00,6.0,Suspension noise,P-4401,Engine oil filter,24.75,4,SUP-02,Gulf Coast Diesel Supply,(813) 555-0233,P-5502,Marker lamp,14.60,4,SUP-01,Florida Truck Parts,(305) 555-0201,P-7710,Wheel seal kit,41.20,2,SUP-04,Sunshine Tire & Brake,(561) 555-0277,,,,,,,
WO-50434,2026-04-21,2026-04-21,TRK-227,1NZS2C3KZET3YNV4Z,Isuzu,NRR,2017,DEP-MIA,Miami Main Shop,Miami,(305) 555-0140,M11,James Thomas,Master,110.00,6.0,Tire wear on steer axle,P-3320,Steer tire 295/75R22.5,412.00,3,SUP-04,Sunshine Tire & Brake,(561) 555-0277,,,,,,,,,,,,,,,,,,,,,
WO-50435,2026-04-21,2026-04-22,TRK-227,1NZS2C3KZET3YNV4Z,Isuzu,NRR,2017,DEP-MIA,Miami Main Shop,Miami,(305) 555-0140,M16,Rosa Harris,Level 2,72.00,3.0,No start condition,P-4401,Engine oil filter,24.75,2,SUP-02,Gulf Coast Diesel Supply,(813) 555-0233,P-4403,Air filter element,61.10,4,SUP-02,Gulf Coast Diesel Supply,(813) 555-0233,,,,,,,,,,,,,,
WO-50436,2026-04-21,2026-04-23,TRK-213,1S6387WV5GDJDGTHG,Peterbilt,579,2025,DEP-TPA,Tampa Bay Shop,Tampa,(813) 555-0175,M05,Elena Lopez,Level 1,58.00,2.0,Preventive maintenance service,P-5510,Battery group 31,189.00,4,SUP-03,Atlantic Fleet Components,(954) 555-0258,,,,,,,,,,,,,,,,,,,,,
WO-50437,2026-04-22,2026-04-22,TRK-205,1J8GYCFM42DVLT3YE,Isuzu,NRR,2018,DEP-MIA,Miami Main Shop,Miami,(305) 555-0140,M16,Rosa Harris,Level 2,72.00,0.5,Preventive maintenance service,P-4440,Alternator,498.00,3,SUP-03,Atlantic Fleet Components,(954) 555-0258,P-4403,Air filter element,61.10,4,SUP-02,Gulf Coast Diesel Supply,(813) 555-0233,,,,,,,,,,,,,,
WO-50438,2026-04-22,2026-04-23,TRK-229,15ZEB5J6BUAVTXJRN,Hino,L6,2021,DEP-FLL,Fort Lauderdale Yard,Fort Lauderdale,(954) 555-0118,M13,Ana Lopez,Level 2,72.00,6.0,Tire wear on steer axle,P-5501,Headlight assembly,133.00,3,SUP-01,Florida Truck Parts,(305) 555-0201,,,,,,,,,,,,,,,,,,,,,
WO-50439,2026-04-22,2026-04-23,TRK-218,14LV5F5M9JYBJ439E,Freightliner,Cascadia,2019,DEP-DOR,Doral Service Center,Doral,(305) 555-0162,M04,Rosa Jones,Level 1,58.00,1.0,Preventive maintenance service,P-7710,Wheel seal kit,41.20,4,SUP-04,Sunshine Tire & Brake,(561) 555-0277,,,,,,,,,,,,,,,,,,,,,
WO-50440,2026-04-22,2026-04-23,TRK-208,1L62J8AD6K6MK75MU,Hino,L6,2022,DEP-TPA,Tampa Bay Shop,Tampa,(813) 555-0175,M01,Maria Garcia,Level 1,58.00,1.5,DOT annual inspection,P-6602,Cabin air filter,22.50,2,SUP-01,Florida Truck Parts,(305) 555-0201,,,,,,,,,,,,,,,,,,,,,
WO-50441,2026-04-23,2026-04-26,TRK-207,1WZA1BNL3FJPV81NL,Volvo,VNL 860,2024,DEP-TPA,Tampa Bay Shop,Tampa,(813) 555-0175,M10,Linda Taylor,Level 3,89.00,2.0,Tire wear on steer axle,P-4420,Serpentine belt,52.30,2,SUP-01,Florida Truck Parts,(305) 555-0201,P-5502,Marker lamp,14.60,1,SUP-01,Florida Truck Parts,(305) 555-0201,P-3321,Drive tire 11R22.5,389.00,4,SUP-04,Sunshine Tire & Brake,(561) 555-0277,,,,,,,
WO-50442,2026-04-23,2026-04-23,TRK-201,1XHLZYVEE39CZPDTA,Volvo,VNL 860,2020,DEP-TPA,Tampa Bay Shop,Tampa,(813) 555-0175,M03,Carlos Garcia,Master,110.00,1.5,Engine warning light,P-7701,Leaf spring,305.00,3,SUP-01,Florida Truck Parts,(305) 555-0201,P-4403,Air filter element,61.10,1,SUP-02,Gulf Coast Diesel Supply,(813) 555-0233,P-4440,Alternator,498.00,1,SUP-03,Atlantic Fleet Components,(954) 555-0258,P-3302,Brake drum,214.00,3,SUP-04,Sunshine Tire & Brake,(561) 555-0277
WO-50443,2026-04-23,2026-04-25,TRK-215,1Y6T6NZMGNJPAXJFB,Peterbilt,579,2020,DEP-TPA,Tampa Bay Shop,Tampa,(813) 555-0175,M01,Maria Garcia,Level 1,58.00,1.5,Brake inspection and replacement,P-4403,Air filter element,61.10,4,SUP-02,Gulf Coast Diesel Supply,(813) 555-0233,P-4402,Fuel filter,38.40,1,SUP-02,Gulf Coast Diesel Supply,(813) 555-0233,,,,,,,,,,,,,,
WO-50444,2026-04-23,2026-04-26,TRK-232,1GF7C9ZMVR2JDUCNT,Volvo,VNL 860,2025,DEP-FLL,Fort Lauderdale Yard,Fort Lauderdale,(954) 555-0118,M04,Rosa Jones,Level 1,58.00,0.5,Suspension noise,P-4430,Water pump,276.00,4,SUP-03,Atlantic Fleet Components,(954) 555-0258,P-5520,Wiper blade pair,29.90,2,SUP-01,Florida Truck Parts,(305) 555-0201,P-3310,Air brake chamber,68.25,1,SUP-01,Florida Truck Parts,(305) 555-0201,,,,,,,
WO-50445,2026-04-24,2026-04-26,TRK-229,15ZEB5J6BUAVTXJRN,Hino,L6,2021,DEP-DOR,Doral Service Center,Doral,(305) 555-0162,M14,Ana Johnson,Level 1,58.00,6.0,Tire wear on steer axle,P-4402,Fuel filter,38.40,3,SUP-02,Gulf Coast Diesel Supply,(813) 555-0233,P-7702,Shock absorber,118.00,2,SUP-01,Florida Truck Parts,(305) 555-0201,P-7720,Fifth wheel grease,16.40,1,SUP-02,Gulf Coast Diesel Supply,(813) 555-0233,,,,,,,
WO-50446,2026-04-24,2026-04-26,TRK-231,1XU7JZRYDHNX7KKPR,Kenworth,T680,2023,DEP-FLL,Fort Lauderdale Yard,Fort Lauderdale,(954) 555-0118,M04,Rosa Jones,Level 1,58.00,4.0,DOT annual inspection,P-6610,Coolant jug 1 gal,18.75,2,SUP-02,Gulf Coast Diesel Supply,(813) 555-0233,P-3310,Air brake chamber,68.25,1,SUP-01,Florida Truck Parts,(305) 555-0201,,,,,,,,,,,,,,
WO-50447,2026-04-24,2026-04-24,TRK-219,1MD3B0C4AZ6JP3BP6,Isuzu,NRR,2023,DEP-TPA,Tampa Bay Shop,Tampa,(813) 555-0175,M02,Miguel Brown,Master,110.00,1.0,Coolant leak,P-4401,Engine oil filter,24.75,2,SUP-02,Gulf Coast Diesel Supply,(813) 555-0233,,,,,,,,,,,,,,,,,,,,,
WO-50448,2026-04-24,2026-04-25,TRK-210,1EBP2CLPU2HHEXYDK,Peterbilt,579,2019,DEP-MIA,Miami Main Shop,Miami,(305) 555-0140,M08,Ramon Ortiz,Level 3,89.00,4.0,Electrical fault in lighting,P-5510,Battery group 31,189.00,2,SUP-03,Atlantic Fleet Components,(954) 555-0258,P-6610,Coolant jug 1 gal,18.75,4,SUP-02,Gulf Coast Diesel Supply,(813) 555-0233,P-4420,Serpentine belt,52.30,1,SUP-01,Florida Truck Parts,(305) 555-0201,,,,,,,
WO-50449,2026-04-25,2026-04-25,TRK-228,1NB927BKE9TM7A66E,Hino,L6,2024,DEP-TPA,Tampa Bay Shop,Tampa,(813) 555-0175,M18,Jose Brown,Master,110.00,4.0,Suspension noise,P-7701,Leaf spring,305.00,3,SUP-01,Florida Truck Parts,(305) 555-0201,P-3302,Brake drum,214.00,1,SUP-04,Sunshine Tire & Brake,(561) 555-0277,P-4430,Water pump,276.00,4,SUP-03,Atlantic Fleet Components,(954) 555-0258,,,,,,,
WO-50450,2026-04-25,2026-04-25,TRK-218,14LV5F5M9JYBJ439E,Freightliner,Cascadia,2019,DEP-DOR,Doral Service Center,Doral,(305) 555-0162,M07,Maria Johnson,Master,110.00,4.0,Brake inspection and replacement,P-5501,Headlight assembly,133.00,4,SUP-01,Florida Truck Parts,(305) 555-0201,,,,,,,,,,,,,,,,,,,,,
WO-50451,2026-04-25,2026-04-26,TRK-207,1WZA1BNL3FJPV81NL,Volvo,VNL 860,2024,DEP-MIA,Miami Main Shop,Miami,(305) 555-0140,M16,Rosa Harris,Level 2,72.00,3.0,Electrical fault in lighting,P-3320,Steer tire 295/75R22.5,412.00,1,SUP-04,Sunshine Tire & Brake,(561) 555-0277,P-4420,Serpentine belt,52.30,4,SUP-01,Florida Truck Parts,(305) 555-0201,P-4403,Air filter element,61.10,4,SUP-02,Gulf Coast Diesel Supply,(813) 555-0233,,,,,,,
WO-50452,2026-04-25,2026-04-26,TRK-213,1S6387WV5GDJDGTHG,Peterbilt,579,2025,DEP-MIA,Miami Main Shop,Miami,(305) 555-0140,M10,Linda Taylor,Level 3,89.00,3.0,Charging system failure,P-4450,Starter motor,455.00,2,SUP-03,Atlantic Fleet Components,(954) 555-0258,P-5501,Headlight assembly,133.00,2,SUP-01,Florida Truck Parts,(305) 555-0201,,,,,,,,,,,,,,
WO-50453,2026-04-26,2026-04-29,TRK-229,15ZEB5J6BUAVTXJRN,Hino,L6,2021,DEP-DOR,Doral Service Center,Doral,(305) 555-0162,M08,Ramon Ortiz,Level 3,89.00,6.0,Preventive maintenance service,P-3320,Steer tire 295/75R22.5,412.00,1,SUP-04,Sunshine Tire & Brake,(561) 555-0277,P-7720,Fifth wheel grease,16.40,4,SUP-02,Gulf Coast Diesel Supply,(813) 555-0233,,,,,,,,,,,,,,
WO-50454,2026-04-26,2026-04-29,TRK-213,1S6387WV5GDJDGTHG,Peterbilt,579,2025,DEP-FLL,Fort Lauderdale Yard,Fort Lauderdale,(954) 555-0118,M09,Tanya Davis,Level 1,58.00,4.0,DOT annual inspection,P-3301,Brake pad set,89.50,2,SUP-04,Sunshine Tire & Brake,(561) 555-0277,,,,,,,,,,,,,,,,,,,,,
WO-50455,2026-04-26,2026-04-26,TRK-203,1S0WX3UDH042GEVDN,Peterbilt,579,2017,DEP-TPA,Tampa Bay Shop,Tampa,(813) 555-0175,M07,Maria Johnson,Master,110.00,1.0,DOT annual inspection,P-4450,Starter motor,455.00,2,SUP-03,Atlantic Fleet Components,(954) 555-0258,P-3320,Steer tire 295/75R22.5,412.00,2,SUP-04,Sunshine Tire & Brake,(561) 555-0277,P-6610,Coolant jug 1 gal,18.75,1,SUP-02,Gulf Coast Diesel Supply,(813) 555-0233,,,,,,,
WO-50456,2026-04-26,2026-04-27,TRK-233,19FG3D3EV8XZ9EHE2,Hino,L6,2021,DEP-MIA,Miami Main Shop,Miami,(305) 555-0140,M05,Elena Lopez,Level 1,58.00,4.0,Wheel seal leak,P-7701,Leaf spring,305.00,1,SUP-01,Florida Truck Parts,(305) 555-0201,P-3301,Brake pad set,89.50,2,SUP-04,Sunshine Tire & Brake,(561) 555-0277,,,,,,,,,,,,,,
WO-50457,2026-04-27,2026-04-30,TRK-230,15ZJWGNLH0DT85FY6,International,LT,2017,DEP-TPA,Tampa Bay Shop,Tampa,(813) 555-0175,M13,Ana Lopez,Level 2,72.00,6.0,Suspension noise,P-3310,Air brake chamber,68.25,2,SUP-01,Florida Truck Parts,(305) 555-0201,,,,,,,,,,,,,,,,,,,,,
WO-50458,2026-04-27,2026-04-28,TRK-222,111U8J1213VDCX5BD,Kenworth,T680,2024,DEP-TPA,Tampa Bay Shop,Tampa,(813) 555-0175,M15,Diego Jackson,Master,110.00,4.0,No start condition,P-4420,Serpentine belt,52.30,3,SUP-01,Florida Truck Parts,(305) 555-0201,P-3310,Air brake chamber,68.25,2,SUP-01,Florida Truck Parts,(305) 555-0201,,,,,,,,,,,,,,
WO-50459,2026-04-27,2026-04-29,TRK-229,15ZEB5J6BUAVTXJRN,Hino,L6,2021,DEP-DOR,Doral Service Center,Doral,(305) 555-0162,M18,Jose Brown,Master,110.00,2.5,Coolant leak,P-5501,Headlight assembly,133.00,1,SUP-01,Florida Truck Parts,(305) 555-0201,,,,,,,,,,,,,,,,,,,,,
WO-50460,2026-04-27,2026-04-27,TRK-224,14921JV0JDZLPLTFU,Isuzu,NRR,2019,DEP-FLL,Fort Lauderdale Yard,Fort Lauderdale,(954) 555-0118,M01,Maria Garcia,Level 1,58.00,2.5,Electrical fault in lighting,P-4450,Starter motor,455.00,2,SUP-03,Atlantic Fleet Components,(954) 555-0258,P-4402,Fuel filter,38.40,4,SUP-02,Gulf Coast Diesel Supply,(813) 555-0233,,,,,,,,,,,,,,
WO-50461,2026-04-28,2026-05-01,TRK-237,1G1FW0N0YUFEWGXHD,Freightliner,Cascadia,2020,DEP-DOR,Doral Service Center,Doral,(305) 555-0162,M01,Maria Garcia,Level 1,58.00,6.0,Suspension noise,P-6610,Coolant jug 1 gal,18.75,1,SUP-02,Gulf Coast Diesel Supply,(813) 555-0233,,,,,,,,,,,,,,,,,,,,,
WO-50462,2026-04-28,2026-04-28,TRK-210,1EBP2CLPU2HHEXYDK,Peterbilt,579,2019,DEP-FLL,Fort Lauderdale Yard,Fort Lauderdale,(954) 555-0118,M10,Linda Taylor,Level 3,89.00,1.0,Tire wear on steer axle,P-7702,Shock absorber,118.00,4,SUP-01,Florida Truck Parts,(305) 555-0201,P-3302,Brake drum,214.00,4,SUP-04,Sunshine Tire & Brake,(561) 555-0277,,,,,,,,,,,,,,
WO-50463,2026-04-28,2026-04-28,TRK-203,1S0WX3UDH042GEVDN,Peterbilt,579,2017,DEP-MIA,Miami Main Shop,Miami,(305) 555-0140,M01,Maria Garcia,Level 1,58.00,3.0,Engine warning light,P-6601,AC compressor,640.00,3,SUP-03,Atlantic Fleet Components,(954) 555-0258,,,,,,,,,,,,,,,,,,,,,
WO-50464,2026-04-28,2026-04-30,TRK-223,1JEWDNVPETU38DA0W,Volvo,VNL 860,2022,DEP-FLL,Fort Lauderdale Yard,Fort Lauderdale,(954) 555-0118,M16,Rosa Harris,Level 2,72.00,1.5,AC not cooling cab,P-3320,Steer tire 295/75R22.5,412.00,3,SUP-04,Sunshine Tire & Brake,(561) 555-0277,P-7701,Leaf spring,305.00,4,SUP-01,Florida Truck Parts,(305) 555-0201,P-4401,Engine oil filter,24.75,1,SUP-02,Gulf Coast Diesel Supply,(813) 555-0233,,,,,,,
WO-50465,2026-04-29,2026-04-29,TRK-228,1NB927BKE9TM7A66E,Hino,L6,2024,DEP-MIA,Miami Main Shop,Miami,(305) 555-0140,M12,Tanya Harris,Level 2,72.00,0.5,Brake inspection and replacement,P-3320,Steer tire 295/75R22.5,412.00,2,SUP-04,Sunshine Tire & Brake,(561) 555-0277,P-3302,Brake drum,214.00,1,SUP-04,Sunshine Tire & Brake,(561) 555-0277,,,,,,,,,,,,,,
WO-50466,2026-04-29,2026-05-01,TRK-220,1WP5D1ZS5KRYCNXV8,Kenworth,T680,2017,DEP-TPA,Tampa Bay Shop,Tampa,(813) 555-0175,M13,Ana Lopez,Level 2,72.00,1.5,Coolant leak,P-3321,Drive tire 11R22.5,389.00,1,SUP-04,Sunshine Tire & Brake,(561) 555-0277,,,,,,,,,,,,,,,,,,,,,
WO-50467,2026-04-29,2026-04-29,TRK-215,1Y6T6NZMGNJPAXJFB,Peterbilt,579,2020,DEP-FLL,Fort Lauderdale Yard,Fort Lauderdale,(954) 555-0118,M16,Rosa Harris,Level 2,72.00,1.0,Suspension noise,P-4420,Serpentine belt,52.30,1,SUP-01,Florida Truck Parts,(305) 555-0201,P-5501,Headlight assembly,133.00,4,SUP-01,Florida Truck Parts,(305) 555-0201,,,,,,,,,,,,,,
WO-50468,2026-04-29,2026-04-29,TRK-227,1NZS2C3KZET3YNV4Z,Isuzu,NRR,2017,DEP-FLL,Fort Lauderdale Yard,Fort Lauderdale,(954) 555-0118,M07,Maria Johnson,Master,110.00,1.0,Coolant leak,P-5501,Headlight assembly,133.00,1,SUP-01,Florida Truck Parts,(305) 555-0201,P-7710,Wheel seal kit,41.20,1,SUP-04,Sunshine Tire & Brake,(561) 555-0277,P-6602,Cabin air filter,22.50,1,SUP-01,Florida Truck Parts,(305) 555-0201,,,,,,,
WO-50469,2026-04-30,2026-05-01,TRK-201,1XHLZYVEE39CZPDTA,Volvo,VNL 860,2020,DEP-DOR,Doral Service Center,Doral,(305) 555-0162,M13,Ana Lopez,Level 2,72.00,2.5,Suspension noise,P-7702,Shock absorber,118.00,1,SUP-01,Florida Truck Parts,(305) 555-0201,P-7710,Wheel seal kit,41.20,2,SUP-04,Sunshine Tire & Brake,(561) 555-0277,,,,,,,,,,,,,,
WO-50470,2026-04-30,2026-05-03,TRK-230,15ZJWGNLH0DT85FY6,International,LT,2017,DEP-MIA,Miami Main Shop,Miami,(305) 555-0140,M14,Ana Johnson,Level 1,58.00,4.0,Wheel seal leak,P-4440,Alternator,498.00,3,SUP-03,Atlantic Fleet Components,(954) 555-0258,P-5520,Wiper blade pair,29.90,3,SUP-01,Florida Truck Parts,(305) 555-0201,,,,,,,,,,,,,,
WO-50471,2026-04-30,2026-04-30,TRK-228,1NB927BKE9TM7A66E,Hino,L6,2024,DEP-TPA,Tampa Bay Shop,Tampa,(813) 555-0175,M18,Jose Brown,Master,110.00,1.0,No start condition,P-4403,Air filter element,61.10,3,SUP-02,Gulf Coast Diesel Supply,(813) 555-0233,P-5520,Wiper blade pair,29.90,2,SUP-01,Florida Truck Parts,(305) 555-0201,,,,,,,,,,,,,,
WO-50472,2026-04-30,2026-05-01,TRK-201,1XHLZYVEE39CZPDTA,Volvo,VNL 860,2020,DEP-MIA,Miami Main Shop,Miami,(305) 555-0140,M02,Miguel Brown,Master,110.00,0.5,Tire wear on steer axle,P-4450,Starter motor,455.00,3,SUP-03,Atlantic Fleet Components,(954) 555-0258,P-4420,Serpentine belt,52.30,2,SUP-01,Florida Truck Parts,(305) 555-0201,,,,,,,,,,,,,,
WO-50473,2026-05-01,2026-05-03,TRK-204,10A004AD88U5NL8S9,Isuzu,NRR,2020,DEP-FLL,Fort Lauderdale Yard,Fort Lauderdale,(954) 555-0118,M01,Maria Garcia,Level 1,58.00,0.5,Tire wear on steer axle,P-7702,Shock absorber,118.00,1,SUP-01,Florida Truck Parts,(305) 555-0201,,,,,,,,,,,,,,,,,,,,,
WO-50474,2026-05-01,2026-05-02,TRK-208,1L62J8AD6K6MK75MU,Hino,L6,2022,DEP-MIA,Miami Main Shop,Miami,(305) 555-0140,M04,Rosa Jones,Level 1,58.00,1.0,AC not cooling cab,P-3301,Brake pad set,89.50,4,SUP-04,Sunshine Tire & Brake,(561) 555-0277,,,,,,,,,,,,,,,,,,,,,
WO-50475,2026-05-01,2026-05-01,TRK-216,1NWUMZ0PBSPDHG2PR,Volvo,VNL 860,2020,DEP-TPA,Tampa Bay Shop,Tampa,(813) 555-0175,M06,Victor Torres,Level 3,89.00,4.0,Electrical fault in lighting,P-4403,Air filter element,61.10,2,SUP-02,Gulf Coast Diesel Supply,(813) 555-0233,P-4401,Engine oil filter,24.75,3,SUP-02,Gulf Coast Diesel Supply,(813) 555-0233,P-3310,Air brake chamber,68.25,1,SUP-01,Florida Truck Parts,(305) 555-0201,,,,,,,
WO-50476,2026-05-01,2026-05-04,TRK-208,1L62J8AD6K6MK75MU,Hino,L6,2022,DEP-MIA,Miami Main Shop,Miami,(305) 555-0140,M18,Jose Brown,Master,110.00,6.0,Preventive maintenance service,P-3321,Drive tire 11R22.5,389.00,4,SUP-04,Sunshine Tire & Brake,(561) 555-0277,,,,,,,,,,,,,,,,,,,,,
WO-50477,2026-05-02,2026-05-02,TRK-222,111U8J1213VDCX5BD,Kenworth,T680,2024,DEP-DOR,Doral Service Center,Doral,(305) 555-0162,M18,Jose Brown,Master,110.00,1.0,AC not cooling cab,P-7702,Shock absorber,118.00,4,SUP-01,Florida Truck Parts,(305) 555-0201,,,,,,,,,,,,,,,,,,,,,
WO-50478,2026-05-02,2026-05-03,TRK-224,14921JV0JDZLPLTFU,Isuzu,NRR,2019,DEP-TPA,Tampa Bay Shop,Tampa,(813) 555-0175,M15,Diego Jackson,Master,110.00,1.0,DOT annual inspection,P-3320,Steer tire 295/75R22.5,412.00,3,SUP-04,Sunshine Tire & Brake,(561) 555-0277,P-7720,Fifth wheel grease,16.40,4,SUP-02,Gulf Coast Diesel Supply,(813) 555-0233,P-4401,Engine oil filter,24.75,3,SUP-02,Gulf Coast Diesel Supply,(813) 555-0233,,,,,,,
WO-50479,2026-05-02,2026-05-03,TRK-212,12AYLATERX8BJE9AX,Kenworth,T680,2017,DEP-DOR,Doral Service Center,Doral,(305) 555-0162,M08,Ramon Ortiz,Level 3,89.00,0.5,Charging system failure,P-3320,Steer tire 295/75R22.5,412.00,4,SUP-04,Sunshine Tire & Brake,(561) 555-0277,,,,,,,,,,,,,,,,,,,,,
WO-50480,2026-05-02,2026-05-02,TRK-237,1G1FW0N0YUFEWGXHD,Freightliner,Cascadia,2020,DEP-FLL,Fort Lauderdale Yard,Fort Lauderdale,(954) 555-0118,M09,Tanya Davis,Level 1,58.00,6.0,Coolant leak,P-4430,Water pump,276.00,3,SUP-03,Atlantic Fleet Components,(954) 555-0258,P-3320,Steer tire 295/75R22.5,412.00,3,SUP-04,Sunshine Tire & Brake,(561) 555-0277,,,,,,,,,,,,,,
WO-50481,2026-05-03,2026-05-06,TRK-237,1G1FW0N0YUFEWGXHD,Freightliner,Cascadia,2020,DEP-DOR,Doral Service Center,Doral,(305) 555-0162,M05,Elena Lopez,Level 1,58.00,4.0,Tire wear on steer axle,P-5502,Marker lamp,14.60,3,SUP-01,Florida Truck Parts,(305) 555-0201,P-6610,Coolant jug 1 gal,18.75,2,SUP-02,Gulf Coast Diesel Supply,(813) 555-0233,,,,,,,,,,,,,,
WO-50482,2026-05-03,2026-05-04,TRK-211,17CV16P7R3NBW50AP,Volvo,VNL 860,2017,DEP-DOR,Doral Service Center,Doral,(305) 555-0162,M09,Tanya Davis,Level 1,58.00,0.5,DOT annual inspection,P-3320,Steer tire 295/75R22.5,412.00,2,SUP-04,Sunshine Tire & Brake,(561) 555-0277,P-7701,Leaf spring,305.00,2,SUP-01,Florida Truck Parts,(305) 555-0201,P-7702,Shock absorber,118.00,3,SUP-01,Florida Truck Parts,(305) 555-0201,,,,,,,
WO-50483,2026-05-03,2026-05-03,TRK-222,111U8J1213VDCX5BD,Kenworth,T680,2024,DEP-DOR,Doral Service Center,Doral,(305) 555-0162,M15,Diego Jackson,Master,110.00,3.0,DOT annual inspection,P-3320,Steer tire 295/75R22.5,412.00,3,SUP-04,Sunshine Tire & Brake,(561) 555-0277,P-3310,Air brake chamber,68.25,2,SUP-01,Florida Truck Parts,(305) 555-0201,,,,,,,,,,,,,,
WO-50484,2026-05-03,2026-05-03,TRK-214,1UT62YZ6MKFU8VG3S,Volvo,VNL 860,2016,DEP-MIA,Miami Main Shop,Miami,(305) 555-0140,M07,Maria Johnson,Master,110.00,6.0,Brake inspection and replacement,P-7702,Shock absorber,118.00,3,SUP-01,Florida Truck Parts,(305) 555-0201,P-3302,Brake drum,214.00,4,SUP-04,Sunshine Tire & Brake,(561) 555-0277,P-6610,Coolant jug 1 gal,18.75,2,SUP-02,Gulf Coast Diesel Supply,(813) 555-0233,,,,,,,
WO-50485,2026-05-04,2026-05-07,TRK-233,19FG3D3EV8XZ9EHE2,Hino,L6,2021,DEP-TPA,Tampa Bay Shop,Tampa,(813) 555-0175,M03,Carlos Garcia,Master,110.00,3.0,Brake inspection and replacement,P-5501,Headlight assembly,133.00,1,SUP-01,Florida Truck Parts,(305) 555-0201,P-4403,Air filter element,61.10,4,SUP-02,Gulf Coast Diesel Supply,(813) 555-0233,P-6610,Coolant jug 1 gal,18.75,4,SUP-02,Gulf Coast Diesel Supply,(813) 555-0233,P-6602,Cabin air filter,22.50,4,SUP-01,Florida Truck Parts,(305) 555-0201
WO-50486,2026-05-04,2026-05-04,TRK-223,1JEWDNVPETU38DA0W,Volvo,VNL 860,2022,DEP-TPA,Tampa Bay Shop,Tampa,(813) 555-0175,M15,Diego Jackson,Master,110.00,3.0,Charging system failure,P-7702,Shock absorber,118.00,4,SUP-01,Florida Truck Parts,(305) 555-0201,P-3310,Air brake chamber,68.25,3,SUP-01,Florida Truck Parts,(305) 555-0201,,,,,,,,,,,,,,
WO-50487,2026-05-04,2026-05-05,TRK-212,12AYLATERX8BJE9AX,Kenworth,T680,2017,DEP-DOR,Doral Service Center,Doral,(305) 555-0162,M13,Ana Lopez,Level 2,72.00,5.0,Preventive maintenance service,P-5501,Headlight assembly,133.00,1,SUP-01,Florida Truck Parts,(305) 555-0201,P-4410,Diesel exhaust fluid case,45.00,2,SUP-02,Gulf Coast Diesel Supply,(813) 555-0233,,,,,,,,,,,,,,
WO-50488,2026-05-04,2026-05-06,TRK-214,1UT62YZ6MKFU8VG3S,Volvo,VNL 860,2016,DEP-MIA,Miami Main Shop,Miami,(305) 555-0140,M16,Rosa Harris,Level 2,72.00,6.0,No start condition,P-5501,Headlight assembly,133.00,4,SUP-01,Florida Truck Parts,(305) 555-0201,P-3302,Brake drum,214.00,2,SUP-04,Sunshine Tire & Brake,(561) 555-0277,P-4430,Water pump,276.00,1,SUP-03,Atlantic Fleet Components,(954) 555-0258,P-5520,Wiper blade pair,29.90,3,SUP-01,Florida Truck Parts,(305) 555-0201
WO-50489,2026-05-05,2026-05-06,TRK-234,15HWKGYAV6MP428T6,Peterbilt,579,2025,DEP-MIA,Miami Main Shop,Miami,(305) 555-0140,M02,Miguel Brown,Master,110.00,5.0,Engine warning light,P-7710,Wheel seal kit,41.20,4,SUP-04,Sunshine Tire & Brake,(561) 555-0277,P-4403,Air filter element,61.10,3,SUP-02,Gulf Coast Diesel Supply,(813) 555-0233,P-5520,Wiper blade pair,29.90,3,SUP-01,Florida Truck Parts,(305) 555-0201,,,,,,,
WO-50490,2026-05-05,2026-05-08,TRK-238,15FSYL4JJ55L6SRE5,Isuzu,NRR,2016,DEP-FLL,Fort Lauderdale Yard,Fort Lauderdale,(954) 555-0118,M07,Maria Johnson,Master,110.00,1.0,Preventive maintenance service,P-5502,Marker lamp,14.60,2,SUP-01,Florida Truck Parts,(305) 555-0201,P-3302,Brake drum,214.00,3,SUP-04,Sunshine Tire & Brake,(561) 555-0277,P-7710,Wheel seal kit,41.20,1,SUP-04,Sunshine Tire & Brake,(561) 555-0277,,,,,,,
WO-50491,2026-05-05,2026-05-05,TRK-202,1HU5DGS3X7K5CAU9E,Peterbilt,579,2017,DEP-FLL,Fort Lauderdale Yard,Fort Lauderdale,(954) 555-0118,M06,Victor Torres,Level 3,89.00,4.0,Wheel seal leak,P-4410,Diesel exhaust fluid case,45.00,4,SUP-02,Gulf Coast Diesel Supply,(813) 555-0233,P-7702,Shock absorber,118.00,4,SUP-01,Florida Truck Parts,(305) 555-0201,P-7710,Wheel seal kit,41.20,3,SUP-04,Sunshine Tire & Brake,(561) 555-0277,,,,,,,
WO-50492,2026-05-05,2026-05-06,TRK-239,1BUYTB964LB6D4X19,Peterbilt,579,2019,DEP-DOR,Doral Service Center,Doral,(305) 555-0162,M04,Rosa Jones,Level 1,58.00,6.0,No start condition,P-3321,Drive tire 11R22.5,389.00,4,SUP-04,Sunshine Tire & Brake,(561) 555-0277,P-5502,Marker lamp,14.60,4,SUP-01,Florida Truck Parts,(305) 555-0201,P-3310,Air brake chamber,68.25,3,SUP-01,Florida Truck Parts,(305) 555-0201,,,,,,,
WO-50493,2026-05-06,2026-05-06,TRK-240,1586KZ9M394JSHAM9,Peterbilt,579,2024,DEP-MIA,Miami Main Shop,Miami,(305) 555-0140,M15,Diego Jackson,Master,110.00,3.0,Engine warning light,P-7710,Wheel seal kit,41.20,2,SUP-04,Sunshine Tire & Brake,(561) 555-0277,,,,,,,,,,,,,,,,,,,,,
WO-50494,2026-05-06,2026-05-07,TRK-218,14LV5F5M9JYBJ439E,Freightliner,Cascadia,2019,DEP-MIA,Miami Main Shop,Miami,(305) 555-0140,M17,Linda Perez,Level 1,58.00,1.5,Wheel seal leak,P-5502,Marker lamp,14.60,1,SUP-01,Florida Truck Parts,(305) 555-0201,P-3302,Brake drum,214.00,4,SUP-04,Sunshine Tire & Brake,(561) 555-0277,,,,,,,,,,,,,,
WO-50495,2026-05-06,2026-05-06,TRK-221,15N7XGPGJ7JK2RKR2,Volvo,VNL 860,2020,DEP-MIA,Miami Main Shop,Miami,(305) 555-0140,M12,Tanya Harris,Level 2,72.00,2.0,Tire wear on steer axle,P-5502,Marker lamp,14.60,2,SUP-01,Florida Truck Parts,(305) 555-0201,P-4440,Alternator,498.00,1,SUP-03,Atlantic Fleet Components,(954) 555-0258,,,,,,,,,,,,,,
WO-50496,2026-05-06,2026-05-06,TRK-223,1JEWDNVPETU38DA0W,Volvo,VNL 860,2022,DEP-DOR,Doral Service Center,Doral,(305) 555-0162,M14,Ana Johnson,Level 1,58.00,1.5,Suspension noise,P-5501,Headlight assembly,133.00,2,SUP-01,Florida Truck Parts,(305) 555-0201,,,,,,,,,,,,,,,,,,,,,
WO-50497,2026-05-07,2026-05-10,TRK-233,19FG3D3EV8XZ9EHE2,Hino,L6,2021,DEP-TPA,Tampa Bay Shop,Tampa,(813) 555-0175,M10,Linda Taylor,Level 3,89.00,2.5,Engine warning light,P-3321,Drive tire 11R22.5,389.00,4,SUP-04,Sunshine Tire & Brake,(561) 555-0277,P-5502,Marker lamp,14.60,1,SUP-01,Florida Truck Parts,(305) 555-0201,,,,,,,,,,,,,,
WO-50498,2026-05-07,2026-05-07,TRK-232,1GF7C9ZMVR2JDUCNT,Volvo,VNL 860,2025,DEP-DOR,Doral Service Center,Doral,(305) 555-0162,M11,James Thomas,Master,110.00,3.0,Coolant leak,P-4401,Engine oil filter,24.75,1,SUP-02,Gulf Coast Diesel Supply,(813) 555-0233,,,,,,,,,,,,,,,,,,,,,
WO-50499,2026-05-07,2026-05-09,TRK-215,1Y6T6NZMGNJPAXJFB,Peterbilt,579,2020,DEP-FLL,Fort Lauderdale Yard,Fort Lauderdale,(954) 555-0118,M08,Ramon Ortiz,Level 3,89.00,1.0,Electrical fault in lighting,P-3302,Brake drum,214.00,1,SUP-04,Sunshine Tire & Brake,(561) 555-0277,P-6601,AC compressor,640.00,4,SUP-03,Atlantic Fleet Components,(954) 555-0258,,,,,,,,,,,,,,
WO-50500,2026-05-07,2026-05-08,TRK-203,1S0WX3UDH042GEVDN,Peterbilt,579,2017,DEP-FLL,Fort Lauderdale Yard,Fort Lauderdale,(954) 555-0118,M05,Elena Lopez,Level 1,58.00,5.0,Wheel seal leak,P-4402,Fuel filter,38.40,1,SUP-02,Gulf Coast Diesel Supply,(813) 555-0233,P-4401,Engine oil filter,24.75,3,SUP-02,Gulf Coast Diesel Supply,(813) 555-0233,,,,,,,,,,,,,,
WO-50501,2026-05-08,2026-05-08,TRK-221,15N7XGPGJ7JK2RKR2,Volvo,VNL 860,2020,DEP-TPA,Tampa Bay Shop,Tampa,(813) 555-0175,M06,Victor Torres,Level 3,89.00,1.5,Tire wear on steer axle,P-3310,Air brake chamber,68.25,4,SUP-01,Florida Truck Parts,(305) 555-0201,,,,,,,,,,,,,,,,,,,,,
WO-50502,2026-05-08,2026-05-09,TRK-205,1J8GYCFM42DVLT3YE,Isuzu,NRR,2018,DEP-MIA,Miami Main Shop,Miami,(305) 555-0140,M18,Jose Brown,Master,110.00,3.0,AC not cooling cab,P-4450,Starter motor,455.00,3,SUP-03,Atlantic Fleet Components,(954) 555-0258,P-4420,Serpentine belt,52.30,1,SUP-01,Florida Truck Parts,(305) 555-0201,P-4430,Water pump,276.00,2,SUP-03,Atlantic Fleet Components,(954) 555-0258,,,,,,,
WO-50503,2026-05-08,2026-05-09,TRK-232,1GF7C9ZMVR2JDUCNT,Volvo,VNL 860,2025,DEP-DOR,Doral Service Center,Doral,(305) 555-0162,M10,Linda Taylor,Level 3,89.00,2.5,DOT annual inspection,P-5520,Wiper blade pair,29.90,4,SUP-01,Florida Truck Parts,(305) 555-0201,,,,,,,,,,,,,,,,,,,,,
WO-50504,2026-05-08,2026-05-08,TRK-204,10A004AD88U5NL8S9,Isuzu,NRR,2020,DEP-TPA,Tampa Bay Shop,Tampa,(813) 555-0175,M14,Ana Johnson,Level 1,58.00,0.5,DOT annual inspection,P-7710,Wheel seal kit,41.20,2,SUP-04,Sunshine Tire & Brake,(561) 555-0277,,,,,,,,,,,,,,,,,,,,,
WO-50505,2026-05-09,2026-05-11,TRK-217,1UG7U1UBYAH5Z3PE6,Peterbilt,579,2017,DEP-MIA,Miami Main Shop,Miami,(305) 555-0140,M16,Rosa Harris,Level 2,72.00,5.0,AC not cooling cab,P-4420,Serpentine belt,52.30,3,SUP-01,Florida Truck Parts,(305) 555-0201,P-3310,Air brake chamber,68.25,3,SUP-01,Florida Truck Parts,(305) 555-0201,,,,,,,,,,,,,,
WO-50506,2026-05-09,2026-05-11,TRK-236,1S7R5LH94J1YRYAXF,Peterbilt,579,2019,DEP-TPA,Tampa Bay Shop,Tampa,(813) 555-0175,M08,Ramon Ortiz,Level 3,89.00,4.0,Coolant leak,P-3320,Steer tire 295/75R22.5,412.00,4,SUP-04,Sunshine Tire & Brake,(561) 555-0277,,,,,,,,,,,,,,,,,,,,,
WO-50507,2026-05-09,2026-05-12,TRK-227,1NZS2C3KZET3YNV4Z,Isuzu,NRR,2017,DEP-MIA,Miami Main Shop,Miami,(305) 555-0140,M13,Ana Lopez,Level 2,72.00,3.0,Wheel seal leak,P-6602,Cabin air filter,22.50,1,SUP-01,Florida Truck Parts,(305) 555-0201,P-5502,Marker lamp,14.60,4,SUP-01,Florida Truck Parts,(305) 555-0201,,,,,,,,,,,,,,
WO-50508,2026-05-09,2026-05-11,TRK-235,1378N31P8PYRP69D1,Peterbilt,579,2023,DEP-FLL,Fort Lauderdale Yard,Fort Lauderdale,(954) 555-0118,M03,Carlos Garcia,Master,110.00,0.5,Preventive maintenance service,P-6610,Coolant jug 1 gal,18.75,2,SUP-02,Gulf Coast Diesel Supply,(813) 555-0233,P-4410,Diesel exhaust fluid case,45.00,3,SUP-02,Gulf Coast Diesel Supply,(813) 555-0233,P-7710,Wheel seal kit,41.20,4,SUP-04,Sunshine Tire & Brake,(561) 555-0277,P-7720,Fifth wheel grease,16.40,4,SUP-02,Gulf Coast Diesel Supply,(813) 555-0233
WO-50509,2026-05-10,2026-05-11,TRK-213,1S6387WV5GDJDGTHG,Peterbilt,579,2025,DEP-FLL,Fort Lauderdale Yard,Fort Lauderdale,(954) 555-0118,M06,Victor Torres,Level 3,89.00,2.5,Preventive maintenance service,P-5502,Marker lamp,14.60,2,SUP-01,Florida Truck Parts,(305) 555-0201,P-4403,Air filter element,61.10,4,SUP-02,Gulf Coast Diesel Supply,(813) 555-0233,,,,,,,,,,,,,,
WO-50510,2026-05-10,2026-05-13,TRK-230,15ZJWGNLH0DT85FY6,International,LT,2017,DEP-MIA,Miami Main Shop,Miami,(305) 555-0140,M08,Ramon Ortiz,Level 3,89.00,1.0,Tire wear on steer axle,P-6610,Coolant jug 1 gal,18.75,1,SUP-02,Gulf Coast Diesel Supply,(813) 555-0233,,,,,,,,,,,,,,,,,,,,,
WO-50511,2026-05-10,2026-05-11,TRK-232,1GF7C9ZMVR2JDUCNT,Volvo,VNL 860,2025,DEP-MIA,Miami Main Shop,Miami,(305) 555-0140,M13,Ana Lopez,Level 2,72.00,1.5,Suspension noise,P-5502,Marker lamp,14.60,1,SUP-01,Florida Truck Parts,(305) 555-0201,P-4402,Fuel filter,38.40,3,SUP-02,Gulf Coast Diesel Supply,(813) 555-0233,P-7720,Fifth wheel grease,16.40,1,SUP-02,Gulf Coast Diesel Supply,(813) 555-0233,,,,,,,
WO-50512,2026-05-10,2026-05-10,TRK-238,15FSYL4JJ55L6SRE5,Isuzu,NRR,2016,DEP-MIA,Miami Main Shop,Miami,(305) 555-0140,M09,Tanya Davis,Level 1,58.00,0.5,Coolant leak,P-4420,Serpentine belt,52.30,4,SUP-01,Florida Truck Parts,(305) 555-0201,P-3301,Brake pad set,89.50,4,SUP-04,Sunshine Tire & Brake,(561) 555-0277,P-5502,Marker lamp,14.60,3,SUP-01,Florida Truck Parts,(305) 555-0201,,,,,,,
WO-50513,2026-05-11,2026-05-14,TRK-229,15ZEB5J6BUAVTXJRN,Hino,L6,2021,DEP-DOR,Doral Service Center,Doral,(305) 555-0162,M13,Ana Lopez,Level 2,72.00,1.0,AC not cooling cab,P-4450,Starter motor,455.00,4,SUP-03,Atlantic Fleet Components,(954) 555-0258,P-4440,Alternator,498.00,1,SUP-03,Atlantic Fleet Components,(954) 555-0258,P-5510,Battery group 31,189.00,3,SUP-03,Atlantic Fleet Components,(954) 555-0258,P-3321,Drive tire 11R22.5,389.00,2,SUP-04,Sunshine Tire & Brake,(561) 555-0277
WO-50514,2026-05-11,2026-05-11,TRK-213,1S6387WV5GDJDGTHG,Peterbilt,579,2025,DEP-MIA,Miami Main Shop,Miami,(305) 555-0140,M17,Linda Perez,Level 1,58.00,0.5,Wheel seal leak,P-7720,Fifth wheel grease,16.40,3,SUP-02,Gulf Coast Diesel Supply,(813) 555-0233,P-3310,Air brake chamber,68.25,3,SUP-01,Florida Truck Parts,(305) 555-0201,,,,,,,,,,,,,,
WO-50515,2026-05-11,2026-05-13,TRK-213,1S6387WV5GDJDGTHG,Peterbilt,579,2025,DEP-FLL,Fort Lauderdale Yard,Fort Lauderdale,(954) 555-0118,M18,Jose Brown,Master,110.00,4.0,Charging system failure,P-5510,Battery group 31,189.00,3,SUP-03,Atlantic Fleet Components,(954) 555-0258,P-7720,Fifth wheel grease,16.40,2,SUP-02,Gulf Coast Diesel Supply,(813) 555-0233,,,,,,,,,,,,,,
WO-50516,2026-05-11,2026-05-12,TRK-238,15FSYL4JJ55L6SRE5,Isuzu,NRR,2016,DEP-TPA,Tampa Bay Shop,Tampa,(813) 555-0175,M03,Carlos Garcia,Master,110.00,2.0,Preventive maintenance service,P-3320,Steer tire 295/75R22.5,412.00,2,SUP-04,Sunshine Tire & Brake,(561) 555-0277,,,,,,,,,,,,,,,,,,,,,
WO-50517,2026-05-12,2026-05-15,TRK-231,1XU7JZRYDHNX7KKPR,Kenworth,T680,2023,DEP-MIA,Miami Main Shop,Miami,(305) 555-0140,M07,Maria Johnson,Master,110.00,3.0,DOT annual inspection,P-6601,AC compressor,640.00,2,SUP-03,Atlantic Fleet Components,(954) 555-0258,P-3320,Steer tire 295/75R22.5,412.00,1,SUP-04,Sunshine Tire & Brake,(561) 555-0277,P-4440,Alternator,498.00,1,SUP-03,Atlantic Fleet Components,(954) 555-0258,,,,,,,
WO-50518,2026-05-12,2026-05-13,TRK-238,15FSYL4JJ55L6SRE5,Isuzu,NRR,2016,DEP-TPA,Tampa Bay Shop,Tampa,(813) 555-0175,M15,Diego Jackson,Master,110.00,2.5,Coolant leak,P-4403,Air filter element,61.10,1,SUP-02,Gulf Coast Diesel Supply,(813) 555-0233,,,,,,,,,,,,,,,,,,,,,
WO-50519,2026-05-12,2026-05-15,TRK-230,15ZJWGNLH0DT85FY6,International,LT,2017,DEP-TPA,Tampa Bay Shop,Tampa,(813) 555-0175,M17,Linda Perez,Level 1,58.00,3.0,Brake inspection and replacement,P-3302,Brake drum,214.00,1,SUP-04,Sunshine Tire & Brake,(561) 555-0277,P-4440,Alternator,498.00,3,SUP-03,Atlantic Fleet Components,(954) 555-0258,,,,,,,,,,,,,,
WO-50520,2026-05-12,2026-05-12,TRK-208,1L62J8AD6K6MK75MU,Hino,L6,2022,DEP-DOR,Doral Service Center,Doral,(305) 555-0162,M04,Rosa Jones,Level 1,58.00,1.5,Coolant leak,P-4403,Air filter element,61.10,3,SUP-02,Gulf Coast Diesel Supply,(813) 555-0233,P-3320,Steer tire 295/75R22.5,412.00,2,SUP-04,Sunshine Tire & Brake,(561) 555-0277,P-3310,Air brake chamber,68.25,2,SUP-01,Florida Truck Parts,(305) 555-0201,P-5502,Marker lamp,14.60,2,SUP-01,Florida Truck Parts,(305) 555-0201
WO-50521,2026-05-13,2026-05-14,TRK-202,1HU5DGS3X7K5CAU9E,Peterbilt,579,2017,DEP-DOR,Doral Service Center,Doral,(305) 555-0162,M05,Elena Lopez,Level 1,58.00,2.0,Brake inspection and replacement,P-3302,Brake drum,214.00,4,SUP-04,Sunshine Tire & Brake,(561) 555-0277,P-6601,AC compressor,640.00,2,SUP-03,Atlantic Fleet Components,(954) 555-0258,,,,,,,,,,,,,,
WO-50522,2026-05-13,2026-05-13,TRK-216,1NWUMZ0PBSPDHG2PR,Volvo,VNL 860,2020,DEP-FLL,Fort Lauderdale Yard,Fort Lauderdale,(954) 555-0118,M07,Maria Johnson,Master,110.00,2.0,Electrical fault in lighting,P-4440,Alternator,498.00,4,SUP-03,Atlantic Fleet Components,(954) 555-0258,P-4430,Water pump,276.00,2,SUP-03,Atlantic Fleet Components,(954) 555-0258,P-4450,Starter motor,455.00,3,SUP-03,Atlantic Fleet Components,(954) 555-0258,,,,,,,
WO-50523,2026-05-13,2026-05-14,TRK-226,1E897MZ2T117U81K7,Hino,L6,2023,DEP-FLL,Fort Lauderdale Yard,Fort Lauderdale,(954) 555-0118,M15,Diego Jackson,Master,110.00,2.5,No start condition,P-4402,Fuel filter,38.40,3,SUP-02,Gulf Coast Diesel Supply,(813) 555-0233,P-4401,Engine oil filter,24.75,2,SUP-02,Gulf Coast Diesel Supply,(813) 555-0233,P-4450,Starter motor,455.00,1,SUP-03,Atlantic Fleet Components,(954) 555-0258,P-7702,Shock absorber,118.00,1,SUP-01,Florida Truck Parts,(305) 555-0201
WO-50524,2026-05-13,2026-05-14,TRK-206,1V002CEMJCG8S6KXY,Kenworth,T680,2023,DEP-FLL,Fort Lauderdale Yard,Fort Lauderdale,(954) 555-0118,M09,Tanya Davis,Level 1,58.00,0.5,AC not cooling cab,P-5502,Marker lamp,14.60,3,SUP-01,Florida Truck Parts,(305) 555-0201,P-7720,Fifth wheel grease,16.40,3,SUP-02,Gulf Coast Diesel Supply,(813) 555-0233,,,,,,,,,,,,,,
WO-50525,2026-05-14,2026-05-17,TRK-222,111U8J1213VDCX5BD,Kenworth,T680,2024,DEP-DOR,Doral Service Center,Doral,(305) 555-0162,M13,Ana Lopez,Level 2,72.00,2.5,No start condition,P-5510,Battery group 31,189.00,1,SUP-03,Atlantic Fleet Components,(954) 555-0258,P-7701,Leaf spring,305.00,3,SUP-01,Florida Truck Parts,(305) 555-0201,,,,,,,,,,,,,,
WO-50526,2026-05-14,2026-05-17,TRK-228,1NB927BKE9TM7A66E,Hino,L6,2024,DEP-FLL,Fort Lauderdale Yard,Fort Lauderdale,(954) 555-0118,M16,Rosa Harris,Level 2,72.00,6.0,Brake inspection and replacement,P-5510,Battery group 31,189.00,3,SUP-03,Atlantic Fleet Components,(954) 555-0258,,,,,,,,,,,,,,,,,,,,,
WO-50527,2026-05-14,2026-05-14,TRK-214,1UT62YZ6MKFU8VG3S,Volvo,VNL 860,2016,DEP-DOR,Doral Service Center,Doral,(305) 555-0162,M18,Jose Brown,Master,110.00,6.0,Engine warning light,P-5502,Marker lamp,14.60,1,SUP-01,Florida Truck Parts,(305) 555-0201,P-4450,Starter motor,455.00,3,SUP-03,Atlantic Fleet Components,(954) 555-0258,P-4410,Diesel exhaust fluid case,45.00,4,SUP-02,Gulf Coast Diesel Supply,(813) 555-0233,,,,,,,
WO-50528,2026-05-14,2026-05-16,TRK-214,1UT62YZ6MKFU8VG3S,Volvo,VNL 860,2016,DEP-DOR,Doral Service Center,Doral,(305) 555-0162,M07,Maria Johnson,Master,110.00,2.5,DOT annual inspection,P-3301,Brake pad set,89.50,1,SUP-04,Sunshine Tire & Brake,(561) 555-0277,P-3302,Brake drum,214.00,2,SUP-04,Sunshine Tire & Brake,(561) 555-0277,,,,,,,,,,,,,,
WO-50529,2026-05-15,2026-05-17,TRK-240,1586KZ9M394JSHAM9,Peterbilt,579,2024,DEP-MIA,Miami Main Shop,Miami,(305) 555-0140,M14,Ana Johnson,Level 1,58.00,2.5,No start condition,P-7720,Fifth wheel grease,16.40,2,SUP-02,Gulf Coast Diesel Supply,(813) 555-0233,,,,,,,,,,,,,,,,,,,,,
WO-50530,2026-05-15,2026-05-16,TRK-221,15N7XGPGJ7JK2RKR2,Volvo,VNL 860,2020,DEP-DOR,Doral Service Center,Doral,(305) 555-0162,M18,Jose Brown,Master,110.00,4.0,Tire wear on steer axle,P-3321,Drive tire 11R22.5,389.00,2,SUP-04,Sunshine Tire & Brake,(561) 555-0277,,,,,,,,,,,,,,,,,,,,,
WO-50531,2026-05-15,2026-05-15,TRK-236,1S7R5LH94J1YRYAXF,Peterbilt,579,2019,DEP-FLL,Fort Lauderdale Yard,Fort Lauderdale,(954) 555-0118,M08,Ramon Ortiz,Level 3,89.00,6.0,AC not cooling cab,P-5502,Marker lamp,14.60,2,SUP-01,Florida Truck Parts,(305) 555-0201,P-7702,Shock absorber,118.00,2,SUP-01,Florida Truck Parts,(305) 555-0201,,,,,,,,,,,,,,
WO-50532,2026-05-15,2026-05-15,TRK-240,1586KZ9M394JSHAM9,Peterbilt,579,2024,DEP-MIA,Miami Main Shop,Miami,(305) 555-0140,M14,Ana Johnson,Level 1,58.00,4.0,Charging system failure,P-3321,Drive tire 11R22.5,389.00,4,SUP-04,Sunshine Tire & Brake,(561) 555-0277,P-6610,Coolant jug 1 gal,18.75,3,SUP-02,Gulf Coast Diesel Supply,(813) 555-0233,P-4410,Diesel exhaust fluid case,45.00,2,SUP-02,Gulf Coast Diesel Supply,(813) 555-0233,,,,,,,
WO-50533,2026-05-16,2026-05-17,TRK-225,1PGNK2CJ87WB7FKEG,Hino,L6,2020,DEP-MIA,Miami Main Shop,Miami,(305) 555-0140,M02,Miguel Brown,Master,110.00,2.5,Preventive maintenance service,P-3320,Steer tire 295/75R22.5,412.00,3,SUP-04,Sunshine Tire & Brake,(561) 555-0277,P-4403,Air filter element,61.10,2,SUP-02,Gulf Coast Diesel Supply,(813) 555-0233,P-5501,Headlight assembly,133.00,2,SUP-01,Florida Truck Parts,(305) 555-0201,P-7701,Leaf spring,305.00,4,SUP-01,Florida Truck Parts,(305) 555-0201
WO-50534,2026-05-16,2026-05-16,TRK-220,1WP5D1ZS5KRYCNXV8,Kenworth,T680,2017,DEP-TPA,Tampa Bay Shop,Tampa,(813) 555-0175,M14,Ana Johnson,Level 1,58.00,0.5,Engine warning light,P-6602,Cabin air filter,22.50,2,SUP-01,Florida Truck Parts,(305) 555-0201,,,,,,,,,,,,,,,,,,,,,
WO-50535,2026-05-16,2026-05-16,TRK-233,19FG3D3EV8XZ9EHE2,Hino,L6,2021,DEP-DOR,Doral Service Center,Doral,(305) 555-0162,M01,Maria Garcia,Level 1,58.00,1.0,Tire wear on steer axle,P-7701,Leaf spring,305.00,4,SUP-01,Florida Truck Parts,(305) 555-0201,P-4410,Diesel exhaust fluid case,45.00,4,SUP-02,Gulf Coast Diesel Supply,(813) 555-0233,P-5501,Headlight assembly,133.00,2,SUP-01,Florida Truck Parts,(305) 555-0201,P-6601,AC compressor,640.00,2,SUP-03,Atlantic Fleet Components,(954) 555-0258
WO-50536,2026-05-16,2026-05-19,TRK-226,1E897MZ2T117U81K7,Hino,L6,2023,DEP-DOR,Doral Service Center,Doral,(305) 555-0162,M04,Rosa Jones,Level 1,58.00,1.0,Charging system failure,P-7710,Wheel seal kit,41.20,2,SUP-04,Sunshine Tire & Brake,(561) 555-0277,P-5501,Headlight assembly,133.00,3,SUP-01,Florida Truck Parts,(305) 555-0201,P-4401,Engine oil filter,24.75,3,SUP-02,Gulf Coast Diesel Supply,(813) 555-0233,P-3301,Brake pad set,89.50,2,SUP-04,Sunshine Tire & Brake,(561) 555-0277
WO-50537,2026-05-17,2026-05-20,TRK-209,1H1B67LZHRYY5BLAZ,Peterbilt,579,2020,DEP-TPA,Tampa Bay Shop,Tampa,(813) 555-0175,M09,Tanya Davis,Level 1,58.00,1.5,Suspension noise,P-4402,Fuel filter,38.40,4,SUP-02,Gulf Coast Diesel Supply,(813) 555-0233,P-6602,Cabin air filter,22.50,3,SUP-01,Florida Truck Parts,(305) 555-0201,,,,,,,,,,,,,,
WO-50538,2026-05-17,2026-05-17,TRK-209,1H1B67LZHRYY5BLAZ,Peterbilt,579,2020,DEP-DOR,Doral Service Center,Doral,(305) 555-0162,M17,Linda Perez,Level 1,58.00,2.5,No start condition,P-4450,Starter motor,455.00,3,SUP-03,Atlantic Fleet Components,(954) 555-0258,P-3320,Steer tire 295/75R22.5,412.00,4,SUP-04,Sunshine Tire & Brake,(561) 555-0277,,,,,,,,,,,,,,
WO-50539,2026-05-17,2026-05-17,TRK-207,1WZA1BNL3FJPV81NL,Volvo,VNL 860,2024,DEP-DOR,Doral Service Center,Doral,(305) 555-0162,M17,Linda Perez,Level 1,58.00,2.0,Engine warning light,P-3302,Brake drum,214.00,3,SUP-04,Sunshine Tire & Brake,(561) 555-0277,P-7720,Fifth wheel grease,16.40,1,SUP-02,Gulf Coast Diesel Supply,(813) 555-0233,P-4440,Alternator,498.00,1,SUP-03,Atlantic Fleet Components,(954) 555-0258,,,,,,,
WO-50540,2026-05-17,2026-05-18,TRK-223,1JEWDNVPETU38DA0W,Volvo,VNL 860,2022,DEP-DOR,Doral Service Center,Doral,(305) 555-0162,M11,James Thomas,Master,110.00,2.5,Charging system failure,P-4401,Engine oil filter,24.75,1,SUP-02,Gulf Coast Diesel Supply,(813) 555-0233,,,,,,,,,,,,,,,,,,,,,
WO-50541,2026-05-18,2026-05-21,TRK-234,15HWKGYAV6MP428T6,Peterbilt,579,2025,DEP-MIA,Miami Main Shop,Miami,(305) 555-0140,M07,Maria Johnson,Master,110.00,3.0,AC not cooling cab,P-5510,Battery group 31,189.00,1,SUP-03,Atlantic Fleet Components,(954) 555-0258,,,,,,,,,,,,,,,,,,,,,
WO-50542,2026-05-18,2026-05-21,TRK-201,1XHLZYVEE39CZPDTA,Volvo,VNL 860,2020,DEP-TPA,Tampa Bay Shop,Tampa,(813) 555-0175,M14,Ana Johnson,Level 1,58.00,2.0,Charging system failure,P-5510,Battery group 31,189.00,1,SUP-03,Atlantic Fleet Components,(954) 555-0258,P-3310,Air brake chamber,68.25,1,SUP-01,Florida Truck Parts,(305) 555-0201,,,,,,,,,,,,,,
WO-50543,2026-05-18,2026-05-19,TRK-218,14LV5F5M9JYBJ439E,Freightliner,Cascadia,2019,DEP-TPA,Tampa Bay Shop,Tampa,(813) 555-0175,M01,Maria Garcia,Level 1,58.00,6.0,Suspension noise,P-4420,Serpentine belt,52.30,3,SUP-01,Florida Truck Parts,(305) 555-0201,P-3302,Brake drum,214.00,3,SUP-04,Sunshine Tire & Brake,(561) 555-0277,,,,,,,,,,,,,,
WO-50544,2026-05-18,2026-05-21,TRK-211,17CV16P7R3NBW50AP,Volvo,VNL 860,2017,DEP-MIA,Miami Main Shop,Miami,(305) 555-0140,M08,Ramon Ortiz,Level 3,89.00,6.0,Coolant leak,P-4420,Serpentine belt,52.30,4,SUP-01,Florida Truck Parts,(305) 555-0201,P-6602,Cabin air filter,22.50,4,SUP-01,Florida Truck Parts,(305) 555-0201,,,,,,,,,,,,,,
WO-50545,2026-05-19,2026-05-20,TRK-224,14921JV0JDZLPLTFU,Isuzu,NRR,2019,DEP-MIA,Miami Main Shop,Miami,(305) 555-0140,M03,Carlos Garcia,Master,110.00,0.5,DOT annual inspection,P-6602,Cabin air filter,22.50,3,SUP-01,Florida Truck Parts,(305) 555-0201,,,,,,,,,,,,,,,,,,,,,
WO-50546,2026-05-19,2026-05-20,TRK-206,1V002CEMJCG8S6KXY,Kenworth,T680,2023,DEP-DOR,Doral Service Center,Doral,(305) 555-0162,M15,Diego Jackson,Master,110.00,4.0,Brake inspection and replacement,P-4450,Starter motor,455.00,4,SUP-03,Atlantic Fleet Components,(954) 555-0258,,,,,,,,,,,,,,,,,,,,,
WO-50547,2026-05-19,2026-05-20,TRK-224,14921JV0JDZLPLTFU,Isuzu,NRR,2019,DEP-DOR,Doral Service Center,Doral,(305) 555-0162,M08,Ramon Ortiz,Level 3,89.00,0.5,Preventive maintenance service,P-4403,Air filter element,61.10,3,SUP-02,Gulf Coast Diesel Supply,(813) 555-0233,,,,,,,,,,,,,,,,,,,,,
WO-50548,2026-05-19,2026-05-22,TRK-217,1UG7U1UBYAH5Z3PE6,Peterbilt,579,2017,DEP-FLL,Fort Lauderdale Yard,Fort Lauderdale,(954) 555-0118,M05,Elena Lopez,Level 1,58.00,4.0,Brake inspection and replacement,P-7701,Leaf spring,305.00,3,SUP-01,Florida Truck Parts,(305) 555-0201,,,,,,,,,,,,,,,,,,,,,
WO-50549,2026-05-20,2026-05-20,TRK-222,111U8J1213VDCX5BD,Kenworth,T680,2024,DEP-MIA,Miami Main Shop,Miami,(305) 555-0140,M04,Rosa Jones,Level 1,58.00,2.5,Wheel seal leak,P-6610,Coolant jug 1 gal,18.75,3,SUP-02,Gulf Coast Diesel Supply,(813) 555-0233,P-6602,Cabin air filter,22.50,4,SUP-01,Florida Truck Parts,(305) 555-0201,P-4402,Fuel filter,38.40,2,SUP-02,Gulf Coast Diesel Supply,(813) 555-0233,,,,,,,
WO-50550,2026-05-20,2026-05-20,TRK-229,15ZEB5J6BUAVTXJRN,Hino,L6,2021,DEP-TPA,Tampa Bay Shop,Tampa,(813) 555-0175,M11,James Thomas,Master,110.00,6.0,DOT annual inspection,P-3301,Brake pad set,89.50,1,SUP-04,Sunshine Tire & Brake,(561) 555-0277,,,,,,,,,,,,,,,,,,,,,
WO-50551,2026-05-20,2026-05-22,TRK-221,15N7XGPGJ7JK2RKR2,Volvo,VNL 860,2020,DEP-DOR,Doral Service Center,Doral,(305) 555-0162,M09,Tanya Davis,Level 1,58.00,2.0,Engine warning light,P-5501,Headlight assembly,133.00,3,SUP-01,Florida Truck Parts,(305) 555-0201,P-3320,Steer tire 295/75R22.5,412.00,3,SUP-04,Sunshine Tire & Brake,(561) 555-0277,,,,,,,,,,,,,,
WO-50552,2026-05-20,2026-05-22,TRK-239,1BUYTB964LB6D4X19,Peterbilt,579,2019,DEP-TPA,Tampa Bay Shop,Tampa,(813) 555-0175,M13,Ana Lopez,Level 2,72.00,3.0,Engine warning light,P-5501,Headlight assembly,133.00,2,SUP-01,Florida Truck Parts,(305) 555-0201,P-3301,Brake pad set,89.50,3,SUP-04,Sunshine Tire & Brake,(561) 555-0277,,,,,,,,,,,,,,
WO-50553,2026-05-21,2026-05-22,TRK-217,1UG7U1UBYAH5Z3PE6,Peterbilt,579,2017,DEP-DOR,Doral Service Center,Doral,(305) 555-0162,M01,Maria Garcia,Level 1,58.00,0.5,AC not cooling cab,P-4440,Alternator,498.00,3,SUP-03,Atlantic Fleet Components,(954) 555-0258,P-4450,Starter motor,455.00,1,SUP-03,Atlantic Fleet Components,(954) 555-0258,,,,,,,,,,,,,,
WO-50554,2026-05-21,2026-05-21,TRK-228,1NB927BKE9TM7A66E,Hino,L6,2024,DEP-DOR,Doral Service Center,Doral,(305) 555-0162,M15,Diego Jackson,Master,110.00,6.0,Suspension noise,P-3321,Drive tire 11R22.5,389.00,3,SUP-04,Sunshine Tire & Brake,(561) 555-0277,P-7720,Fifth wheel grease,16.40,1,SUP-02,Gulf Coast Diesel Supply,(813) 555-0233,P-6601,AC compressor,640.00,3,SUP-03,Atlantic Fleet Components,(954) 555-0258,P-7701,Leaf spring,305.00,4,SUP-01,Florida Truck Parts,(305) 555-0201
WO-50555,2026-05-21,2026-05-23,TRK-222,111U8J1213VDCX5BD,Kenworth,T680,2024,DEP-DOR,Doral Service Center,Doral,(305) 555-0162,M18,Jose Brown,Master,110.00,3.0,AC not cooling cab,P-5502,Marker lamp,14.60,3,SUP-01,Florida Truck Parts,(305) 555-0201,P-4402,Fuel filter,38.40,3,SUP-02,Gulf Coast Diesel Supply,(813) 555-0233,,,,,,,,,,,,,,
WO-50556,2026-05-21,2026-05-24,TRK-210,1EBP2CLPU2HHEXYDK,Peterbilt,579,2019,DEP-MIA,Miami Main Shop,Miami,(305) 555-0140,M13,Ana Lopez,Level 2,72.00,1.0,Suspension noise,P-4420,Serpentine belt,52.30,3,SUP-01,Florida Truck Parts,(305) 555-0201,,,,,,,,,,,,,,,,,,,,,
WO-50557,2026-05-22,2026-05-22,TRK-238,15FSYL4JJ55L6SRE5,Isuzu,NRR,2016,DEP-MIA,Miami Main Shop,Miami,(305) 555-0140,M07,Maria Johnson,Master,110.00,0.5,Charging system failure,P-4402,Fuel filter,38.40,2,SUP-02,Gulf Coast Diesel Supply,(813) 555-0233,,,,,,,,,,,,,,,,,,,,,
WO-50558,2026-05-22,2026-05-22,TRK-217,1UG7U1UBYAH5Z3PE6,Peterbilt,579,2017,DEP-MIA,Miami Main Shop,Miami,(305) 555-0140,M18,Jose Brown,Master,110.00,4.0,DOT annual inspection,P-7702,Shock absorber,118.00,3,SUP-01,Florida Truck Parts,(305) 555-0201,P-5501,Headlight assembly,133.00,4,SUP-01,Florida Truck Parts,(305) 555-0201,,,,,,,,,,,,,,
WO-50559,2026-05-22,2026-05-23,TRK-231,1XU7JZRYDHNX7KKPR,Kenworth,T680,2023,DEP-MIA,Miami Main Shop,Miami,(305) 555-0140,M01,Maria Garcia,Level 1,58.00,2.5,Coolant leak,P-3320,Steer tire 295/75R22.5,412.00,1,SUP-04,Sunshine Tire & Brake,(561) 555-0277,P-5510,Battery group 31,189.00,3,SUP-03,Atlantic Fleet Components,(954) 555-0258,P-5501,Headlight assembly,133.00,1,SUP-01,Florida Truck Parts,(305) 555-0201,,,,,,,
WO-50560,2026-05-22,2026-05-23,TRK-212,12AYLATERX8BJE9AX,Kenworth,T680,2017,DEP-DOR,Doral Service Center,Doral,(305) 555-0162,M11,James Thomas,Master,110.00,6.0,No start condition,P-5520,Wiper blade pair,29.90,3,SUP-01,Florida Truck Parts,(305) 555-0201,P-7702,Shock absorber,118.00,1,SUP-01,Florida Truck Parts,(305) 555-0201,,,,,,,,,,,,,,
WO-50561,2026-05-23,2026-05-25,TRK-203,1S0WX3UDH042GEVDN,Peterbilt,579,2017,DEP-FLL,Fort Lauderdale Yard,Fort Lauderdale,(954) 555-0118,M17,Linda Perez,Level 1,58.00,1.5,AC not cooling cab,P-7710,Wheel seal kit,41.20,2,SUP-04,Sunshine Tire & Brake,(561) 555-0277,P-7702,Shock absorber,118.00,4,SUP-01,Florida Truck Parts,(305) 555-0201,P-3321,Drive tire 11R22.5,389.00,4,SUP-04,Sunshine Tire & Brake,(561) 555-0277,,,,,,,
WO-50562,2026-05-23,2026-05-24,TRK-211,17CV16P7R3NBW50AP,Volvo,VNL 860,2017,DEP-TPA,Tampa Bay Shop,Tampa,(813) 555-0175,M12,Tanya Harris,Level 2,72.00,2.5,Electrical fault in lighting,P-7720,Fifth wheel grease,16.40,3,SUP-02,Gulf Coast Diesel Supply,(813) 555-0233,,,,,,,,,,,,,,,,,,,,,
WO-50563,2026-05-23,2026-05-24,TRK-213,1S6387WV5GDJDGTHG,Peterbilt,579,2025,DEP-MIA,Miami Main Shop,Miami,(305) 555-0140,M13,Ana Lopez,Level 2,72.00,3.0,Wheel seal leak,P-4450,Starter motor,455.00,3,SUP-03,Atlantic Fleet Components,(954) 555-0258,,,,,,,,,,,,,,,,,,,,,
WO-50564,2026-05-23,2026-05-25,TRK-234,15HWKGYAV6MP428T6,Peterbilt,579,2025,DEP-MIA,Miami Main Shop,Miami,(305) 555-0140,M15,Diego Jackson,Master,110.00,5.0,Coolant leak,P-4450,Starter motor,455.00,4,SUP-03,Atlantic Fleet Components,(954) 555-0258,,,,,,,,,,,,,,,,,,,,,
WO-50565,2026-05-24,2026-05-25,TRK-232,1GF7C9ZMVR2JDUCNT,Volvo,VNL 860,2025,DEP-MIA,Miami Main Shop,Miami,(305) 555-0140,M15,Diego Jackson,Master,110.00,2.5,Brake inspection and replacement,P-4420,Serpentine belt,52.30,3,SUP-01,Florida Truck Parts,(305) 555-0201,,,,,,,,,,,,,,,,,,,,,
WO-50566,2026-05-24,2026-05-25,TRK-238,15FSYL4JJ55L6SRE5,Isuzu,NRR,2016,DEP-FLL,Fort Lauderdale Yard,Fort Lauderdale,(954) 555-0118,M01,Maria Garcia,Level 1,58.00,5.0,Tire wear on steer axle,P-6610,Coolant jug 1 gal,18.75,3,SUP-02,Gulf Coast Diesel Supply,(813) 555-0233,,,,,,,,,,,,,,,,,,,,,
WO-50567,2026-05-24,2026-05-24,TRK-235,1378N31P8PYRP69D1,Peterbilt,579,2023,DEP-DOR,Doral Service Center,Doral,(305) 555-0162,M02,Miguel Brown,Master,110.00,6.0,Tire wear on steer axle,P-7701,Leaf spring,305.00,4,SUP-01,Florida Truck Parts,(305) 555-0201,P-4403,Air filter element,61.10,1,SUP-02,Gulf Coast Diesel Supply,(813) 555-0233,P-3321,Drive tire 11R22.5,389.00,4,SUP-04,Sunshine Tire & Brake,(561) 555-0277,,,,,,,
WO-50568,2026-05-24,2026-05-25,TRK-210,1EBP2CLPU2HHEXYDK,Peterbilt,579,2019,DEP-DOR,Doral Service Center,Doral,(305) 555-0162,M15,Diego Jackson,Master,110.00,3.0,Suspension noise,P-6601,AC compressor,640.00,1,SUP-03,Atlantic Fleet Components,(954) 555-0258,P-4450,Starter motor,455.00,4,SUP-03,Atlantic Fleet Components,(954) 555-0258,P-4410,Diesel exhaust fluid case,45.00,2,SUP-02,Gulf Coast Diesel Supply,(813) 555-0233,P-3310,Air brake chamber,68.25,2,SUP-01,Florida Truck Parts,(305) 555-0201
WO-50569,2026-05-25,2026-05-26,TRK-229,15ZEB5J6BUAVTXJRN,Hino,L6,2021,DEP-FLL,Fort Lauderdale Yard,Fort Lauderdale,(954) 555-0118,M13,Ana Lopez,Level 2,72.00,6.0,AC not cooling cab,P-4450,Starter motor,455.00,4,SUP-03,Atlantic Fleet Components,(954) 555-0258,,,,,,,,,,,,,,,,,,,,,
WO-50570,2026-05-25,2026-05-28,TRK-236,1S7R5LH94J1YRYAXF,Peterbilt,579,2019,DEP-DOR,Doral Service Center,Doral,(305) 555-0162,M16,Rosa Harris,Level 2,72.00,1.5,AC not cooling cab,P-3320,Steer tire 295/75R22.5,412.00,3,SUP-04,Sunshine Tire & Brake,(561) 555-0277,,,,,,,,,,,,,,,,,,,,,
WO-50571,2026-05-25,2026-05-27,TRK-233,19FG3D3EV8XZ9EHE2,Hino,L6,2021,DEP-TPA,Tampa Bay Shop,Tampa,(813) 555-0175,M07,Maria Johnson,Master,110.00,4.0,Suspension noise,P-3310,Air brake chamber,68.25,3,SUP-01,Florida Truck Parts,(305) 555-0201,P-3302,Brake drum,214.00,2,SUP-04,Sunshine Tire & Brake,(561) 555-0277,,,,,,,,,,,,,,
WO-50572,2026-05-25,2026-05-28,TRK-235,1378N31P8PYRP69D1,Peterbilt,579,2023,DEP-TPA,Tampa Bay Shop,Tampa,(813) 555-0175,M14,Ana Johnson,Level 1,58.00,4.0,Charging system failure,P-6602,Cabin air filter,22.50,2,SUP-01,Florida Truck Parts,(305) 555-0201,,,,,,,,,,,,,,,,,,,,,
WO-50573,2026-05-26,2026-05-27,TRK-208,1L62J8AD6K6MK75MU,Hino,L6,2022,DEP-TPA,Tampa Bay Shop,Tampa,(813) 555-0175,M12,Tanya Harris,Level 2,72.00,2.0,Tire wear on steer axle,P-5502,Marker lamp,14.60,4,SUP-01,Florida Truck Parts,(305) 555-0201,,,,,,,,,,,,,,,,,,,,,
WO-50574,2026-05-26,2026-05-26,TRK-217,1UG7U1UBYAH5Z3PE6,Peterbilt,579,2017,DEP-DOR,Doral Service Center,Doral,(305) 555-0162,M01,Maria Garcia,Level 1,58.00,1.0,Charging system failure,P-7702,Shock absorber,118.00,1,SUP-01,Florida Truck Parts,(305) 555-0201,P-7710,Wheel seal kit,41.20,4,SUP-04,Sunshine Tire & Brake,(561) 555-0277,P-3302,Brake drum,214.00,4,SUP-04,Sunshine Tire & Brake,(561) 555-0277,,,,,,,
WO-50575,2026-05-26,2026-05-29,TRK-220,1WP5D1ZS5KRYCNXV8,Kenworth,T680,2017,DEP-MIA,Miami Main Shop,Miami,(305) 555-0140,M02,Miguel Brown,Master,110.00,0.5,Charging system failure,P-6610,Coolant jug 1 gal,18.75,4,SUP-02,Gulf Coast Diesel Supply,(813) 555-0233,P-4410,Diesel exhaust fluid case,45.00,2,SUP-02,Gulf Coast Diesel Supply,(813) 555-0233,,,,,,,,,,,,,,
WO-50576,2026-05-26,2026-05-29,TRK-215,1Y6T6NZMGNJPAXJFB,Peterbilt,579,2020,DEP-DOR,Doral Service Center,Doral,(305) 555-0162,M16,Rosa Harris,Level 2,72.00,6.0,Wheel seal leak,P-5502,Marker lamp,14.60,1,SUP-01,Florida Truck Parts,(305) 555-0201,,,,,,,,,,,,,,,,,,,,,
WO-50577,2026-05-27,2026-05-27,TRK-210,1EBP2CLPU2HHEXYDK,Peterbilt,579,2019,DEP-DOR,Doral Service Center,Doral,(305) 555-0162,M15,Diego Jackson,Master,110.00,0.5,Tire wear on steer axle,P-3301,Brake pad set,89.50,2,SUP-04,Sunshine Tire & Brake,(561) 555-0277,P-4420,Serpentine belt,52.30,2,SUP-01,Florida Truck Parts,(305) 555-0201,,,,,,,,,,,,,,
WO-50578,2026-05-27,2026-05-30,TRK-209,1H1B67LZHRYY5BLAZ,Peterbilt,579,2020,DEP-MIA,Miami Main Shop,Miami,(305) 555-0140,M10,Linda Taylor,Level 3,89.00,2.0,Suspension noise,P-5510,Battery group 31,189.00,4,SUP-03,Atlantic Fleet Components,(954) 555-0258,,,,,,,,,,,,,,,,,,,,,
WO-50579,2026-05-27,2026-05-28,TRK-215,1Y6T6NZMGNJPAXJFB,Peterbilt,579,2020,DEP-FLL,Fort Lauderdale Yard,Fort Lauderdale,(954) 555-0118,M11,James Thomas,Master,110.00,2.5,Suspension noise,P-4430,Water pump,276.00,2,SUP-03,Atlantic Fleet Components,(954) 555-0258,,,,,,,,,,,,,,,,,,,,,
WO-50580,2026-05-27,2026-05-30,TRK-209,1H1B67LZHRYY5BLAZ,Peterbilt,579,2020,DEP-MIA,Miami Main Shop,Miami,(305) 555-0140,M03,Carlos Garcia,Master,110.00,1.5,DOT annual inspection,P-5510,Battery group 31,189.00,2,SUP-03,Atlantic Fleet Components,(954) 555-0258,,,,,,,,,,,,,,,,,,,,,
WO-50581,2026-05-28,2026-05-29,TRK-227,1NZS2C3KZET3YNV4Z,Isuzu,NRR,2017,DEP-MIA,Miami Main Shop,Miami,(305) 555-0140,M14,Ana Johnson,Level 1,58.00,4.0,No start condition,P-5501,Headlight assembly,133.00,3,SUP-01,Florida Truck Parts,(305) 555-0201,P-4430,Water pump,276.00,1,SUP-03,Atlantic Fleet Components,(954) 555-0258,,,,,,,,,,,,,,
WO-50582,2026-05-28,2026-05-29,TRK-205,1J8GYCFM42DVLT3YE,Isuzu,NRR,2018,DEP-DOR,Doral Service Center,Doral,(305) 555-0162,M16,Rosa Harris,Level 2,72.00,5.0,Brake inspection and replacement,P-5502,Marker lamp,14.60,1,SUP-01,Florida Truck Parts,(305) 555-0201,,,,,,,,,,,,,,,,,,,,,
WO-50583,2026-05-28,2026-05-28,TRK-233,19FG3D3EV8XZ9EHE2,Hino,L6,2021,DEP-MIA,Miami Main Shop,Miami,(305) 555-0140,M18,Jose Brown,Master,110.00,5.0,AC not cooling cab,P-7720,Fifth wheel grease,16.40,4,SUP-02,Gulf Coast Diesel Supply,(813) 555-0233,,,,,,,,,,,,,,,,,,,,,
WO-50584,2026-05-28,2026-05-29,TRK-215,1Y6T6NZMGNJPAXJFB,Peterbilt,579,2020,DEP-DOR,Doral Service Center,Doral,(305) 555-0162,M18,Jose Brown,Master,110.00,4.0,Brake inspection and replacement,P-4403,Air filter element,61.10,1,SUP-02,Gulf Coast Diesel Supply,(813) 555-0233,P-6602,Cabin air filter,22.50,4,SUP-01,Florida Truck Parts,(305) 555-0201,P-5510,Battery group 31,189.00,2,SUP-03,Atlantic Fleet Components,(954) 555-0258,,,,,,,
WO-50585,2026-05-29,2026-05-30,TRK-214,1UT62YZ6MKFU8VG3S,Volvo,VNL 860,2016,DEP-FLL,Fort Lauderdale Yard,Fort Lauderdale,(954) 555-0118,M02,Miguel Brown,Master,110.00,1.0,Wheel seal leak,P-6610,Coolant jug 1 gal,18.75,2,SUP-02,Gulf Coast Diesel Supply,(813) 555-0233,,,,,,,,,,,,,,,,,,,,,
WO-50586,2026-05-29,2026-05-29,TRK-213,1S6387WV5GDJDGTHG,Peterbilt,579,2025,DEP-TPA,Tampa Bay Shop,Tampa,(813) 555-0175,M14,Ana Johnson,Level 1,58.00,2.5,Charging system failure,P-6610,Coolant jug 1 gal,18.75,4,SUP-02,Gulf Coast Diesel Supply,(813) 555-0233,,,,,,,,,,,,,,,,,,,,,
WO-50587,2026-05-29,2026-05-30,TRK-204,10A004AD88U5NL8S9,Isuzu,NRR,2020,DEP-TPA,Tampa Bay Shop,Tampa,(813) 555-0175,M04,Rosa Jones,Level 1,58.00,0.5,Coolant leak,P-4450,Starter motor,455.00,4,SUP-03,Atlantic Fleet Components,(954) 555-0258,P-5502,Marker lamp,14.60,2,SUP-01,Florida Truck Parts,(305) 555-0201,,,,,,,,,,,,,,
WO-50588,2026-05-29,2026-06-01,TRK-230,15ZJWGNLH0DT85FY6,International,LT,2017,DEP-DOR,Doral Service Center,Doral,(305) 555-0162,M18,Jose Brown,Master,110.00,2.0,DOT annual inspection,P-4403,Air filter element,61.10,1,SUP-02,Gulf Coast Diesel Supply,(813) 555-0233,P-4401,Engine oil filter,24.75,2,SUP-02,Gulf Coast Diesel Supply,(813) 555-0233,,,,,,,,,,,,,,
WO-50589,2026-05-30,2026-05-31,TRK-234,15HWKGYAV6MP428T6,Peterbilt,579,2025,DEP-DOR,Doral Service Center,Doral,(305) 555-0162,M06,Victor Torres,Level 3,89.00,6.0,Wheel seal leak,P-7701,Leaf spring,305.00,3,SUP-01,Florida Truck Parts,(305) 555-0201,P-6601,AC compressor,640.00,2,SUP-03,Atlantic Fleet Components,(954) 555-0258,,,,,,,,,,,,,,
WO-50590,2026-05-30,2026-05-30,TRK-230,15ZJWGNLH0DT85FY6,International,LT,2017,DEP-MIA,Miami Main Shop,Miami,(305) 555-0140,M08,Ramon Ortiz,Level 3,89.00,2.0,Wheel seal leak,P-6602,Cabin air filter,22.50,1,SUP-01,Florida Truck Parts,(305) 555-0201,P-3321,Drive tire 11R22.5,389.00,4,SUP-04,Sunshine Tire & Brake,(561) 555-0277,P-3302,Brake drum,214.00,1,SUP-04,Sunshine Tire & Brake,(561) 555-0277,P-3320,Steer tire 295/75R22.5,412.00,2,SUP-04,Sunshine Tire & Brake,(561) 555-0277
WO-50591,2026-05-30,2026-05-30,TRK-206,1V002CEMJCG8S6KXY,Kenworth,T680,2023,DEP-MIA,Miami Main Shop,Miami,(305) 555-0140,M12,Tanya Harris,Level 2,72.00,0.5,DOT annual inspection,P-4440,Alternator,498.00,3,SUP-03,Atlantic Fleet Components,(954) 555-0258,P-4403,Air filter element,61.10,3,SUP-02,Gulf Coast Diesel Supply,(813) 555-0233,,,,,,,,,,,,,,
WO-50592,2026-05-30,2026-05-31,TRK-238,15FSYL4JJ55L6SRE5,Isuzu,NRR,2016,DEP-FLL,Fort Lauderdale Yard,Fort Lauderdale,(954) 555-0118,M12,Tanya Harris,Level 2,72.00,0.5,Suspension noise,P-3310,Air brake chamber,68.25,4,SUP-01,Florida Truck Parts,(305) 555-0201,,,,,,,,,,,,,,,,,,,,,
WO-50593,2026-05-31,2026-06-03,TRK-231,1XU7JZRYDHNX7KKPR,Kenworth,T680,2023,DEP-DOR,Doral Service Center,Doral,(305) 555-0162,M08,Ramon Ortiz,Level 3,89.00,3.0,Coolant leak,P-7710,Wheel seal kit,41.20,2,SUP-04,Sunshine Tire & Brake,(561) 555-0277,,,,,,,,,,,,,,,,,,,,,
WO-50594,2026-05-31,2026-05-31,TRK-211,17CV16P7R3NBW50AP,Volvo,VNL 860,2017,DEP-FLL,Fort Lauderdale Yard,Fort Lauderdale,(954) 555-0118,M03,Carlos Garcia,Master,110.00,1.5,Suspension noise,P-3302,Brake drum,214.00,4,SUP-04,Sunshine Tire & Brake,(561) 555-0277,P-5520,Wiper blade pair,29.90,1,SUP-01,Florida Truck Parts,(305) 555-0201,P-6601,AC compressor,640.00,2,SUP-03,Atlantic Fleet Components,(954) 555-0258,,,,,,,
WO-50595,2026-05-31,2026-06-03,TRK-215,1Y6T6NZMGNJPAXJFB,Peterbilt,579,2020,DEP-TPA,Tampa Bay Shop,Tampa,(813) 555-0175,M05,Elena Lopez,Level 1,58.00,0.5,Coolant leak,P-4401,Engine oil filter,24.75,2,SUP-02,Gulf Coast Diesel Supply,(813) 555-0233,,,,,,,,,,,,,,,,,,,,,
WO-50596,2026-05-31,2026-06-02,TRK-219,1MD3B0C4AZ6JP3BP6,Isuzu,NRR,2023,DEP-TPA,Tampa Bay Shop,Tampa,(813) 555-0175,M09,Tanya Davis,Level 1,58.00,4.0,Tire wear on steer axle,P-3301,Brake pad set,89.50,4,SUP-04,Sunshine Tire & Brake,(561) 555-0277,,,,,,,,,,,,,,,,,,,,,
WO-50597,2026-06-01,2026-06-01,TRK-231,1XU7JZRYDHNX7KKPR,Kenworth,T680,2023,DEP-FLL,Fort Lauderdale Yard,Fort Lauderdale,(954) 555-0118,M15,Diego Jackson,Master,110.00,1.5,No start condition,P-4402,Fuel filter,38.40,1,SUP-02,Gulf Coast Diesel Supply,(813) 555-0233,P-4403,Air filter element,61.10,1,SUP-02,Gulf Coast Diesel Supply,(813) 555-0233,,,,,,,,,,,,,,
WO-50598,2026-06-01,2026-06-02,TRK-227,1NZS2C3KZET3YNV4Z,Isuzu,NRR,2017,DEP-TPA,Tampa Bay Shop,Tampa,(813) 555-0175,M14,Ana Johnson,Level 1,58.00,4.0,Engine warning light,P-4440,Alternator,498.00,1,SUP-03,Atlantic Fleet Components,(954) 555-0258,,,,,,,,,,,,,,,,,,,,,
WO-50599,2026-06-01,2026-06-02,TRK-234,15HWKGYAV6MP428T6,Peterbilt,579,2025,DEP-MIA,Miami Main Shop,Miami,(305) 555-0140,M18,Jose Brown,Master,110.00,5.0,No start condition,P-3302,Brake drum,214.00,3,SUP-04,Sunshine Tire & Brake,(561) 555-0277,P-4440,Alternator,498.00,1,SUP-03,Atlantic Fleet Components,(954) 555-0258,,,,,,,,,,,,,,
WO-50600,2026-06-01,2026-06-01,TRK-211,17CV16P7R3NBW50AP,Volvo,VNL 860,2017,DEP-FLL,Fort Lauderdale Yard,Fort Lauderdale,(954) 555-0118,M02,Miguel Brown,Master,110.00,2.5,Electrical fault in lighting,P-3310,Air brake chamber,68.25,1,SUP-01,Florida Truck Parts,(305) 555-0201,P-4450,Starter motor,455.00,2,SUP-03,Atlantic Fleet Components,(954) 555-0258,,,,,,,,,,,,,,
WO-50601,2026-06-02,2026-06-04,TRK-218,14LV5F5M9JYBJ439E,Freightliner,Cascadia,2019,DEP-FLL,Fort Lauderdale Yard,Fort Lauderdale,(954) 555-0118,M13,Ana Lopez,Level 2,72.00,2.5,AC not cooling cab,P-3310,Air brake chamber,68.25,2,SUP-01,Florida Truck Parts,(305) 555-0201,P-6602,Cabin air filter,22.50,3,SUP-01,Florida Truck Parts,(305) 555-0201,,,,,,,,,,,,,,
WO-50602,2026-06-02,2026-06-02,TRK-205,1J8GYCFM42DVLT3YE,Isuzu,NRR,2018,DEP-DOR,Doral Service Center,Doral,(305) 555-0162,M17,Linda Perez,Level 1,58.00,2.5,Brake inspection and replacement,P-6601,AC compressor,640.00,2,SUP-03,Atlantic Fleet Components,(954) 555-0258,P-7710,Wheel seal kit,41.20,1,SUP-04,Sunshine Tire & Brake,(561) 555-0277,P-4403,Air filter element,61.10,2,SUP-02,Gulf Coast Diesel Supply,(813) 555-0233,,,,,,,
WO-50603,2026-06-02,2026-06-05,TRK-232,1GF7C9ZMVR2JDUCNT,Volvo,VNL 860,2025,DEP-MIA,Miami Main Shop,Miami,(305) 555-0140,M13,Ana Lopez,Level 2,72.00,6.0,Charging system failure,P-3321,Drive tire 11R22.5,389.00,2,SUP-04,Sunshine Tire & Brake,(561) 555-0277,P-6610,Coolant jug 1 gal,18.75,1,SUP-02,Gulf Coast Diesel Supply,(813) 555-0233,P-4450,Starter motor,455.00,3,SUP-03,Atlantic Fleet Components,(954) 555-0258,P-7701,Leaf spring,305.00,4,SUP-01,Florida Truck Parts,(305) 555-0201
WO-50604,2026-06-02,2026-06-03,TRK-204,10A004AD88U5NL8S9,Isuzu,NRR,2020,DEP-MIA,Miami Main Shop,Miami,(305) 555-0140,M16,Rosa Harris,Level 2,72.00,5.0,No start condition,P-3310,Air brake chamber,68.25,1,SUP-01,Florida Truck Parts,(305) 555-0201,,,,,,,,,,,,,,,,,,,,,
WO-50605,2026-06-03,2026-06-04,TRK-209,1H1B67LZHRYY5BLAZ,Peterbilt,579,2020,DEP-MIA,Miami Main Shop,Miami,(305) 555-0140,M14,Ana Johnson,Level 1,58.00,2.5,Wheel seal leak,P-3301,Brake pad set,89.50,2,SUP-04,Sunshine Tire & Brake,(561) 555-0277,P-4430,Water pump,276.00,4,SUP-03,Atlantic Fleet Components,(954) 555-0258,P-6601,AC compressor,640.00,1,SUP-03,Atlantic Fleet Components,(954) 555-0258,P-4450,Starter motor,455.00,1,SUP-03,Atlantic Fleet Components,(954) 555-0258
WO-50606,2026-06-03,2026-06-03,TRK-236,1S7R5LH94J1YRYAXF,Peterbilt,579,2019,DEP-DOR,Doral Service Center,Doral,(305) 555-0162,M16,Rosa Harris,Level 2,72.00,0.5,Brake inspection and replacement,P-7702,Shock absorber,118.00,3,SUP-01,Florida Truck Parts,(305) 555-0201,P-7720,Fifth wheel grease,16.40,4,SUP-02,Gulf Coast Diesel Supply,(813) 555-0233,P-7701,Leaf spring,305.00,1,SUP-01,Florida Truck Parts,(305) 555-0201,P-7710,Wheel seal kit,41.20,4,SUP-04,Sunshine Tire & Brake,(561) 555-0277
WO-50607,2026-06-03,2026-06-04,TRK-208,1L62J8AD6K6MK75MU,Hino,L6,2022,DEP-TPA,Tampa Bay Shop,Tampa,(813) 555-0175,M14,Ana Johnson,Level 1,58.00,0.5,Wheel seal leak,P-3321,Drive tire 11R22.5,389.00,4,SUP-04,Sunshine Tire & Brake,(561) 555-0277,P-5502,Marker lamp,14.60,3,SUP-01,Florida Truck Parts,(305) 555-0201,P-4403,Air filter element,61.10,3,SUP-02,Gulf Coast Diesel Supply,(813) 555-0233,,,,,,,
WO-50608,2026-06-03,2026-06-05,TRK-222,111U8J1213VDCX5BD,Kenworth,T680,2024,DEP-TPA,Tampa Bay Shop,Tampa,(813) 555-0175,M02,Miguel Brown,Master,110.00,6.0,Wheel seal leak,P-4420,Serpentine belt,52.30,3,SUP-01,Florida Truck Parts,(305) 555-0201,P-4450,Starter motor,455.00,4,SUP-03,Atlantic Fleet Components,(954) 555-0258,,,,,,,,,,,,,,
WO-50609,2026-06-04,2026-06-04,TRK-239,1BUYTB964LB6D4X19,Peterbilt,579,2019,DEP-TPA,Tampa Bay Shop,Tampa,(813) 555-0175,M10,Linda Taylor,Level 3,89.00,5.0,Coolant leak,P-4420,Serpentine belt,52.30,2,SUP-01,Florida Truck Parts,(305) 555-0201,P-3302,Brake drum,214.00,1,SUP-04,Sunshine Tire & Brake,(561) 555-0277,,,,,,,,,,,,,,
WO-50610,2026-06-04,2026-06-04,TRK-228,1NB927BKE9TM7A66E,Hino,L6,2024,DEP-DOR,Doral Service Center,Doral,(305) 555-0162,M07,Maria Johnson,Master,110.00,4.0,Coolant leak,P-4401,Engine oil filter,24.75,4,SUP-02,Gulf Coast Diesel Supply,(813) 555-0233,P-4440,Alternator,498.00,3,SUP-03,Atlantic Fleet Components,(954) 555-0258,,,,,,,,,,,,,,
WO-50611,2026-06-04,2026-06-04,TRK-233,19FG3D3EV8XZ9EHE2,Hino,L6,2021,DEP-MIA,Miami Main Shop,Miami,(305) 555-0140,M11,James Thomas,Master,110.00,2.5,Charging system failure,P-3320,Steer tire 295/75R22.5,412.00,3,SUP-04,Sunshine Tire & Brake,(561) 555-0277,,,,,,,,,,,,,,,,,,,,,
WO-50612,2026-06-04,2026-06-06,TRK-201,1XHLZYVEE39CZPDTA,Volvo,VNL 860,2020,DEP-TPA,Tampa Bay Shop,Tampa,(813) 555-0175,M13,Ana Lopez,Level 2,72.00,3.0,Charging system failure,P-4403,Air filter element,61.10,2,SUP-02,Gulf Coast Diesel Supply,(813) 555-0233,P-4450,Starter motor,455.00,1,SUP-03,Atlantic Fleet Components,(954) 555-0258,P-6602,Cabin air filter,22.50,4,SUP-01,Florida Truck Parts,(305) 555-0201,,,,,,,
WO-50613,2026-06-05,2026-06-05,TRK-220,1WP5D1ZS5KRYCNXV8,Kenworth,T680,2017,DEP-FLL,Fort Lauderdale Yard,Fort Lauderdale,(954) 555-0118,M09,Tanya Davis,Level 1,58.00,1.5,Tire wear on steer axle,P-4430,Water pump,276.00,3,SUP-03,Atlantic Fleet Components,(954) 555-0258,P-7701,Leaf spring,305.00,4,SUP-01,Florida Truck Parts,(305) 555-0201,P-6602,Cabin air filter,22.50,3,SUP-01,Florida Truck Parts,(305) 555-0201,,,,,,,
WO-50614,2026-06-05,2026-06-05,TRK-204,10A004AD88U5NL8S9,Isuzu,NRR,2020,DEP-DOR,Doral Service Center,Doral,(305) 555-0162,M17,Linda Perez,Level 1,58.00,6.0,Coolant leak,P-6610,Coolant jug 1 gal,18.75,2,SUP-02,Gulf Coast Diesel Supply,(813) 555-0233,,,,,,,,,,,,,,,,,,,,,
WO-50615,2026-06-05,2026-06-06,TRK-212,12AYLATERX8BJE9AX,Kenworth,T680,2017,DEP-FLL,Fort Lauderdale Yard,Fort Lauderdale,(954) 555-0118,M02,Miguel Brown,Master,110.00,5.0,Electrical fault in lighting,P-4402,Fuel filter,38.40,4,SUP-02,Gulf Coast Diesel Supply,(813) 555-0233,P-4410,Diesel exhaust fluid case,45.00,1,SUP-02,Gulf Coast Diesel Supply,(813) 555-0233,P-4440,Alternator,498.00,2,SUP-03,Atlantic Fleet Components,(954) 555-0258,,,,,,,
WO-50616,2026-06-05,2026-06-06,TRK-222,111U8J1213VDCX5BD,Kenworth,T680,2024,DEP-MIA,Miami Main Shop,Miami,(305) 555-0140,M09,Tanya Davis,Level 1,58.00,4.0,Tire wear on steer axle,P-5502,Marker lamp,14.60,3,SUP-01,Florida Truck Parts,(305) 555-0201,P-4402,Fuel filter,38.40,3,SUP-02,Gulf Coast Diesel Supply,(813) 555-0233,P-5510,Battery group 31,189.00,2,SUP-03,Atlantic Fleet Components,(954) 555-0258,P-4430,Water pump,276.00,2,SUP-03,Atlantic Fleet Components,(954) 555-0258
WO-50617,2026-06-06,2026-06-06,TRK-216,1NWUMZ0PBSPDHG2PR,Volvo,VNL 860,2020,DEP-MIA,Miami Main Shop,Miami,(305) 555-0140,M10,Linda Taylor,Level 3,89.00,0.5,Wheel seal leak,P-3302,Brake drum,214.00,3,SUP-04,Sunshine Tire & Brake,(561) 555-0277,P-4403,Air filter element,61.10,1,SUP-02,Gulf Coast Diesel Supply,(813) 555-0233,,,,,,,,,,,,,,
WO-50618,2026-06-06,2026-06-07,TRK-227,1NZS2C3KZET3YNV4Z,Isuzu,NRR,2017,DEP-MIA,Miami Main Shop,Miami,(305) 555-0140,M13,Ana Lopez,Level 2,72.00,6.0,Coolant leak,P-3302,Brake drum,214.00,2,SUP-04,Sunshine Tire & Brake,(561) 555-0277,,,,,,,,,,,,,,,,,,,,,
WO-50619,2026-06-06,2026-06-06,TRK-227,1NZS2C3KZET3YNV4Z,Isuzu,NRR,2017,DEP-MIA,Miami Main Shop,Miami,(305) 555-0140,M15,Diego Jackson,Master,110.00,1.5,Suspension noise,P-5510,Battery group 31,189.00,3,SUP-03,Atlantic Fleet Components,(954) 555-0258,,,,,,,,,,,,,,,,,,,,,
WO-50620,2026-06-06,2026-06-06,TRK-213,1S6387WV5GDJDGTHG,Peterbilt,579,2025,DEP-DOR,Doral Service Center,Doral,(305) 555-0162,M11,James Thomas,Master,110.00,2.0,Coolant leak,P-5501,Headlight assembly,133.00,3,SUP-01,Florida Truck Parts,(305) 555-0201,,,,,,,,,,,,,,,,,,,,,
WO-50621,2026-06-07,2026-06-07,TRK-240,1586KZ9M394JSHAM9,Peterbilt,579,2024,DEP-FLL,Fort Lauderdale Yard,Fort Lauderdale,(954) 555-0118,M01,Maria Garcia,Level 1,58.00,1.5,Coolant leak,P-7701,Leaf spring,305.00,3,SUP-01,Florida Truck Parts,(305) 555-0201,P-3321,Drive tire 11R22.5,389.00,1,SUP-04,Sunshine Tire & Brake,(561) 555-0277,P-7702,Shock absorber,118.00,4,SUP-01,Florida Truck Parts,(305) 555-0201,P-4403,Air filter element,61.10,1,SUP-02,Gulf Coast Diesel Supply,(813) 555-0233
WO-50622,2026-06-07,2026-06-08,TRK-221,15N7XGPGJ7JK2RKR2,Volvo,VNL 860,2020,DEP-DOR,Doral Service Center,Doral,(305) 555-0162,M13,Ana Lopez,Level 2,72.00,2.0,Tire wear on steer axle,P-6610,Coolant jug 1 gal,18.75,1,SUP-02,Gulf Coast Diesel Supply,(813) 555-0233,P-7702,Shock absorber,118.00,1,SUP-01,Florida Truck Parts,(305) 555-0201,P-3320,Steer tire 295/75R22.5,412.00,2,SUP-04,Sunshine Tire & Brake,(561) 555-0277,P-4440,Alternator,498.00,2,SUP-03,Atlantic Fleet Components,(954) 555-0258
WO-50623,2026-06-07,2026-06-07,TRK-230,15ZJWGNLH0DT85FY6,International,LT,2017,DEP-MIA,Miami Main Shop,Miami,(305) 555-0140,M05,Elena Lopez,Level 1,58.00,3.0,Charging system failure,P-5520,Wiper blade pair,29.90,4,SUP-01,Florida Truck Parts,(305) 555-0201,P-4402,Fuel filter,38.40,1,SUP-02,Gulf Coast Diesel Supply,(813) 555-0233,,,,,,,,,,,,,,
WO-50624,2026-06-07,2026-06-09,TRK-202,1HU5DGS3X7K5CAU9E,Peterbilt,579,2017,DEP-MIA,Miami Main Shop,Miami,(305) 555-0140,M02,Miguel Brown,Master,110.00,4.0,Suspension noise,P-7701,Leaf spring,305.00,4,SUP-01,Florida Truck Parts,(305) 555-0201,P-3320,Steer tire 295/75R22.5,412.00,1,SUP-04,Sunshine Tire & Brake,(561) 555-0277,P-4440,Alternator,498.00,2,SUP-03,Atlantic Fleet Components,(954) 555-0258,,,,,,,
WO-50625,2026-06-08,2026-06-09,TRK-214,1UT62YZ6MKFU8VG3S,Volvo,VNL 860,2016,DEP-TPA,Tampa Bay Shop,Tampa,(813) 555-0175,M01,Maria Garcia,Level 1,58.00,1.5,Coolant leak,P-6601,AC compressor,640.00,1,SUP-03,Atlantic Fleet Components,(954) 555-0258,P-3302,Brake drum,214.00,3,SUP-04,Sunshine Tire & Brake,(561) 555-0277,,,,,,,,,,,,,,
WO-50626,2026-06-08,2026-06-09,TRK-209,1H1B67LZHRYY5BLAZ,Peterbilt,579,2020,DEP-DOR,Doral Service Center,Doral,(305) 555-0162,M18,Jose Brown,Master,110.00,0.5,Electrical fault in lighting,P-3301,Brake pad set,89.50,1,SUP-04,Sunshine Tire & Brake,(561) 555-0277,P-7701,Leaf spring,305.00,2,SUP-01,Florida Truck Parts,(305) 555-0201,,,,,,,,,,,,,,
WO-50627,2026-06-08,2026-06-08,TRK-223,1JEWDNVPETU38DA0W,Volvo,VNL 860,2022,DEP-DOR,Doral Service Center,Doral,(305) 555-0162,M06,Victor Torres,Level 3,89.00,4.0,AC not cooling cab,P-6602,Cabin air filter,22.50,1,SUP-01,Florida Truck Parts,(305) 555-0201,P-4420,Serpentine belt,52.30,2,SUP-01,Florida Truck Parts,(305) 555-0201,,,,,,,,,,,,,,
WO-50628,2026-06-08,2026-06-08,TRK-207,1WZA1BNL3FJPV81NL,Volvo,VNL 860,2024,DEP-TPA,Tampa Bay Shop,Tampa,(813) 555-0175,M07,Maria Johnson,Master,110.00,2.0,Tire wear on steer axle,P-4420,Serpentine belt,52.30,4,SUP-01,Florida Truck Parts,(305) 555-0201,P-7710,Wheel seal kit,41.20,1,SUP-04,Sunshine Tire & Brake,(561) 555-0277,,,,,,,,,,,,,,
WO-50629,2026-06-09,2026-06-11,TRK-219,1MD3B0C4AZ6JP3BP6,Isuzu,NRR,2023,DEP-TPA,Tampa Bay Shop,Tampa,(813) 555-0175,M09,Tanya Davis,Level 1,58.00,2.5,Engine warning light,P-5502,Marker lamp,14.60,1,SUP-01,Florida Truck Parts,(305) 555-0201,,,,,,,,,,,,,,,,,,,,,
WO-50630,2026-06-09,2026-06-12,TRK-209,1H1B67LZHRYY5BLAZ,Peterbilt,579,2020,DEP-MIA,Miami Main Shop,Miami,(305) 555-0140,M03,Carlos Garcia,Master,110.00,3.0,Preventive maintenance service,P-7702,Shock absorber,118.00,1,SUP-01,Florida Truck Parts,(305) 555-0201,,,,,,,,,,,,,,,,,,,,,
WO-50631,2026-06-09,2026-06-12,TRK-220,1WP5D1ZS5KRYCNXV8,Kenworth,T680,2017,DEP-TPA,Tampa Bay Shop,Tampa,(813) 555-0175,M09,Tanya Davis,Level 1,58.00,2.0,AC not cooling cab,P-6602,Cabin air filter,22.50,2,SUP-01,Florida Truck Parts,(305) 555-0201,P-5501,Headlight assembly,133.00,1,SUP-01,Florida Truck Parts,(305) 555-0201,,,,,,,,,,,,,,
WO-50632,2026-06-09,2026-06-11,TRK-234,15HWKGYAV6MP428T6,Peterbilt,579,2025,DEP-FLL,Fort Lauderdale Yard,Fort Lauderdale,(954) 555-0118,M12,Tanya Harris,Level 2,72.00,1.0,Electrical fault in lighting,P-4420,Serpentine belt,52.30,2,SUP-01,Florida Truck Parts,(305) 555-0201,P-7720,Fifth wheel grease,16.40,4,SUP-02,Gulf Coast Diesel Supply,(813) 555-0233,P-6602,Cabin air filter,22.50,2,SUP-01,Florida Truck Parts,(305) 555-0201,,,,,,,
WO-50633,2026-06-10,2026-06-10,TRK-207,1WZA1BNL3FJPV81NL,Volvo,VNL 860,2024,DEP-MIA,Miami Main Shop,Miami,(305) 555-0140,M06,Victor Torres,Level 3,89.00,1.0,AC not cooling cab,P-3310,Air brake chamber,68.25,2,SUP-01,Florida Truck Parts,(305) 555-0201,,,,,,,,,,,,,,,,,,,,,
WO-50634,2026-06-10,2026-06-13,TRK-230,15ZJWGNLH0DT85FY6,International,LT,2017,DEP-FLL,Fort Lauderdale Yard,Fort Lauderdale,(954) 555-0118,M09,Tanya Davis,Level 1,58.00,2.0,Suspension noise,P-4403,Air filter element,61.10,4,SUP-02,Gulf Coast Diesel Supply,(813) 555-0233,P-5510,Battery group 31,189.00,2,SUP-03,Atlantic Fleet Components,(954) 555-0258,P-5501,Headlight assembly,133.00,4,SUP-01,Florida Truck Parts,(305) 555-0201,,,,,,,
WO-50635,2026-06-10,2026-06-10,TRK-221,15N7XGPGJ7JK2RKR2,Volvo,VNL 860,2020,DEP-MIA,Miami Main Shop,Miami,(305) 555-0140,M08,Ramon Ortiz,Level 3,89.00,1.5,Suspension noise,P-4410,Diesel exhaust fluid case,45.00,1,SUP-02,Gulf Coast Diesel Supply,(813) 555-0233,,,,,,,,,,,,,,,,,,,,,
WO-50636,2026-06-10,2026-06-11,TRK-223,1JEWDNVPETU38DA0W,Volvo,VNL 860,2022,DEP-TPA,Tampa Bay Shop,Tampa,(813) 555-0175,M15,Diego Jackson,Master,110.00,6.0,Suspension noise,P-5502,Marker lamp,14.60,4,SUP-01,Florida Truck Parts,(305) 555-0201,,,,,,,,,,,,,,,,,,,,,
WO-50637,2026-06-11,2026-06-12,TRK-231,1XU7JZRYDHNX7KKPR,Kenworth,T680,2023,DEP-FLL,Fort Lauderdale Yard,Fort Lauderdale,(954) 555-0118,M12,Tanya Harris,Level 2,72.00,4.0,AC not cooling cab,P-4440,Alternator,498.00,4,SUP-03,Atlantic Fleet Components,(954) 555-0258,P-7710,Wheel seal kit,41.20,3,SUP-04,Sunshine Tire & Brake,(561) 555-0277,,,,,,,,,,,,,,
WO-50638,2026-06-11,2026-06-14,TRK-226,1E897MZ2T117U81K7,Hino,L6,2023,DEP-DOR,Doral Service Center,Doral,(305) 555-0162,M16,Rosa Harris,Level 2,72.00,0.5,Engine warning light,P-4430,Water pump,276.00,4,SUP-03,Atlantic Fleet Components,(954) 555-0258,,,,,,,,,,,,,,,,,,,,,
WO-50639,2026-06-11,2026-06-11,TRK-221,15N7XGPGJ7JK2RKR2,Volvo,VNL 860,2020,DEP-MIA,Miami Main Shop,Miami,(305) 555-0140,M16,Rosa Harris,Level 2,72.00,5.0,Engine warning light,P-7710,Wheel seal kit,41.20,2,SUP-04,Sunshine Tire & Brake,(561) 555-0277,,,,,,,,,,,,,,,,,,,,,
WO-50640,2026-06-11,2026-06-14,TRK-229,15ZEB5J6BUAVTXJRN,Hino,L6,2021,DEP-TPA,Tampa Bay Shop,Tampa,(813) 555-0175,M08,Ramon Ortiz,Level 3,89.00,1.5,Suspension noise,P-6602,Cabin air filter,22.50,3,SUP-01,Florida Truck Parts,(305) 555-0201,P-5520,Wiper blade pair,29.90,4,SUP-01,Florida Truck Parts,(305) 555-0201,,,,,,,,,,,,,,
WO-50641,2026-06-12,2026-06-14,TRK-209,1H1B67LZHRYY5BLAZ,Peterbilt,579,2020,DEP-MIA,Miami Main Shop,Miami,(305) 555-0140,M15,Diego Jackson,Master,110.00,4.0,Engine warning light,P-3302,Brake drum,214.00,4,SUP-04,Sunshine Tire & Brake,(561) 555-0277,P-4430,Water pump,276.00,3,SUP-03,Atlantic Fleet Components,(954) 555-0258,,,,,,,,,,,,,,
WO-50642,2026-06-12,2026-06-13,TRK-225,1PGNK2CJ87WB7FKEG,Hino,L6,2020,DEP-MIA,Miami Main Shop,Miami,(305) 555-0140,M15,Diego Jackson,Master,110.00,1.0,DOT annual inspection,P-4403,Air filter element,61.10,2,SUP-02,Gulf Coast Diesel Supply,(813) 555-0233,,,,,,,,,,,,,,,,,,,,,
WO-50643,2026-06-12,2026-06-12,TRK-216,1NWUMZ0PBSPDHG2PR,Volvo,VNL 860,2020,DEP-FLL,Fort Lauderdale Yard,Fort Lauderdale,(954) 555-0118,M12,Tanya Harris,Level 2,72.00,1.5,Wheel seal leak,P-4450,Starter motor,455.00,2,SUP-03,Atlantic Fleet Components,(954) 555-0258,,,,,,,,,,,,,,,,,,,,,
WO-50644,2026-06-12,2026-06-13,TRK-230,15ZJWGNLH0DT85FY6,International,LT,2017,DEP-TPA,Tampa Bay Shop,Tampa,(813) 555-0175,M09,Tanya Davis,Level 1,58.00,4.0,Brake inspection and replacement,P-4403,Air filter element,61.10,2,SUP-02,Gulf Coast Diesel Supply,(813) 555-0233,P-5502,Marker lamp,14.60,3,SUP-01,Florida Truck Parts,(305) 555-0201,,,,,,,,,,,,,,
WO-50645,2026-06-13,2026-06-15,TRK-233,19FG3D3EV8XZ9EHE2,Hino,L6,2021,DEP-TPA,Tampa Bay Shop,Tampa,(813) 555-0175,M08,Ramon Ortiz,Level 3,89.00,5.0,Brake inspection and replacement,P-4401,Engine oil filter,24.75,4,SUP-02,Gulf Coast Diesel Supply,(813) 555-0233,P-3320,Steer tire 295/75R22.5,412.00,4,SUP-04,Sunshine Tire & Brake,(561) 555-0277,P-6602,Cabin air filter,22.50,4,SUP-01,Florida Truck Parts,(305) 555-0201,,,,,,,
WO-50646,2026-06-13,2026-06-15,TRK-216,1NWUMZ0PBSPDHG2PR,Volvo,VNL 860,2020,DEP-DOR,Doral Service Center,Doral,(305) 555-0162,M16,Rosa Harris,Level 2,72.00,2.5,No start condition,P-3302,Brake drum,214.00,2,SUP-04,Sunshine Tire & Brake,(561) 555-0277,,,,,,,,,,,,,,,,,,,,,
WO-50647,2026-06-13,2026-06-14,TRK-205,1J8GYCFM42DVLT3YE,Isuzu,NRR,2018,DEP-TPA,Tampa Bay Shop,Tampa,(813) 555-0175,M02,Miguel Brown,Master,110.00,2.0,Preventive maintenance service,P-6602,Cabin air filter,22.50,2,SUP-01,Florida Truck Parts,(305) 555-0201,,,,,,,,,,,,,,,,,,,,,
WO-50648,2026-06-13,2026-06-15,TRK-208,1L62J8AD6K6MK75MU,Hino,L6,2022,DEP-FLL,Fort Lauderdale Yard,Fort Lauderdale,(954) 555-0118,M16,Rosa Harris,Level 2,72.00,6.0,Coolant leak,P-7720,Fifth wheel grease,16.40,1,SUP-02,Gulf Coast Diesel Supply,(813) 555-0233,P-3310,Air brake chamber,68.25,2,SUP-01,Florida Truck Parts,(305) 555-0201,P-4401,Engine oil filter,24.75,3,SUP-02,Gulf Coast Diesel Supply,(813) 555-0233,,,,,,,
WO-50649,2026-06-14,2026-06-15,TRK-218,14LV5F5M9JYBJ439E,Freightliner,Cascadia,2019,DEP-MIA,Miami Main Shop,Miami,(305) 555-0140,M10,Linda Taylor,Level 3,89.00,5.0,Electrical fault in lighting,P-5510,Battery group 31,189.00,4,SUP-03,Atlantic Fleet Components,(954) 555-0258,P-4420,Serpentine belt,52.30,4,SUP-01,Florida Truck Parts,(305) 555-0201,P-5502,Marker lamp,14.60,3,SUP-01,Florida Truck Parts,(305) 555-0201,,,,,,,
WO-50650,2026-06-14,2026-06-17,TRK-208,1L62J8AD6K6MK75MU,Hino,L6,2022,DEP-TPA,Tampa Bay Shop,Tampa,(813) 555-0175,M09,Tanya Davis,Level 1,58.00,3.0,Suspension noise,P-3301,Brake pad set,89.50,1,SUP-04,Sunshine Tire & Brake,(561) 555-0277,P-3321,Drive tire 11R22.5,389.00,1,SUP-04,Sunshine Tire & Brake,(561) 555-0277,,,,,,,,,,,,,,
WO-50651,2026-06-14,2026-06-14,TRK-231,1XU7JZRYDHNX7KKPR,Kenworth,T680,2023,DEP-MIA,Miami Main Shop,Miami,(305) 555-0140,M05,Elena Lopez,Level 1,58.00,4.0,Preventive maintenance service,P-4430,Water pump,276.00,2,SUP-03,Atlantic Fleet Components,(954) 555-0258,P-4440,Alternator,498.00,1,SUP-03,Atlantic Fleet Components,(954) 555-0258,P-4450,Starter motor,455.00,3,SUP-03,Atlantic Fleet Components,(954) 555-0258,P-3320,Steer tire 295/75R22.5,412.00,2,SUP-04,Sunshine Tire & Brake,(561) 555-0277
WO-50652,2026-06-14,2026-06-17,TRK-210,1EBP2CLPU2HHEXYDK,Peterbilt,579,2019,DEP-FLL,Fort Lauderdale Yard,Fort Lauderdale,(954) 555-0118,M12,Tanya Harris,Level 2,72.00,3.0,Tire wear on steer axle,P-4402,Fuel filter,38.40,3,SUP-02,Gulf Coast Diesel Supply,(813) 555-0233,P-7720,Fifth wheel grease,16.40,2,SUP-02,Gulf Coast Diesel Supply,(813) 555-0233,P-4420,Serpentine belt,52.30,3,SUP-01,Florida Truck Parts,(305) 555-0201,P-4430,Water pump,276.00,4,SUP-03,Atlantic Fleet Components,(954) 555-0258
WO-50653,2026-06-15,2026-06-16,TRK-208,1L62J8AD6K6MK75MU,Hino,L6,2022,DEP-MIA,Miami Main Shop,Miami,(305) 555-0140,M09,Tanya Davis,Level 1,58.00,4.0,Electrical fault in lighting,P-7710,Wheel seal kit,41.20,4,SUP-04,Sunshine Tire & Brake,(561) 555-0277,P-4402,Fuel filter,38.40,2,SUP-02,Gulf Coast Diesel Supply,(813) 555-0233,,,,,,,,,,,,,,
WO-50654,2026-06-15,2026-06-18,TRK-223,1JEWDNVPETU38DA0W,Volvo,VNL 860,2022,DEP-MIA,Miami Main Shop,Miami,(305) 555-0140,M17,Linda Perez,Level 1,58.00,1.5,DOT annual inspection,P-7701,Leaf spring,305.00,3,SUP-01,Florida Truck Parts,(305) 555-0201,P-6610,Coolant jug 1 gal,18.75,4,SUP-02,Gulf Coast Diesel Supply,(813) 555-0233,,,,,,,,,,,,,,
WO-50655,2026-06-15,2026-06-16,TRK-232,1GF7C9ZMVR2JDUCNT,Volvo,VNL 860,2025,DEP-MIA,Miami Main Shop,Miami,(305) 555-0140,M17,Linda Perez,Level 1,58.00,1.0,Tire wear on steer axle,P-6601,AC compressor,640.00,2,SUP-03,Atlantic Fleet Components,(954) 555-0258,P-6602,Cabin air filter,22.50,2,SUP-01,Florida Truck Parts,(305) 555-0201,,,,,,,,,,,,,,
WO-50656,2026-06-15,2026-06-18,TRK-237,1G1FW0N0YUFEWGXHD,Freightliner,Cascadia,2020,DEP-FLL,Fort Lauderdale Yard,Fort Lauderdale,(954) 555-0118,M07,Maria Johnson,Master,110.00,6.0,DOT annual inspection,P-6610,Coolant jug 1 gal,18.75,3,SUP-02,Gulf Coast Diesel Supply,(813) 555-0233,P-7701,Leaf spring,305.00,4,SUP-01,Florida Truck Parts,(305) 555-0201,P-4420,Serpentine belt,52.30,4,SUP-01,Florida Truck Parts,(305) 555-0201,,,,,,,
WO-50657,2026-06-16,2026-06-18,TRK-217,1UG7U1UBYAH5Z3PE6,Peterbilt,579,2017,DEP-DOR,Doral Service Center,Doral,(305) 555-0162,M11,James Thomas,Master,110.00,5.0,Charging system failure,P-4420,Serpentine belt,52.30,3,SUP-01,Florida Truck Parts,(305) 555-0201,P-4403,Air filter element,61.10,3,SUP-02,Gulf Coast Diesel Supply,(813) 555-0233,,,,,,,,,,,,,,
WO-50658,2026-06-16,2026-06-16,TRK-239,1BUYTB964LB6D4X19,Peterbilt,579,2019,DEP-MIA,Miami Main Shop,Miami,(305) 555-0140,M18,Jose Brown,Master,110.00,1.0,Suspension noise,P-6602,Cabin air filter,22.50,4,SUP-01,Florida Truck Parts,(305) 555-0201,P-5501,Headlight assembly,133.00,1,SUP-01,Florida Truck Parts,(305) 555-0201,,,,,,,,,,,,,,
WO-50659,2026-06-16,2026-06-16,TRK-217,1UG7U1UBYAH5Z3PE6,Peterbilt,579,2017,DEP-FLL,Fort Lauderdale Yard,Fort Lauderdale,(954) 555-0118,M16,Rosa Harris,Level 2,72.00,0.5,Preventive maintenance service,P-3310,Air brake chamber,68.25,4,SUP-01,Florida Truck Parts,(305) 555-0201,P-4402,Fuel filter,38.40,2,SUP-02,Gulf Coast Diesel Supply,(813) 555-0233,,,,,,,,,,,,,,
WO-50660,2026-06-16,2026-06-18,TRK-220,1WP5D1ZS5KRYCNXV8,Kenworth,T680,2017,DEP-FLL,Fort Lauderdale Yard,Fort Lauderdale,(954) 555-0118,M18,Jose Brown,Master,110.00,2.5,Suspension noise,P-4440,Alternator,498.00,3,SUP-03,Atlantic Fleet Components,(954) 555-0258,,,,,,,,,,,,,,,,,,,,,
WO-50661,2026-06-17,2026-06-20,TRK-239,1BUYTB964LB6D4X19,Peterbilt,579,2019,DEP-MIA,Miami Main Shop,Miami,(305) 555-0140,M11,James Thomas,Master,110.00,2.5,Charging system failure,P-5502,Marker lamp,14.60,1,SUP-01,Florida Truck Parts,(305) 555-0201,P-5501,Headlight assembly,133.00,4,SUP-01,Florida Truck Parts,(305) 555-0201,P-4420,Serpentine belt,52.30,1,SUP-01,Florida Truck Parts,(305) 555-0201,P-3301,Brake pad set,89.50,4,SUP-04,Sunshine Tire & Brake,(561) 555-0277
WO-50662,2026-06-17,2026-06-17,TRK-226,1E897MZ2T117U81K7,Hino,L6,2023,DEP-TPA,Tampa Bay Shop,Tampa,(813) 555-0175,M03,Carlos Garcia,Master,110.00,1.5,No start condition,P-4420,Serpentine belt,52.30,3,SUP-01,Florida Truck Parts,(305) 555-0201,P-5520,Wiper blade pair,29.90,2,SUP-01,Florida Truck Parts,(305) 555-0201,P-3310,Air brake chamber,68.25,3,SUP-01,Florida Truck Parts,(305) 555-0201,P-3320,Steer tire 295/75R22.5,412.00,3,SUP-04,Sunshine Tire & Brake,(561) 555-0277
WO-50663,2026-06-17,2026-06-17,TRK-215,1Y6T6NZMGNJPAXJFB,Peterbilt,579,2020,DEP-MIA,Miami Main Shop,Miami,(305) 555-0140,M06,Victor Torres,Level 3,89.00,4.0,Charging system failure,P-5501,Headlight assembly,133.00,2,SUP-01,Florida Truck Parts,(305) 555-0201,P-6601,AC compressor,640.00,3,SUP-03,Atlantic Fleet Components,(954) 555-0258,,,,,,,,,,,,,,
WO-50664,2026-06-17,2026-06-19,TRK-213,1S6387WV5GDJDGTHG,Peterbilt,579,2025,DEP-MIA,Miami Main Shop,Miami,(305) 555-0140,M17,Linda Perez,Level 1,58.00,4.0,Tire wear on steer axle,P-3301,Brake pad set,89.50,2,SUP-04,Sunshine Tire & Brake,(561) 555-0277,,,,,,,,,,,,,,,,,,,,,
WO-50665,2026-06-18,2026-06-21,TRK-217,1UG7U1UBYAH5Z3PE6,Peterbilt,579,2017,DEP-FLL,Fort Lauderdale Yard,Fort Lauderdale,(954) 555-0118,M14,Ana Johnson,Level 1,58.00,4.0,Tire wear on steer axle,P-3302,Brake drum,214.00,4,SUP-04,Sunshine Tire & Brake,(561) 555-0277,P-4401,Engine oil filter,24.75,4,SUP-02,Gulf Coast Diesel Supply,(813) 555-0233,,,,,,,,,,,,,,
WO-50666,2026-06-18,2026-06-18,TRK-219,1MD3B0C4AZ6JP3BP6,Isuzu,NRR,2023,DEP-TPA,Tampa Bay Shop,Tampa,(813) 555-0175,M03,Carlos Garcia,Master,110.00,2.5,AC not cooling cab,P-4401,Engine oil filter,24.75,4,SUP-02,Gulf Coast Diesel Supply,(813) 555-0233,P-3310,Air brake chamber,68.25,1,SUP-01,Florida Truck Parts,(305) 555-0201,,,,,,,,,,,,,,
WO-50667,2026-06-18,2026-06-21,TRK-220,1WP5D1ZS5KRYCNXV8,Kenworth,T680,2017,DEP-DOR,Doral Service Center,Doral,(305) 555-0162,M08,Ramon Ortiz,Level 3,89.00,3.0,Preventive maintenance service,P-3321,Drive tire 11R22.5,389.00,3,SUP-04,Sunshine Tire & Brake,(561) 555-0277,P-3320,Steer tire 295/75R22.5,412.00,4,SUP-04,Sunshine Tire & Brake,(561) 555-0277,,,,,,,,,,,,,,
WO-50668,2026-06-18,2026-06-19,TRK-222,111U8J1213VDCX5BD,Kenworth,T680,2024,DEP-TPA,Tampa Bay Shop,Tampa,(813) 555-0175,M04,Rosa Jones,Level 1,58.00,1.0,Engine warning light,P-6602,Cabin air filter,22.50,2,SUP-01,Florida Truck Parts,(305) 555-0201,,,,,,,,,,,,,,,,,,,,,
WO-50669,2026-06-19,2026-06-20,TRK-222,111U8J1213VDCX5BD,Kenworth,T680,2024,DEP-FLL,Fort Lauderdale Yard,Fort Lauderdale,(954) 555-0118,M01,Maria Garcia,Level 1,58.00,1.5,AC not cooling cab,P-4430,Water pump,276.00,1,SUP-03,Atlantic Fleet Components,(954) 555-0258,P-7702,Shock absorber,118.00,2,SUP-01,Florida Truck Parts,(305) 555-0201,,,,,,,,,,,,,,
WO-50670,2026-06-19,2026-06-22,TRK-218,14LV5F5M9JYBJ439E,Freightliner,Cascadia,2019,DEP-FLL,Fort Lauderdale Yard,Fort Lauderdale,(954) 555-0118,M03,Carlos Garcia,Master,110.00,1.0,Suspension noise,P-6601,AC compressor,640.00,1,SUP-03,Atlantic Fleet Components,(954) 555-0258,P-4450,Starter motor,455.00,4,SUP-03,Atlantic Fleet Components,(954) 555-0258,,,,,,,,,,,,,,
WO-50671,2026-06-19,2026-06-19,TRK-230,15ZJWGNLH0DT85FY6,International,LT,2017,DEP-TPA,Tampa Bay Shop,Tampa,(813) 555-0175,M12,Tanya Harris,Level 2,72.00,6.0,DOT annual inspection,P-4430,Water pump,276.00,1,SUP-03,Atlantic Fleet Components,(954) 555-0258,,,,,,,,,,,,,,,,,,,,,
WO-50672,2026-06-19,2026-06-21,TRK-214,1UT62YZ6MKFU8VG3S,Volvo,VNL 860,2016,DEP-MIA,Miami Main Shop,Miami,(305) 555-0140,M15,Diego Jackson,Master,110.00,6.0,Suspension noise,P-3321,Drive tire 11R22.5,389.00,2,SUP-04,Sunshine Tire & Brake,(561) 555-0277,P-5510,Battery group 31,189.00,2,SUP-03,Atlantic Fleet Components,(954) 555-0258,,,,,,,,,,,,,,
WO-50673,2026-06-20,2026-06-22,TRK-201,1XHLZYVEE39CZPDTA,Volvo,VNL 860,2020,DEP-MIA,Miami Main Shop,Miami,(305) 555-0140,M17,Linda Perez,Level 1,58.00,1.0,Suspension noise,P-4440,Alternator,498.00,4,SUP-03,Atlantic Fleet Components,(954) 555-0258,,,,,,,,,,,,,,,,,,,,,
WO-50674,2026-06-20,2026-06-21,TRK-231,1XU7JZRYDHNX7KKPR,Kenworth,T680,2023,DEP-MIA,Miami Main Shop,Miami,(305) 555-0140,M07,Maria Johnson,Master,110.00,2.0,Brake inspection and replacement,P-7710,Wheel seal kit,41.20,2,SUP-04,Sunshine Tire & Brake,(561) 555-0277,P-7702,Shock absorber,118.00,3,SUP-01,Florida Truck Parts,(305) 555-0201,P-4420,Serpentine belt,52.30,3,SUP-01,Florida Truck Parts,(305) 555-0201,P-4450,Starter motor,455.00,1,SUP-03,Atlantic Fleet Components,(954) 555-0258
WO-50675,2026-06-20,2026-06-22,TRK-210,1EBP2CLPU2HHEXYDK,Peterbilt,579,2019,DEP-TPA,Tampa Bay Shop,Tampa,(813) 555-0175,M10,Linda Taylor,Level 3,89.00,1.0,DOT annual inspection,P-7720,Fifth wheel grease,16.40,3,SUP-02,Gulf Coast Diesel Supply,(813) 555-0233,P-6602,Cabin air filter,22.50,2,SUP-01,Florida Truck Parts,(305) 555-0201,P-3301,Brake pad set,89.50,1,SUP-04,Sunshine Tire & Brake,(561) 555-0277,P-3321,Drive tire 11R22.5,389.00,2,SUP-04,Sunshine Tire & Brake,(561) 555-0277
WO-50676,2026-06-20,2026-06-20,TRK-202,1HU5DGS3X7K5CAU9E,Peterbilt,579,2017,DEP-MIA,Miami Main Shop,Miami,(305) 555-0140,M07,Maria Johnson,Master,110.00,2.5,No start condition,P-3321,Drive tire 11R22.5,389.00,4,SUP-04,Sunshine Tire & Brake,(561) 555-0277,P-4410,Diesel exhaust fluid case,45.00,1,SUP-02,Gulf Coast Diesel Supply,(813) 555-0233,,,,,,,,,,,,,,
WO-50677,2026-06-21,2026-06-21,TRK-220,1WP5D1ZS5KRYCNXV8,Kenworth,T680,2017,DEP-TPA,Tampa Bay Shop,Tampa,(813) 555-0175,M08,Ramon Ortiz,Level 3,89.00,1.0,Brake inspection and replacement,P-7702,Shock absorber,118.00,2,SUP-01,Florida Truck Parts,(305) 555-0201,P-3321,Drive tire 11R22.5,389.00,4,SUP-04,Sunshine Tire & Brake,(561) 555-0277,P-7710,Wheel seal kit,41.20,3,SUP-04,Sunshine Tire & Brake,(561) 555-0277,,,,,,,
WO-50678,2026-06-21,2026-06-22,TRK-216,1NWUMZ0PBSPDHG2PR,Volvo,VNL 860,2020,DEP-TPA,Tampa Bay Shop,Tampa,(813) 555-0175,M09,Tanya Davis,Level 1,58.00,2.5,DOT annual inspection,P-3321,Drive tire 11R22.5,389.00,1,SUP-04,Sunshine Tire & Brake,(561) 555-0277,,,,,,,,,,,,,,,,,,,,,
WO-50679,2026-06-21,2026-06-23,TRK-227,1NZS2C3KZET3YNV4Z,Isuzu,NRR,2017,DEP-TPA,Tampa Bay Shop,Tampa,(813) 555-0175,M14,Ana Johnson,Level 1,58.00,2.5,No start condition,P-6602,Cabin air filter,22.50,3,SUP-01,Florida Truck Parts,(305) 555-0201,P-4403,Air filter element,61.10,2,SUP-02,Gulf Coast Diesel Supply,(813) 555-0233,P-6601,AC compressor,640.00,1,SUP-03,Atlantic Fleet Components,(954) 555-0258,P-7720,Fifth wheel grease,16.40,4,SUP-02,Gulf Coast Diesel Supply,(813) 555-0233
WO-50680,2026-06-21,2026-06-21,TRK-240,1586KZ9M394JSHAM9,Peterbilt,579,2024,DEP-FLL,Fort Lauderdale Yard,Fort Lauderdale,(954) 555-0118,M10,Linda Taylor,Level 3,89.00,6.0,Suspension noise,P-3301,Brake pad set,89.50,1,SUP-04,Sunshine Tire & Brake,(561) 555-0277,P-4420,Serpentine belt,52.30,2,SUP-01,Florida Truck Parts,(305) 555-0201,,,,,,,,,,,,,,
WO-50681,2026-06-22,2026-06-22,TRK-231,1XU7JZRYDHNX7KKPR,Kenworth,T680,2023,DEP-DOR,Doral Service Center,Doral,(305) 555-0162,M11,James Thomas,Master,110.00,2.0,Wheel seal leak,P-3320,Steer tire 295/75R22.5,412.00,2,SUP-04,Sunshine Tire & Brake,(561) 555-0277,P-6610,Coolant jug 1 gal,18.75,1,SUP-02,Gulf Coast Diesel Supply,(813) 555-0233,P-4450,Starter motor,455.00,2,SUP-03,Atlantic Fleet Components,(954) 555-0258,P-3310,Air brake chamber,68.25,2,SUP-01,Florida Truck Parts,(305) 555-0201
WO-50682,2026-06-22,2026-06-23,TRK-231,1XU7JZRYDHNX7KKPR,Kenworth,T680,2023,DEP-TPA,Tampa Bay Shop,Tampa,(813) 555-0175,M10,Linda Taylor,Level 3,89.00,0.5,Suspension noise,P-3301,Brake pad set,89.50,2,SUP-04,Sunshine Tire & Brake,(561) 555-0277,P-5520,Wiper blade pair,29.90,4,SUP-01,Florida Truck Parts,(305) 555-0201,P-6610,Coolant jug 1 gal,18.75,1,SUP-02,Gulf Coast Diesel Supply,(813) 555-0233,,,,,,,
WO-50683,2026-06-22,2026-06-22,TRK-226,1E897MZ2T117U81K7,Hino,L6,2023,DEP-FLL,Fort Lauderdale Yard,Fort Lauderdale,(954) 555-0118,M13,Ana Lopez,Level 2,72.00,6.0,No start condition,P-7710,Wheel seal kit,41.20,2,SUP-04,Sunshine Tire & Brake,(561) 555-0277,,,,,,,,,,,,,,,,,,,,,
WO-50684,2026-06-22,2026-06-22,TRK-205,1J8GYCFM42DVLT3YE,Isuzu,NRR,2018,DEP-MIA,Miami Main Shop,Miami,(305) 555-0140,M16,Rosa Harris,Level 2,72.00,1.0,Charging system failure,P-4440,Alternator,498.00,1,SUP-03,Atlantic Fleet Components,(954) 555-0258,P-5510,Battery group 31,189.00,4,SUP-03,Atlantic Fleet Components,(954) 555-0258,,,,,,,,,,,,,,
WO-50685,2026-06-23,2026-06-24,TRK-237,1G1FW0N0YUFEWGXHD,Freightliner,Cascadia,2020,DEP-FLL,Fort Lauderdale Yard,Fort Lauderdale,(954) 555-0118,M15,Diego Jackson,Master,110.00,0.5,Brake inspection and replacement,P-4440,Alternator,498.00,1,SUP-03,Atlantic Fleet Components,(954) 555-0258,P-7702,Shock absorber,118.00,2,SUP-01,Florida Truck Parts,(305) 555-0201,P-7720,Fifth wheel grease,16.40,2,SUP-02,Gulf Coast Diesel Supply,(813) 555-0233,P-5510,Battery group 31,189.00,3,SUP-03,Atlantic Fleet Components,(954) 555-0258
WO-50686,2026-06-23,2026-06-26,TRK-212,12AYLATERX8BJE9AX,Kenworth,T680,2017,DEP-DOR,Doral Service Center,Doral,(305) 555-0162,M12,Tanya Harris,Level 2,72.00,2.5,Charging system failure,P-7702,Shock absorber,118.00,1,SUP-01,Florida Truck Parts,(305) 555-0201,P-4440,Alternator,498.00,4,SUP-03,Atlantic Fleet Components,(954) 555-0258,P-7720,Fifth wheel grease,16.40,2,SUP-02,Gulf Coast Diesel Supply,(813) 555-0233,,,,,,,
WO-50687,2026-06-23,2026-06-25,TRK-213,1S6387WV5GDJDGTHG,Peterbilt,579,2025,DEP-FLL,Fort Lauderdale Yard,Fort Lauderdale,(954) 555-0118,M06,Victor Torres,Level 3,89.00,4.0,Coolant leak,P-7720,Fifth wheel grease,16.40,4,SUP-02,Gulf Coast Diesel Supply,(813) 555-0233,,,,,,,,,,,,,,,,,,,,,
WO-50688,2026-06-23,2026-06-24,TRK-207,1WZA1BNL3FJPV81NL,Volvo,VNL 860,2024,DEP-FLL,Fort Lauderdale Yard,Fort Lauderdale,(954) 555-0118,M10,Linda Taylor,Level 3,89.00,2.0,Tire wear on steer axle,P-7710,Wheel seal kit,41.20,4,SUP-04,Sunshine Tire & Brake,(561) 555-0277,P-5510,Battery group 31,189.00,3,SUP-03,Atlantic Fleet Components,(954) 555-0258,P-4440,Alternator,498.00,1,SUP-03,Atlantic Fleet Components,(954) 555-0258,P-7720,Fifth wheel grease,16.40,2,SUP-02,Gulf Coast Diesel Supply,(813) 555-0233
WO-50689,2026-06-24,2026-06-25,TRK-224,14921JV0JDZLPLTFU,Isuzu,NRR,2019,DEP-FLL,Fort Lauderdale Yard,Fort Lauderdale,(954) 555-0118,M17,Linda Perez,Level 1,58.00,3.0,Wheel seal leak,P-6602,Cabin air filter,22.50,4,SUP-01,Florida Truck Parts,(305) 555-0201,P-4430,Water pump,276.00,2,SUP-03,Atlantic Fleet Components,(954) 555-0258,P-5510,Battery group 31,189.00,2,SUP-03,Atlantic Fleet Components,(954) 555-0258,,,,,,,
WO-50690,2026-06-24,2026-06-25,TRK-223,1JEWDNVPETU38DA0W,Volvo,VNL 860,2022,DEP-DOR,Doral Service Center,Doral,(305) 555-0162,M15,Diego Jackson,Master,110.00,2.0,Charging system failure,P-6610,Coolant jug 1 gal,18.75,3,SUP-02,Gulf Coast Diesel Supply,(813) 555-0233,,,,,,,,,,,,,,,,,,,,,
WO-50691,2026-06-24,2026-06-24,TRK-239,1BUYTB964LB6D4X19,Peterbilt,579,2019,DEP-FLL,Fort Lauderdale Yard,Fort Lauderdale,(954) 555-0118,M05,Elena Lopez,Level 1,58.00,5.0,Suspension noise,P-5510,Battery group 31,189.00,2,SUP-03,Atlantic Fleet Components,(954) 555-0258,P-3321,Drive tire 11R22.5,389.00,4,SUP-04,Sunshine Tire & Brake,(561) 555-0277,P-4410,Diesel exhaust fluid case,45.00,4,SUP-02,Gulf Coast Diesel Supply,(813) 555-0233,,,,,,,
WO-50692,2026-06-24,2026-06-24,TRK-220,1WP5D1ZS5KRYCNXV8,Kenworth,T680,2017,DEP-MIA,Miami Main Shop,Miami,(305) 555-0140,M12,Tanya Harris,Level 2,72.00,1.0,DOT annual inspection,P-4420,Serpentine belt,52.30,4,SUP-01,Florida Truck Parts,(305) 555-0201,P-4401,Engine oil filter,24.75,4,SUP-02,Gulf Coast Diesel Supply,(813) 555-0233,,,,,,,,,,,,,,
WO-50693,2026-06-25,2026-06-26,TRK-202,1HU5DGS3X7K5CAU9E,Peterbilt,579,2017,DEP-FLL,Fort Lauderdale Yard,Fort Lauderdale,(954) 555-0118,M16,Rosa Harris,Level 2,72.00,5.0,Brake inspection and replacement,P-3301,Brake pad set,89.50,4,SUP-04,Sunshine Tire & Brake,(561) 555-0277,,,,,,,,,,,,,,,,,,,,,
WO-50694,2026-06-25,2026-06-28,TRK-203,1S0WX3UDH042GEVDN,Peterbilt,579,2017,DEP-DOR,Doral Service Center,Doral,(305) 555-0162,M03,Carlos Garcia,Master,110.00,5.0,Brake inspection and replacement,P-4420,Serpentine belt,52.30,4,SUP-01,Florida Truck Parts,(305) 555-0201,P-7701,Leaf spring,305.00,4,SUP-01,Florida Truck Parts,(305) 555-0201,P-6602,Cabin air filter,22.50,4,SUP-01,Florida Truck Parts,(305) 555-0201,,,,,,,
WO-50695,2026-06-25,2026-06-28,TRK-228,1NB927BKE9TM7A66E,Hino,L6,2024,DEP-MIA,Miami Main Shop,Miami,(305) 555-0140,M02,Miguel Brown,Master,110.00,0.5,Coolant leak,P-6610,Coolant jug 1 gal,18.75,4,SUP-02,Gulf Coast Diesel Supply,(813) 555-0233,P-6602,Cabin air filter,22.50,2,SUP-01,Florida Truck Parts,(305) 555-0201,P-3301,Brake pad set,89.50,3,SUP-04,Sunshine Tire & Brake,(561) 555-0277,P-3321,Drive tire 11R22.5,389.00,2,SUP-04,Sunshine Tire & Brake,(561) 555-0277
WO-50696,2026-06-25,2026-06-26,TRK-204,10A004AD88U5NL8S9,Isuzu,NRR,2020,DEP-DOR,Doral Service Center,Doral,(305) 555-0162,M10,Linda Taylor,Level 3,89.00,2.5,No start condition,P-6602,Cabin air filter,22.50,3,SUP-01,Florida Truck Parts,(305) 555-0201,P-7720,Fifth wheel grease,16.40,2,SUP-02,Gulf Coast Diesel Supply,(813) 555-0233,,,,,,,,,,,,,,
WO-50697,2026-06-26,2026-06-29,TRK-230,15ZJWGNLH0DT85FY6,International,LT,2017,DEP-MIA,Miami Main Shop,Miami,(305) 555-0140,M04,Rosa Jones,Level 1,58.00,1.0,Electrical fault in lighting,P-7720,Fifth wheel grease,16.40,2,SUP-02,Gulf Coast Diesel Supply,(813) 555-0233,P-4430,Water pump,276.00,4,SUP-03,Atlantic Fleet Components,(954) 555-0258,,,,,,,,,,,,,,
WO-50698,2026-06-26,2026-06-26,TRK-228,1NB927BKE9TM7A66E,Hino,L6,2024,DEP-TPA,Tampa Bay Shop,Tampa,(813) 555-0175,M02,Miguel Brown,Master,110.00,2.5,Brake inspection and replacement,P-7702,Shock absorber,118.00,1,SUP-01,Florida Truck Parts,(305) 555-0201,P-5510,Battery group 31,189.00,3,SUP-03,Atlantic Fleet Components,(954) 555-0258,,,,,,,,,,,,,,
WO-50699,2026-06-26,2026-06-27,TRK-240,1586KZ9M394JSHAM9,Peterbilt,579,2024,DEP-DOR,Doral Service Center,Doral,(305) 555-0162,M15,Diego Jackson,Master,110.00,1.5,Charging system failure,P-6602,Cabin air filter,22.50,2,SUP-01,Florida Truck Parts,(305) 555-0201,P-4402,Fuel filter,38.40,3,SUP-02,Gulf Coast Diesel Supply,(813) 555-0233,,,,,,,,,,,,,,
WO-50700,2026-06-26,2026-06-27,TRK-225,1PGNK2CJ87WB7FKEG,Hino,L6,2020,DEP-DOR,Doral Service Center,Doral,(305) 555-0162,M17,Linda Perez,Level 1,58.00,0.5,Engine warning light,P-4403,Air filter element,61.10,1,SUP-02,Gulf Coast Diesel Supply,(813) 555-0233,,,,,,,,,,,,,,,,,,,,,
WO-50701,2026-06-27,2026-06-30,TRK-239,1BUYTB964LB6D4X19,Peterbilt,579,2019,DEP-MIA,Miami Main Shop,Miami,(305) 555-0140,M05,Elena Lopez,Level 1,58.00,1.5,Engine warning light,P-5520,Wiper blade pair,29.90,3,SUP-01,Florida Truck Parts,(305) 555-0201,,,,,,,,,,,,,,,,,,,,,
WO-50702,2026-06-27,2026-06-30,TRK-217,1UG7U1UBYAH5Z3PE6,Peterbilt,579,2017,DEP-MIA,Miami Main Shop,Miami,(305) 555-0140,M10,Linda Taylor,Level 3,89.00,5.0,Tire wear on steer axle,P-7701,Leaf spring,305.00,3,SUP-01,Florida Truck Parts,(305) 555-0201,P-5501,Headlight assembly,133.00,2,SUP-01,Florida Truck Parts,(305) 555-0201,,,,,,,,,,,,,,
WO-50703,2026-06-27,2026-06-27,TRK-228,1NB927BKE9TM7A66E,Hino,L6,2024,DEP-DOR,Doral Service Center,Doral,(305) 555-0162,M05,Elena Lopez,Level 1,58.00,1.0,Charging system failure,P-6601,AC compressor,640.00,2,SUP-03,Atlantic Fleet Components,(954) 555-0258,P-5501,Headlight assembly,133.00,2,SUP-01,Florida Truck Parts,(305) 555-0201,P-3321,Drive tire 11R22.5,389.00,4,SUP-04,Sunshine Tire & Brake,(561) 555-0277,,,,,,,
WO-50704,2026-06-27,2026-06-28,TRK-238,15FSYL4JJ55L6SRE5,Isuzu,NRR,2016,DEP-FLL,Fort Lauderdale Yard,Fort Lauderdale,(954) 555-0118,M03,Carlos Garcia,Master,110.00,1.5,Preventive maintenance service,P-7701,Leaf spring,305.00,2,SUP-01,Florida Truck Parts,(305) 555-0201,P-4401,Engine oil filter,24.75,1,SUP-02,Gulf Coast Diesel Supply,(813) 555-0233,,,,,,,,,,,,,,
WO-50705,2026-06-28,2026-06-29,TRK-215,1Y6T6NZMGNJPAXJFB,Peterbilt,579,2020,DEP-TPA,Tampa Bay Shop,Tampa,(813) 555-0175,M04,Rosa Jones,Level 1,58.00,2.5,No start condition,P-5502,Marker lamp,14.60,3,SUP-01,Florida Truck Parts,(305) 555-0201,P-4440,Alternator,498.00,4,SUP-03,Atlantic Fleet Components,(954) 555-0258,,,,,,,,,,,,,,
WO-50706,2026-06-28,2026-06-28,TRK-204,10A004AD88U5NL8S9,Isuzu,NRR,2020,DEP-DOR,Doral Service Center,Doral,(305) 555-0162,M12,Tanya Harris,Level 2,72.00,4.0,Coolant leak,P-5510,Battery group 31,189.00,2,SUP-03,Atlantic Fleet Components,(954) 555-0258,P-4410,Diesel exhaust fluid case,45.00,1,SUP-02,Gulf Coast Diesel Supply,(813) 555-0233,P-4402,Fuel filter,38.40,1,SUP-02,Gulf Coast Diesel Supply,(813) 555-0233,,,,,,,
WO-50707,2026-06-28,2026-06-29,TRK-234,15HWKGYAV6MP428T6,Peterbilt,579,2025,DEP-TPA,Tampa Bay Shop,Tampa,(813) 555-0175,M14,Ana Johnson,Level 1,58.00,1.0,AC not cooling cab,P-5501,Headlight assembly,133.00,3,SUP-01,Florida Truck Parts,(305) 555-0201,P-3320,Steer tire 295/75R22.5,412.00,3,SUP-04,Sunshine Tire & Brake,(561) 555-0277,P-3321,Drive tire 11R22.5,389.00,3,SUP-04,Sunshine Tire & Brake,(561) 555-0277,P-4402,Fuel filter,38.40,3,SUP-02,Gulf Coast Diesel Supply,(813) 555-0233
WO-50708,2026-06-28,2026-06-30,TRK-216,1NWUMZ0PBSPDHG2PR,Volvo,VNL 860,2020,DEP-FLL,Fort Lauderdale Yard,Fort Lauderdale,(954) 555-0118,M11,James Thomas,Master,110.00,0.5,Engine warning light,P-3320,Steer tire 295/75R22.5,412.00,4,SUP-04,Sunshine Tire & Brake,(561) 555-0277,,,,,,,,,,,,,,,,,,,,,
WO-50709,2026-06-29,2026-06-29,TRK-233,19FG3D3EV8XZ9EHE2,Hino,L6,2021,DEP-FLL,Fort Lauderdale Yard,Fort Lauderdale,(954) 555-0118,M18,Jose Brown,Master,110.00,2.5,Suspension noise,P-3321,Drive tire 11R22.5,389.00,4,SUP-04,Sunshine Tire & Brake,(561) 555-0277,P-5502,Marker lamp,14.60,3,SUP-01,Florida Truck Parts,(305) 555-0201,P-6601,AC compressor,640.00,3,SUP-03,Atlantic Fleet Components,(954) 555-0258,,,,,,,
WO-50710,2026-06-29,2026-07-02,TRK-226,1E897MZ2T117U81K7,Hino,L6,2023,DEP-TPA,Tampa Bay Shop,Tampa,(813) 555-0175,M03,Carlos Garcia,Master,110.00,0.5,Tire wear on steer axle,P-6601,AC compressor,640.00,2,SUP-03,Atlantic Fleet Components,(954) 555-0258,,,,,,,,,,,,,,,,,,,,,
WO-50711,2026-06-29,2026-06-30,TRK-209,1H1B67LZHRYY5BLAZ,Peterbilt,579,2020,DEP-FLL,Fort Lauderdale Yard,Fort Lauderdale,(954) 555-0118,M18,Jose Brown,Master,110.00,2.5,Wheel seal leak,P-5510,Battery group 31,189.00,2,SUP-03,Atlantic Fleet Components,(954) 555-0258,,,,,,,,,,,,,,,,,,,,,
WO-50712,2026-06-29,2026-07-01,TRK-211,17CV16P7R3NBW50AP,Volvo,VNL 860,2017,DEP-TPA,Tampa Bay Shop,Tampa,(813) 555-0175,M12,Tanya Harris,Level 2,72.00,4.0,Tire wear on steer axle,P-4450,Starter motor,455.00,4,SUP-03,Atlantic Fleet Components,(954) 555-0258,,,,,,,,,,,,,,,,,,,,,
WO-50713,2026-06-30,2026-07-02,TRK-217,1UG7U1UBYAH5Z3PE6,Peterbilt,579,2017,DEP-DOR,Doral Service Center,Doral,(305) 555-0162,M14,Ana Johnson,Level 1,58.00,3.0,Suspension noise,P-4450,Starter motor,455.00,4,SUP-03,Atlantic Fleet Components,(954) 555-0258,,,,,,,,,,,,,,,,,,,,,
WO-50714,2026-06-30,2026-07-01,TRK-214,1UT62YZ6MKFU8VG3S,Volvo,VNL 860,2016,DEP-FLL,Fort Lauderdale Yard,Fort Lauderdale,(954) 555-0118,M03,Carlos Garcia,Master,110.00,0.5,Wheel seal leak,P-4402,Fuel filter,38.40,4,SUP-02,Gulf Coast Diesel Supply,(813) 555-0233,P-4450,Starter motor,455.00,2,SUP-03,Atlantic Fleet Components,(954) 555-0258,,,,,,,,,,,,,,
WO-50715,2026-06-30,2026-07-02,TRK-206,1V002CEMJCG8S6KXY,Kenworth,T680,2023,DEP-FLL,Fort Lauderdale Yard,Fort Lauderdale,(954) 555-0118,M06,Victor Torres,Level 3,89.00,0.5,Wheel seal leak,P-3301,Brake pad set,89.50,1,SUP-04,Sunshine Tire & Brake,(561) 555-0277,P-6610,Coolant jug 1 gal,18.75,1,SUP-02,Gulf Coast Diesel Supply,(813) 555-0233,P-3321,Drive tire 11R22.5,389.00,2,SUP-04,Sunshine Tire & Brake,(561) 555-0277,,,,,,,
WO-50716,2026-06-30,2026-06-30,TRK-219,1MD3B0C4AZ6JP3BP6,Isuzu,NRR,2023,DEP-TPA,Tampa Bay Shop,Tampa,(813) 555-0175,M09,Tanya Davis,Level 1,58.00,0.5,DOT annual inspection,P-3302,Brake drum,214.00,1,SUP-04,Sunshine Tire & Brake,(561) 555-0277,P-3320,Steer tire 295/75R22.5,412.00,4,SUP-04,Sunshine Tire & Brake,(561) 555-0277,,,,,,,,,,,,,,
WO-50717,2026-07-01,2026-07-04,TRK-223,1JEWDNVPETU38DA0W,Volvo,VNL 860,2022,DEP-FLL,Fort Lauderdale Yard,Fort Lauderdale,(954) 555-0118,M02,Miguel Brown,Master,110.00,4.0,Wheel seal leak,P-5502,Marker lamp,14.60,2,SUP-01,Florida Truck Parts,(305) 555-0201,,,,,,,,,,,,,,,,,,,,,
WO-50718,2026-07-01,2026-07-01,TRK-207,1WZA1BNL3FJPV81NL,Volvo,VNL 860,2024,DEP-DOR,Doral Service Center,Doral,(305) 555-0162,M18,Jose Brown,Master,110.00,2.0,Electrical fault in lighting,P-6601,AC compressor,640.00,3,SUP-03,Atlantic Fleet Components,(954) 555-0258,P-4410,Diesel exhaust fluid case,45.00,1,SUP-02,Gulf Coast Diesel Supply,(813) 555-0233,P-4420,Serpentine belt,52.30,3,SUP-01,Florida Truck Parts,(305) 555-0201,P-3302,Brake drum,214.00,2,SUP-04,Sunshine Tire & Brake,(561) 555-0277
WO-50719,2026-07-01,2026-07-01,TRK-238,15FSYL4JJ55L6SRE5,Isuzu,NRR,2016,DEP-FLL,Fort Lauderdale Yard,Fort Lauderdale,(954) 555-0118,M01,Maria Garcia,Level 1,58.00,4.0,Wheel seal leak,P-4402,Fuel filter,38.40,3,SUP-02,Gulf Coast Diesel Supply,(813) 555-0233,P-6601,AC compressor,640.00,4,SUP-03,Atlantic Fleet Components,(954) 555-0258,,,,,,,,,,,,,,
WO-50720,2026-07-01,2026-07-02,TRK-216,1NWUMZ0PBSPDHG2PR,Volvo,VNL 860,2020,DEP-MIA,Miami Main Shop,Miami,(305) 555-0140,M06,Victor Torres,Level 3,89.00,2.0,Brake inspection and replacement,P-4430,Water pump,276.00,3,SUP-03,Atlantic Fleet Components,(954) 555-0258,P-7701,Leaf spring,305.00,4,SUP-01,Florida Truck Parts,(305) 555-0201,P-4440,Alternator,498.00,2,SUP-03,Atlantic Fleet Components,(954) 555-0258,,,,,,,
WO-50721,2026-07-02,2026-07-03,TRK-209,1H1B67LZHRYY5BLAZ,Peterbilt,579,2020,DEP-FLL,Fort Lauderdale Yard,Fort Lauderdale,(954) 555-0118,M01,Maria Garcia,Level 1,58.00,2.5,Engine warning light,P-4410,Diesel exhaust fluid case,45.00,4,SUP-02,Gulf Coast Diesel Supply,(813) 555-0233,,,,,,,,,,,,,,,,,,,,,
WO-50722,2026-07-02,2026-07-04,TRK-201,1XHLZYVEE39CZPDTA,Volvo,VNL 860,2020,DEP-FLL,Fort Lauderdale Yard,Fort Lauderdale,(954) 555-0118,M04,Rosa Jones,Level 1,58.00,1.0,DOT annual inspection,P-7720,Fifth wheel grease,16.40,2,SUP-02,Gulf Coast Diesel Supply,(813) 555-0233,,,,,,,,,,,,,,,,,,,,,
WO-50723,2026-07-02,2026-07-05,TRK-221,15N7XGPGJ7JK2RKR2,Volvo,VNL 860,2020,DEP-DOR,Doral Service Center,Doral,(305) 555-0162,M13,Ana Lopez,Level 2,72.00,2.5,Coolant leak,P-5501,Headlight assembly,133.00,3,SUP-01,Florida Truck Parts,(305) 555-0201,,,,,,,,,,,,,,,,,,,,,
WO-50724,2026-07-02,2026-07-03,TRK-233,19FG3D3EV8XZ9EHE2,Hino,L6,2021,DEP-MIA,Miami Main Shop,Miami,(305) 555-0140,M05,Elena Lopez,Level 1,58.00,1.0,Suspension noise,P-7701,Leaf spring,305.00,4,SUP-01,Florida Truck Parts,(305) 555-0201,P-3320,Steer tire 295/75R22.5,412.00,4,SUP-04,Sunshine Tire & Brake,(561) 555-0277,,,,,,,,,,,,,,
WO-50725,2026-07-03,2026-07-06,TRK-235,1378N31P8PYRP69D1,Peterbilt,579,2023,DEP-FLL,Fort Lauderdale Yard,Fort Lauderdale,(954) 555-0118,M13,Ana Lopez,Level 2,72.00,1.0,DOT annual inspection,P-3302,Brake drum,214.00,2,SUP-04,Sunshine Tire & Brake,(561) 555-0277,P-4420,Serpentine belt,52.30,3,SUP-01,Florida Truck Parts,(305) 555-0201,,,,,,,,,,,,,,
WO-50726,2026-07-03,2026-07-03,TRK-237,1G1FW0N0YUFEWGXHD,Freightliner,Cascadia,2020,DEP-DOR,Doral Service Center,Doral,(305) 555-0162,M13,Ana Lopez,Level 2,72.00,6.0,Wheel seal leak,P-6602,Cabin air filter,22.50,2,SUP-01,Florida Truck Parts,(305) 555-0201,,,,,,,,,,,,,,,,,,,,,
WO-50727,2026-07-03,2026-07-04,TRK-201,1XHLZYVEE39CZPDTA,Volvo,VNL 860,2020,DEP-FLL,Fort Lauderdale Yard,Fort Lauderdale,(954) 555-0118,M14,Ana Johnson,Level 1,58.00,1.0,Suspension noise,P-3301,Brake pad set,89.50,1,SUP-04,Sunshine Tire & Brake,(561) 555-0277,,,,,,,,,,,,,,,,,,,,,
WO-50728,2026-07-03,2026-07-04,TRK-210,1EBP2CLPU2HHEXYDK,Peterbilt,579,2019,DEP-FLL,Fort Lauderdale Yard,Fort Lauderdale,(954) 555-0118,M16,Rosa Harris,Level 2,72.00,2.0,AC not cooling cab,P-7701,Leaf spring,305.00,2,SUP-01,Florida Truck Parts,(305) 555-0201,P-4410,Diesel exhaust fluid case,45.00,2,SUP-02,Gulf Coast Diesel Supply,(813) 555-0233,P-5501,Headlight assembly,133.00,1,SUP-01,Florida Truck Parts,(305) 555-0201,,,,,,,
WO-50729,2026-07-04,2026-07-04,TRK-222,111U8J1213VDCX5BD,Kenworth,T680,2024,DEP-DOR,Doral Service Center,Doral,(305) 555-0162,M12,Tanya Harris,Level 2,72.00,2.0,Charging system failure,P-5502,Marker lamp,14.60,1,SUP-01,Florida Truck Parts,(305) 555-0201,P-7710,Wheel seal kit,41.20,4,SUP-04,Sunshine Tire & Brake,(561) 555-0277,,,,,,,,,,,,,,
WO-50730,2026-07-04,2026-07-04,TRK-231,1XU7JZRYDHNX7KKPR,Kenworth,T680,2023,DEP-DOR,Doral Service Center,Doral,(305) 555-0162,M09,Tanya Davis,Level 1,58.00,1.5,Wheel seal leak,P-4450,Starter motor,455.00,2,SUP-03,Atlantic Fleet Components,(954) 555-0258,P-4401,Engine oil filter,24.75,4,SUP-02,Gulf Coast Diesel Supply,(813) 555-0233,,,,,,,,,,,,,,
WO-50731,2026-07-04,2026-07-04,TRK-203,1S0WX3UDH042GEVDN,Peterbilt,579,2017,DEP-FLL,Fort Lauderdale Yard,Fort Lauderdale,(954) 555-0118,M13,Ana Lopez,Level 2,72.00,6.0,Engine warning light,P-6601,AC compressor,640.00,3,SUP-03,Atlantic Fleet Components,(954) 555-0258,P-4420,Serpentine belt,52.30,2,SUP-01,Florida Truck Parts,(305) 555-0201,P-4440,Alternator,498.00,2,SUP-03,Atlantic Fleet Components,(954) 555-0258,,,,,,,
WO-50732,2026-07-04,2026-07-04,TRK-228,1NB927BKE9TM7A66E,Hino,L6,2024,DEP-DOR,Doral Service Center,Doral,(305) 555-0162,M10,Linda Taylor,Level 3,89.00,1.0,Coolant leak,P-4450,Starter motor,455.00,3,SUP-03,Atlantic Fleet Components,(954) 555-0258,P-5520,Wiper blade pair,29.90,3,SUP-01,Florida Truck Parts,(305) 555-0201,P-4430,Water pump,276.00,1,SUP-03,Atlantic Fleet Components,(954) 555-0258,,,,,,,
WO-50733,2026-07-05,2026-07-07,TRK-202,1HU5DGS3X7K5CAU9E,Peterbilt,579,2017,DEP-MIA,Miami Main Shop,Miami,(305) 555-0140,M15,Diego Jackson,Master,110.00,2.5,Engine warning light,P-5520,Wiper blade pair,29.90,2,SUP-01,Florida Truck Parts,(305) 555-0201,P-5502,Marker lamp,14.60,3,SUP-01,Florida Truck Parts,(305) 555-0201,,,,,,,,,,,,,,
WO-50734,2026-07-05,2026-07-06,TRK-218,14LV5F5M9JYBJ439E,Freightliner,Cascadia,2019,DEP-FLL,Fort Lauderdale Yard,Fort Lauderdale,(954) 555-0118,M08,Ramon Ortiz,Level 3,89.00,1.5,No start condition,P-5502,Marker lamp,14.60,3,SUP-01,Florida Truck Parts,(305) 555-0201,P-4401,Engine oil filter,24.75,3,SUP-02,Gulf Coast Diesel Supply,(813) 555-0233,P-5520,Wiper blade pair,29.90,3,SUP-01,Florida Truck Parts,(305) 555-0201,,,,,,,
WO-50735,2026-07-05,2026-07-08,TRK-215,1Y6T6NZMGNJPAXJFB,Peterbilt,579,2020,DEP-FLL,Fort Lauderdale Yard,Fort Lauderdale,(954) 555-0118,M09,Tanya Davis,Level 1,58.00,0.5,Coolant leak,P-6601,AC compressor,640.00,1,SUP-03,Atlantic Fleet Components,(954) 555-0258,P-7702,Shock absorber,118.00,3,SUP-01,Florida Truck Parts,(305) 555-0201,,,,,,,,,,,,,,
WO-50736,2026-07-05,2026-07-06,TRK-214,1UT62YZ6MKFU8VG3S,Volvo,VNL 860,2016,DEP-MIA,Miami Main Shop,Miami,(305) 555-0140,M03,Carlos Garcia,Master,110.00,2.0,DOT annual inspection,P-6610,Coolant jug 1 gal,18.75,3,SUP-02,Gulf Coast Diesel Supply,(813) 555-0233,P-3310,Air brake chamber,68.25,4,SUP-01,Florida Truck Parts,(305) 555-0201,P-4440,Alternator,498.00,1,SUP-03,Atlantic Fleet Components,(954) 555-0258,,,,,,,
WO-50737,2026-07-06,2026-07-06,TRK-202,1HU5DGS3X7K5CAU9E,Peterbilt,579,2017,DEP-FLL,Fort Lauderdale Yard,Fort Lauderdale,(954) 555-0118,M18,Jose Brown,Master,110.00,3.0,AC not cooling cab,P-4450,Starter motor,455.00,2,SUP-03,Atlantic Fleet Components,(954) 555-0258,P-4402,Fuel filter,38.40,2,SUP-02,Gulf Coast Diesel Supply,(813) 555-0233,P-7710,Wheel seal kit,41.20,4,SUP-04,Sunshine Tire & Brake,(561) 555-0277,,,,,,,
WO-50738,2026-07-06,2026-07-07,TRK-219,1MD3B0C4AZ6JP3BP6,Isuzu,NRR,2023,DEP-DOR,Doral Service Center,Doral,(305) 555-0162,M17,Linda Perez,Level 1,58.00,2.5,Tire wear on steer axle,P-3310,Air brake chamber,68.25,4,SUP-01,Florida Truck Parts,(305) 555-0201,,,,,,,,,,,,,,,,,,,,,
WO-50739,2026-07-06,2026-07-07,TRK-209,1H1B67LZHRYY5BLAZ,Peterbilt,579,2020,DEP-DOR,Doral Service Center,Doral,(305) 555-0162,M17,Linda Perez,Level 1,58.00,1.5,Suspension noise,P-3321,Drive tire 11R22.5,389.00,4,SUP-04,Sunshine Tire & Brake,(561) 555-0277,,,,,,,,,,,,,,,,,,,,,
WO-50740,2026-07-06,2026-07-06,TRK-222,111U8J1213VDCX5BD,Kenworth,T680,2024,DEP-TPA,Tampa Bay Shop,Tampa,(813) 555-0175,M17,Linda Perez,Level 1,58.00,0.5,AC not cooling cab,P-4440,Alternator,498.00,4,SUP-03,Atlantic Fleet Components,(954) 555-0258,P-3321,Drive tire 11R22.5,389.00,3,SUP-04,Sunshine Tire & Brake,(561) 555-0277,P-5502,Marker lamp,14.60,3,SUP-01,Florida Truck Parts,(305) 555-0201,,,,,,,
WO-50741,2026-07-07,2026-07-08,TRK-210,1EBP2CLPU2HHEXYDK,Peterbilt,579,2019,DEP-FLL,Fort Lauderdale Yard,Fort Lauderdale,(954) 555-0118,M05,Elena Lopez,Level 1,58.00,2.0,Charging system failure,P-4403,Air filter element,61.10,2,SUP-02,Gulf Coast Diesel Supply,(813) 555-0233,,,,,,,,,,,,,,,,,,,,,
WO-50742,2026-07-07,2026-07-08,TRK-233,19FG3D3EV8XZ9EHE2,Hino,L6,2021,DEP-FLL,Fort Lauderdale Yard,Fort Lauderdale,(954) 555-0118,M14,Ana Johnson,Level 1,58.00,1.5,Brake inspection and replacement,P-5501,Headlight assembly,133.00,2,SUP-01,Florida Truck Parts,(305) 555-0201,P-4430,Water pump,276.00,4,SUP-03,Atlantic Fleet Components,(954) 555-0258,P-4403,Air filter element,61.10,3,SUP-02,Gulf Coast Diesel Supply,(813) 555-0233,,,,,,,
WO-50743,2026-07-07,2026-07-08,TRK-228,1NB927BKE9TM7A66E,Hino,L6,2024,DEP-MIA,Miami Main Shop,Miami,(305) 555-0140,M03,Carlos Garcia,Master,110.00,5.0,Tire wear on steer axle,P-4401,Engine oil filter,24.75,2,SUP-02,Gulf Coast Diesel Supply,(813) 555-0233,P-5501,Headlight assembly,133.00,1,SUP-01,Florida Truck Parts,(305) 555-0201,P-5502,Marker lamp,14.60,2,SUP-01,Florida Truck Parts,(305) 555-0201,,,,,,,
WO-50744,2026-07-07,2026-07-09,TRK-212,12AYLATERX8BJE9AX,Kenworth,T680,2017,DEP-TPA,Tampa Bay Shop,Tampa,(813) 555-0175,M11,James Thomas,Master,110.00,4.0,Brake inspection and replacement,P-4450,Starter motor,455.00,1,SUP-03,Atlantic Fleet Components,(954) 555-0258,P-4440,Alternator,498.00,2,SUP-03,Atlantic Fleet Components,(954) 555-0258,,,,,,,,,,,,,,
WO-50745,2026-07-08,2026-07-09,TRK-239,1BUYTB964LB6D4X19,Peterbilt,579,2019,DEP-FLL,Fort Lauderdale Yard,Fort Lauderdale,(954) 555-0118,M03,Carlos Garcia,Master,110.00,2.0,Suspension noise,P-3320,Steer tire 295/75R22.5,412.00,3,SUP-04,Sunshine Tire & Brake,(561) 555-0277,,,,,,,,,,,,,,,,,,,,,
WO-50746,2026-07-08,2026-07-11,TRK-221,15N7XGPGJ7JK2RKR2,Volvo,VNL 860,2020,DEP-MIA,Miami Main Shop,Miami,(305) 555-0140,M06,Victor Torres,Level 3,89.00,5.0,AC not cooling cab,P-4440,Alternator,498.00,4,SUP-03,Atlantic Fleet Components,(954) 555-0258,P-4410,Diesel exhaust fluid case,45.00,4,SUP-02,Gulf Coast Diesel Supply,(813) 555-0233,,,,,,,,,,,,,,
WO-50747,2026-07-08,2026-07-10,TRK-224,14921JV0JDZLPLTFU,Isuzu,NRR,2019,DEP-TPA,Tampa Bay Shop,Tampa,(813) 555-0175,M16,Rosa Harris,Level 2,72.00,4.0,Tire wear on steer axle,P-4403,Air filter element,61.10,2,SUP-02,Gulf Coast Diesel Supply,(813) 555-0233,,,,,,,,,,,,,,,,,,,,,
WO-50748,2026-07-08,2026-07-08,TRK-203,1S0WX3UDH042GEVDN,Peterbilt,579,2017,DEP-TPA,Tampa Bay Shop,Tampa,(813) 555-0175,M05,Elena Lopez,Level 1,58.00,2.5,Tire wear on steer axle,P-7702,Shock absorber,118.00,1,SUP-01,Florida Truck Parts,(305) 555-0201,,,,,,,,,,,,,,,,,,,,,
WO-50749,2026-07-09,2026-07-12,TRK-229,15ZEB5J6BUAVTXJRN,Hino,L6,2021,DEP-FLL,Fort Lauderdale Yard,Fort Lauderdale,(954) 555-0118,M12,Tanya Harris,Level 2,72.00,5.0,No start condition,P-5520,Wiper blade pair,29.90,4,SUP-01,Florida Truck Parts,(305) 555-0201,,,,,,,,,,,,,,,,,,,,,
WO-50750,2026-07-09,2026-07-11,TRK-207,1WZA1BNL3FJPV81NL,Volvo,VNL 860,2024,DEP-TPA,Tampa Bay Shop,Tampa,(813) 555-0175,M16,Rosa Harris,Level 2,72.00,1.5,Wheel seal leak,P-3320,Steer tire 295/75R22.5,412.00,4,SUP-04,Sunshine Tire & Brake,(561) 555-0277,P-3302,Brake drum,214.00,1,SUP-04,Sunshine Tire & Brake,(561) 555-0277,,,,,,,,,,,,,,
WO-50751,2026-07-09,2026-07-10,TRK-222,111U8J1213VDCX5BD,Kenworth,T680,2024,DEP-DOR,Doral Service Center,Doral,(305) 555-0162,M15,Diego Jackson,Master,110.00,0.5,Wheel seal leak,P-6610,Coolant jug 1 gal,18.75,1,SUP-02,Gulf Coast Diesel Supply,(813) 555-0233,P-7720,Fifth wheel grease,16.40,3,SUP-02,Gulf Coast Diesel Supply,(813) 555-0233,,,,,,,,,,,,,,
WO-50752,2026-07-09,2026-07-10,TRK-212,12AYLATERX8BJE9AX,Kenworth,T680,2017,DEP-FLL,Fort Lauderdale Yard,Fort Lauderdale,(954) 555-0118,M06,Victor Torres,Level 3,89.00,5.0,Charging system failure,P-3321,Drive tire 11R22.5,389.00,3,SUP-04,Sunshine Tire & Brake,(561) 555-0277,P-6601,AC compressor,640.00,4,SUP-03,Atlantic Fleet Components,(954) 555-0258,,,,,,,,,,,,,,
WO-50753,2026-07-10,2026-07-12,TRK-206,1V002CEMJCG8S6KXY,Kenworth,T680,2023,DEP-DOR,Doral Service Center,Doral,(305) 555-0162,M05,Elena Lopez,Level 1,58.00,1.0,AC not cooling cab,P-4402,Fuel filter,38.40,1,SUP-02,Gulf Coast Diesel Supply,(813) 555-0233,P-7701,Leaf spring,305.00,4,SUP-01,Florida Truck Parts,(305) 555-0201,P-5502,Marker lamp,14.60,1,SUP-01,Florida Truck Parts,(305) 555-0201,,,,,,,
WO-50754,2026-07-10,2026-07-11,TRK-214,1UT62YZ6MKFU8VG3S,Volvo,VNL 860,2016,DEP-DOR,Doral Service Center,Doral,(305) 555-0162,M10,Linda Taylor,Level 3,89.00,5.0,Wheel seal leak,P-3301,Brake pad set,89.50,3,SUP-04,Sunshine Tire & Brake,(561) 555-0277,,,,,,,,,,,,,,,,,,,,,
WO-50755,2026-07-10,2026-07-11,TRK-212,12AYLATERX8BJE9AX,Kenworth,T680,2017,DEP-DOR,Doral Service Center,Doral,(305) 555-0162,M18,Jose Brown,Master,110.00,4.0,DOT annual inspection,P-3310,Air brake chamber,68.25,2,SUP-01,Florida Truck Parts,(305) 555-0201,P-5520,Wiper blade pair,29.90,4,SUP-01,Florida Truck Parts,(305) 555-0201,,,,,,,,,,,,,,
WO-50756,2026-07-10,2026-07-11,TRK-201,1XHLZYVEE39CZPDTA,Volvo,VNL 860,2020,DEP-MIA,Miami Main Shop,Miami,(305) 555-0140,M05,Elena Lopez,Level 1,58.00,6.0,Wheel seal leak,P-3302,Brake drum,214.00,4,SUP-04,Sunshine Tire & Brake,(561) 555-0277,P-5502,Marker lamp,14.60,2,SUP-01,Florida Truck Parts,(305) 555-0201,P-7720,Fifth wheel grease,16.40,2,SUP-02,Gulf Coast Diesel Supply,(813) 555-0233,,,,,,,
WO-50757,2026-07-11,2026-07-12,TRK-214,1UT62YZ6MKFU8VG3S,Volvo,VNL 860,2016,DEP-MIA,Miami Main Shop,Miami,(305) 555-0140,M12,Tanya Harris,Level 2,72.00,1.0,Wheel seal leak,P-7701,Leaf spring,305.00,1,SUP-01,Florida Truck Parts,(305) 555-0201,P-5520,Wiper blade pair,29.90,3,SUP-01,Florida Truck Parts,(305) 555-0201,,,,,,,,,,,,,,
WO-50758,2026-07-11,2026-07-12,TRK-234,15HWKGYAV6MP428T6,Peterbilt,579,2025,DEP-FLL,Fort Lauderdale Yard,Fort Lauderdale,(954) 555-0118,M03,Carlos Garcia,Master,110.00,6.0,Wheel seal leak,P-4410,Diesel exhaust fluid case,45.00,2,SUP-02,Gulf Coast Diesel Supply,(813) 555-0233,,,,,,,,,,,,,,,,,,,,,
WO-50759,2026-07-11,2026-07-12,TRK-217,1UG7U1UBYAH5Z3PE6,Peterbilt,579,2017,DEP-FLL,Fort Lauderdale Yard,Fort Lauderdale,(954) 555-0118,M14,Ana Johnson,Level 1,58.00,0.5,Coolant leak,P-7710,Wheel seal kit,41.20,3,SUP-04,Sunshine Tire & Brake,(561) 555-0277,P-3321,Drive tire 11R22.5,389.00,3,SUP-04,Sunshine Tire & Brake,(561) 555-0277,P-4410,Diesel exhaust fluid case,45.00,2,SUP-02,Gulf Coast Diesel Supply,(813) 555-0233,,,,,,,
WO-50760,2026-07-11,2026-07-13,TRK-212,12AYLATERX8BJE9AX,Kenworth,T680,2017,DEP-FLL,Fort Lauderdale Yard,Fort Lauderdale,(954) 555-0118,M15,Diego Jackson,Master,110.00,2.0,Tire wear on steer axle,P-6602,Cabin air filter,22.50,4,SUP-01,Florida Truck Parts,(305) 555-0201,,,,,,,,,,,,,,,,,,,,,
WO-50761,2026-07-12,2026-07-13,TRK-213,1S6387WV5GDJDGTHG,Peterbilt,579,2025,DEP-DOR,Doral Service Center,Doral,(305) 555-0162,M07,Maria Johnson,Master,110.00,1.5,Charging system failure,P-5502,Marker lamp,14.60,1,SUP-01,Florida Truck Parts,(305) 555-0201,P-7720,Fifth wheel grease,16.40,1,SUP-02,Gulf Coast Diesel Supply,(813) 555-0233,P-5501,Headlight assembly,133.00,3,SUP-01,Florida Truck Parts,(305) 555-0201,,,,,,,
WO-50762,2026-07-12,2026-07-15,TRK-218,14LV5F5M9JYBJ439E,Freightliner,Cascadia,2019,DEP-TPA,Tampa Bay Shop,Tampa,(813) 555-0175,M10,Linda Taylor,Level 3,89.00,3.0,Coolant leak,P-7701,Leaf spring,305.00,1,SUP-01,Florida Truck Parts,(305) 555-0201,P-6610,Coolant jug 1 gal,18.75,2,SUP-02,Gulf Coast Diesel Supply,(813) 555-0233,P-3302,Brake drum,214.00,2,SUP-04,Sunshine Tire & Brake,(561) 555-0277,,,,,,,
WO-50763,2026-07-12,2026-07-13,TRK-218,14LV5F5M9JYBJ439E,Freightliner,Cascadia,2019,DEP-MIA,Miami Main Shop,Miami,(305) 555-0140,M14,Ana Johnson,Level 1,58.00,3.0,Engine warning light,P-4410,Diesel exhaust fluid case,45.00,3,SUP-02,Gulf Coast Diesel Supply,(813) 555-0233,P-7720,Fifth wheel grease,16.40,4,SUP-02,Gulf Coast Diesel Supply,(813) 555-0233,P-4440,Alternator,498.00,2,SUP-03,Atlantic Fleet Components,(954) 555-0258,P-3301,Brake pad set,89.50,3,SUP-04,Sunshine Tire & Brake,(561) 555-0277
WO-50764,2026-07-12,2026-07-12,TRK-231,1XU7JZRYDHNX7KKPR,Kenworth,T680,2023,DEP-FLL,Fort Lauderdale Yard,Fort Lauderdale,(954) 555-0118,M12,Tanya Harris,Level 2,72.00,6.0,No start condition,P-4402,Fuel filter,38.40,1,SUP-02,Gulf Coast Diesel Supply,(813) 555-0233,P-5502,Marker lamp,14.60,4,SUP-01,Florida Truck Parts,(305) 555-0201,,,,,,,,,,,,,,
WO-50765,2026-07-13,2026-07-14,TRK-235,1378N31P8PYRP69D1,Peterbilt,579,2023,DEP-DOR,Doral Service Center,Doral,(305) 555-0162,M03,Carlos Garcia,Master,110.00,3.0,Brake inspection and replacement,P-3301,Brake pad set,89.50,4,SUP-04,Sunshine Tire & Brake,(561) 555-0277,P-3302,Brake drum,214.00,1,SUP-04,Sunshine Tire & Brake,(561) 555-0277,,,,,,,,,,,,,,
WO-50766,2026-07-13,2026-07-15,TRK-231,1XU7JZRYDHNX7KKPR,Kenworth,T680,2023,DEP-MIA,Miami Main Shop,Miami,(305) 555-0140,M02,Miguel Brown,Master,110.00,1.5,No start condition,P-4440,Alternator,498.00,3,SUP-03,Atlantic Fleet Components,(954) 555-0258,P-3301,Brake pad set,89.50,3,SUP-04,Sunshine Tire & Brake,(561) 555-0277,,,,,,,,,,,,,,
WO-50767,2026-07-13,2026-07-14,TRK-201,1XHLZYVEE39CZPDTA,Volvo,VNL 860,2020,DEP-FLL,Fort Lauderdale Yard,Fort Lauderdale,(954) 555-0118,M07,Maria Johnson,Master,110.00,1.0,AC not cooling cab,P-3310,Air brake chamber,68.25,4,SUP-01,Florida Truck Parts,(305) 555-0201,P-4440,Alternator,498.00,2,SUP-03,Atlantic Fleet Components,(954) 555-0258,P-3321,Drive tire 11R22.5,389.00,4,SUP-04,Sunshine Tire & Brake,(561) 555-0277,P-6602,Cabin air filter,22.50,4,SUP-01,Florida Truck Parts,(305) 555-0201
WO-50768,2026-07-13,2026-07-15,TRK-209,1H1B67LZHRYY5BLAZ,Peterbilt,579,2020,DEP-DOR,Doral Service Center,Doral,(305) 555-0162,M16,Rosa Harris,Level 2,72.00,1.5,DOT annual inspection,P-6610,Coolant jug 1 gal,18.75,2,SUP-02,Gulf Coast Diesel Supply,(813) 555-0233,P-6601,AC compressor,640.00,2,SUP-03,Atlantic Fleet Components,(954) 555-0258,P-7701,Leaf spring,305.00,4,SUP-01,Florida Truck Parts,(305) 555-0201,,,,,,,
WO-50769,2026-07-14,2026-07-14,TRK-225,1PGNK2CJ87WB7FKEG,Hino,L6,2020,DEP-DOR,Doral Service Center,Doral,(305) 555-0162,M17,Linda Perez,Level 1,58.00,5.0,Wheel seal leak,P-6601,AC compressor,640.00,3,SUP-03,Atlantic Fleet Components,(954) 555-0258,P-5520,Wiper blade pair,29.90,2,SUP-01,Florida Truck Parts,(305) 555-0201,,,,,,,,,,,,,,
WO-50770,2026-07-14,2026-07-14,TRK-209,1H1B67LZHRYY5BLAZ,Peterbilt,579,2020,DEP-TPA,Tampa Bay Shop,Tampa,(813) 555-0175,M15,Diego Jackson,Master,110.00,2.0,Preventive maintenance service,P-4440,Alternator,498.00,2,SUP-03,Atlantic Fleet Components,(954) 555-0258,P-3320,Steer tire 295/75R22.5,412.00,2,SUP-04,Sunshine Tire & Brake,(561) 555-0277,,,,,,,,,,,,,,
WO-50771,2026-07-14,2026-07-17,TRK-232,1GF7C9ZMVR2JDUCNT,Volvo,VNL 860,2025,DEP-MIA,Miami Main Shop,Miami,(305) 555-0140,M12,Tanya Harris,Level 2,72.00,3.0,Preventive maintenance service,P-5510,Battery group 31,189.00,3,SUP-03,Atlantic Fleet Components,(954) 555-0258,,,,,,,,,,,,,,,,,,,,,
WO-50772,2026-07-14,2026-07-16,TRK-229,15ZEB5J6BUAVTXJRN,Hino,L6,2021,DEP-TPA,Tampa Bay Shop,Tampa,(813) 555-0175,M18,Jose Brown,Master,110.00,2.5,Preventive maintenance service,P-4450,Starter motor,455.00,3,SUP-03,Atlantic Fleet Components,(954) 555-0258,P-5501,Headlight assembly,133.00,3,SUP-01,Florida Truck Parts,(305) 555-0201,P-4440,Alternator,498.00,4,SUP-03,Atlantic Fleet Components,(954) 555-0258,,,,,,,
WO-50773,2026-07-15,2026-07-17,TRK-214,1UT62YZ6MKFU8VG3S,Volvo,VNL 860,2016,DEP-DOR,Doral Service Center,Doral,(305) 555-0162,M08,Ramon Ortiz,Level 3,89.00,0.5,Charging system failure,P-5502,Marker lamp,14.60,4,SUP-01,Florida Truck Parts,(305) 555-0201,,,,,,,,,,,,,,,,,,,,,
WO-50774,2026-07-15,2026-07-18,TRK-216,1NWUMZ0PBSPDHG2PR,Volvo,VNL 860,2020,DEP-MIA,Miami Main Shop,Miami,(305) 555-0140,M17,Linda Perez,Level 1,58.00,2.5,Electrical fault in lighting,P-3320,Steer tire 295/75R22.5,412.00,2,SUP-04,Sunshine Tire & Brake,(561) 555-0277,,,,,,,,,,,,,,,,,,,,,
WO-50775,2026-07-15,2026-07-16,TRK-208,1L62J8AD6K6MK75MU,Hino,L6,2022,DEP-MIA,Miami Main Shop,Miami,(305) 555-0140,M17,Linda Perez,Level 1,58.00,3.0,Coolant leak,P-5510,Battery group 31,189.00,3,SUP-03,Atlantic Fleet Components,(954) 555-0258,P-4410,Diesel exhaust fluid case,45.00,3,SUP-02,Gulf Coast Diesel Supply,(813) 555-0233,P-6610,Coolant jug 1 gal,18.75,2,SUP-02,Gulf Coast Diesel Supply,(813) 555-0233,,,,,,,
WO-50776,2026-07-15,2026-07-16,TRK-226,1E897MZ2T117U81K7,Hino,L6,2023,DEP-FLL,Fort Lauderdale Yard,Fort Lauderdale,(954) 555-0118,M01,Maria Garcia,Level 1,58.00,6.0,Engine warning light,P-3302,Brake drum,214.00,2,SUP-04,Sunshine Tire & Brake,(561) 555-0277,P-3301,Brake pad set,89.50,1,SUP-04,Sunshine Tire & Brake,(561) 555-0277,P-7720,Fifth wheel grease,16.40,1,SUP-02,Gulf Coast Diesel Supply,(813) 555-0233,,,,,,,
WO-50777,2026-07-16,2026-07-18,TRK-219,1MD3B0C4AZ6JP3BP6,Isuzu,NRR,2023,DEP-TPA,Tampa Bay Shop,Tampa,(813) 555-0175,M04,Rosa Jones,Level 1,58.00,0.5,Brake inspection and replacement,P-5502,Marker lamp,14.60,3,SUP-01,Florida Truck Parts,(305) 555-0201,,,,,,,,,,,,,,,,,,,,,
WO-50778,2026-07-16,2026-07-17,TRK-236,1S7R5LH94J1YRYAXF,Peterbilt,579,2019,DEP-MIA,Miami Main Shop,Miami,(305) 555-0140,M10,Linda Taylor,Level 3,89.00,4.0,Suspension noise,P-4403,Air filter element,61.10,2,SUP-02,Gulf Coast Diesel Supply,(813) 555-0233,P-6602,Cabin air filter,22.50,1,SUP-01,Florida Truck Parts,(305) 555-0201,P-3310,Air brake chamber,68.25,2,SUP-01,Florida Truck Parts,(305) 555-0201,,,,,,,
WO-50779,2026-07-16,2026-07-18,TRK-217,1UG7U1UBYAH5Z3PE6,Peterbilt,579,2017,DEP-TPA,Tampa Bay Shop,Tampa,(813) 555-0175,M01,Maria Garcia,Level 1,58.00,1.0,Charging system failure,P-5520,Wiper blade pair,29.90,3,SUP-01,Florida Truck Parts,(305) 555-0201,P-4403,Air filter element,61.10,3,SUP-02,Gulf Coast Diesel Supply,(813) 555-0233,,,,,,,,,,,,,,
WO-50780,2026-07-16,2026-07-17,TRK-217,1UG7U1UBYAH5Z3PE6,Peterbilt,579,2017,DEP-DOR,Doral Service Center,Doral,(305) 555-0162,M11,James Thomas,Master,110.00,3.0,Electrical fault in lighting,P-5501,Headlight assembly,133.00,1,SUP-01,Florida Truck Parts,(305) 555-0201,P-4440,Alternator,498.00,1,SUP-03,Atlantic Fleet Components,(954) 555-0258,,,,,,,,,,,,,,
WO-50781,2026-07-17,2026-07-20,TRK-220,1WP5D1ZS5KRYCNXV8,Kenworth,T680,2017,DEP-DOR,Doral Service Center,Doral,(305) 555-0162,M11,James Thomas,Master,110.00,0.5,DOT annual inspection,P-7701,Leaf spring,305.00,4,SUP-01,Florida Truck Parts,(305) 555-0201,,,,,,,,,,,,,,,,,,,,,
WO-50782,2026-07-17,2026-07-18,TRK-207,1WZA1BNL3FJPV81NL,Volvo,VNL 860,2024,DEP-DOR,Doral Service Center,Doral,(305) 555-0162,M11,James Thomas,Master,110.00,3.0,Charging system failure,P-4410,Diesel exhaust fluid case,45.00,2,SUP-02,Gulf Coast Diesel Supply,(813) 555-0233,P-4401,Engine oil filter,24.75,2,SUP-02,Gulf Coast Diesel Supply,(813) 555-0233,,,,,,,,,,,,,,
WO-50783,2026-07-17,2026-07-17,TRK-214,1UT62YZ6MKFU8VG3S,Volvo,VNL 860,2016,DEP-MIA,Miami Main Shop,Miami,(305) 555-0140,M14,Ana Johnson,Level 1,58.00,1.5,Wheel seal leak,P-5502,Marker lamp,14.60,2,SUP-01,Florida Truck Parts,(305) 555-0201,P-4440,Alternator,498.00,4,SUP-03,Atlantic Fleet Components,(954) 555-0258,,,,,,,,,,,,,,
WO-50784,2026-07-17,2026-07-18,TRK-205,1J8GYCFM42DVLT3YE,Isuzu,NRR,2018,DEP-DOR,Doral Service Center,Doral,(305) 555-0162,M12,Tanya Harris,Level 2,72.00,5.0,No start condition,P-3321,Drive tire 11R22.5,389.00,1,SUP-04,Sunshine Tire & Brake,(561) 555-0277,,,,,,,,,,,,,,,,,,,,,
WO-50785,2026-07-18,2026-07-18,TRK-214,1UT62YZ6MKFU8VG3S,Volvo,VNL 860,2016,DEP-FLL,Fort Lauderdale Yard,Fort Lauderdale,(954) 555-0118,M11,James Thomas,Master,110.00,3.0,Brake inspection and replacement,P-7720,Fifth wheel grease,16.40,1,SUP-02,Gulf Coast Diesel Supply,(813) 555-0233,P-4410,Diesel exhaust fluid case,45.00,3,SUP-02,Gulf Coast Diesel Supply,(813) 555-0233,P-4430,Water pump,276.00,3,SUP-03,Atlantic Fleet Components,(954) 555-0258,P-6601,AC compressor,640.00,3,SUP-03,Atlantic Fleet Components,(954) 555-0258
WO-50786,2026-07-18,2026-07-18,TRK-235,1378N31P8PYRP69D1,Peterbilt,579,2023,DEP-MIA,Miami Main Shop,Miami,(305) 555-0140,M09,Tanya Davis,Level 1,58.00,6.0,Suspension noise,P-4440,Alternator,498.00,3,SUP-03,Atlantic Fleet Components,(954) 555-0258,P-5502,Marker lamp,14.60,4,SUP-01,Florida Truck Parts,(305) 555-0201,P-6602,Cabin air filter,22.50,4,SUP-01,Florida Truck Parts,(305) 555-0201,P-4450,Starter motor,455.00,3,SUP-03,Atlantic Fleet Components,(954) 555-0258
WO-50787,2026-07-18,2026-07-18,TRK-213,1S6387WV5GDJDGTHG,Peterbilt,579,2025,DEP-TPA,Tampa Bay Shop,Tampa,(813) 555-0175,M01,Maria Garcia,Level 1,58.00,2.5,Suspension noise,P-4430,Water pump,276.00,2,SUP-03,Atlantic Fleet Components,(954) 555-0258,,,,,,,,,,,,,,,,,,,,,
WO-50788,2026-07-18,2026-07-19,TRK-240,1586KZ9M394JSHAM9,Peterbilt,579,2024,DEP-DOR,Doral Service Center,Doral,(305) 555-0162,M04,Rosa Jones,Level 1,58.00,5.0,Preventive maintenance service,P-4430,Water pump,276.00,1,SUP-03,Atlantic Fleet Components,(954) 555-0258,,,,,,,,,,,,,,,,,,,,,
WO-50789,2026-07-19,2026-07-21,TRK-214,1UT62YZ6MKFU8VG3S,Volvo,VNL 860,2016,DEP-TPA,Tampa Bay Shop,Tampa,(813) 555-0175,M15,Diego Jackson,Master,110.00,4.0,Preventive maintenance service,P-4401,Engine oil filter,24.75,2,SUP-02,Gulf Coast Diesel Supply,(813) 555-0233,,,,,,,,,,,,,,,,,,,,,
WO-50790,2026-07-19,2026-07-19,TRK-228,1NB927BKE9TM7A66E,Hino,L6,2024,DEP-MIA,Miami Main Shop,Miami,(305) 555-0140,M06,Victor Torres,Level 3,89.00,5.0,Engine warning light,P-4420,Serpentine belt,52.30,3,SUP-01,Florida Truck Parts,(305) 555-0201,P-3310,Air brake chamber,68.25,2,SUP-01,Florida Truck Parts,(305) 555-0201,P-3301,Brake pad set,89.50,1,SUP-04,Sunshine Tire & Brake,(561) 555-0277,,,,,,,
WO-50791,2026-07-19,2026-07-20,TRK-228,1NB927BKE9TM7A66E,Hino,L6,2024,DEP-TPA,Tampa Bay Shop,Tampa,(813) 555-0175,M02,Miguel Brown,Master,110.00,4.0,Suspension noise,P-7702,Shock absorber,118.00,4,SUP-01,Florida Truck Parts,(305) 555-0201,P-7701,Leaf spring,305.00,4,SUP-01,Florida Truck Parts,(305) 555-0201,,,,,,,,,,,,,,
WO-50792,2026-07-19,2026-07-19,TRK-215,1Y6T6NZMGNJPAXJFB,Peterbilt,579,2020,DEP-MIA,Miami Main Shop,Miami,(305) 555-0140,M06,Victor Torres,Level 3,89.00,0.5,AC not cooling cab,P-7701,Leaf spring,305.00,4,SUP-01,Florida Truck Parts,(305) 555-0201,P-6610,Coolant jug 1 gal,18.75,4,SUP-02,Gulf Coast Diesel Supply,(813) 555-0233,,,,,,,,,,,,,,
WO-50793,2026-07-20,2026-07-22,TRK-213,1S6387WV5GDJDGTHG,Peterbilt,579,2025,DEP-DOR,Doral Service Center,Doral,(305) 555-0162,M03,Carlos Garcia,Master,110.00,4.0,Engine warning light,P-4401,Engine oil filter,24.75,3,SUP-02,Gulf Coast Diesel Supply,(813) 555-0233,,,,,,,,,,,,,,,,,,,,,
WO-50794,2026-07-20,2026-07-23,TRK-216,1NWUMZ0PBSPDHG2PR,Volvo,VNL 860,2020,DEP-MIA,Miami Main Shop,Miami,(305) 555-0140,M06,Victor Torres,Level 3,89.00,1.0,Brake inspection and replacement,P-6601,AC compressor,640.00,4,SUP-03,Atlantic Fleet Components,(954) 555-0258,,,,,,,,,,,,,,,,,,,,,
WO-50795,2026-07-20,2026-07-20,TRK-214,1UT62YZ6MKFU8VG3S,Volvo,VNL 860,2016,DEP-MIA,Miami Main Shop,Miami,(305) 555-0140,M18,Jose Brown,Master,110.00,2.0,Coolant leak,P-4430,Water pump,276.00,2,SUP-03,Atlantic Fleet Components,(954) 555-0258,,,,,,,,,,,,,,,,,,,,,
WO-50796,2026-07-20,2026-07-20,TRK-213,1S6387WV5GDJDGTHG,Peterbilt,579,2025,DEP-TPA,Tampa Bay Shop,Tampa,(813) 555-0175,M13,Ana Lopez,Level 2,72.00,4.0,DOT annual inspection,P-3310,Air brake chamber,68.25,2,SUP-01,Florida Truck Parts,(305) 555-0201,P-6601,AC compressor,640.00,4,SUP-03,Atlantic Fleet Components,(954) 555-0258,,,,,,,,,,,,,,
WO-50797,2026-07-21,2026-07-24,TRK-201,1XHLZYVEE39CZPDTA,Volvo,VNL 860,2020,DEP-DOR,Doral Service Center,Doral,(305) 555-0162,M08,Ramon Ortiz,Level 3,89.00,2.0,Tire wear on steer axle,P-4440,Alternator,498.00,3,SUP-03,Atlantic Fleet Components,(954) 555-0258,,,,,,,,,,,,,,,,,,,,,
WO-50798,2026-07-21,2026-07-21,TRK-234,15HWKGYAV6MP428T6,Peterbilt,579,2025,DEP-MIA,Miami Main Shop,Miami,(305) 555-0140,M07,Maria Johnson,Master,110.00,1.0,DOT annual inspection,P-4410,Diesel exhaust fluid case,45.00,4,SUP-02,Gulf Coast Diesel Supply,(813) 555-0233,P-4401,Engine oil filter,24.75,4,SUP-02,Gulf Coast Diesel Supply,(813) 555-0233,,,,,,,,,,,,,,
WO-50799,2026-07-21,2026-07-24,TRK-234,15HWKGYAV6MP428T6,Peterbilt,579,2025,DEP-MIA,Miami Main Shop,Miami,(305) 555-0140,M08,Ramon Ortiz,Level 3,89.00,6.0,Suspension noise,P-6601,AC compressor,640.00,4,SUP-03,Atlantic Fleet Components,(954) 555-0258,P-7701,Leaf spring,305.00,2,SUP-01,Florida Truck Parts,(305) 555-0201,P-7702,Shock absorber,118.00,3,SUP-01,Florida Truck Parts,(305) 555-0201,P-4440,Alternator,498.00,2,SUP-03,Atlantic Fleet Components,(954) 555-0258
WO-50800,2026-07-21,2026-07-22,TRK-235,1378N31P8PYRP69D1,Peterbilt,579,2023,DEP-TPA,Tampa Bay Shop,Tampa,(813) 555-0175,M10,Linda Taylor,Level 3,89.00,2.5,AC not cooling cab,P-3310,Air brake chamber,68.25,2,SUP-01,Florida Truck Parts,(305) 555-0201,P-3301,Brake pad set,89.50,2,SUP-04,Sunshine Tire & Brake,(561) 555-0277,,,,,,,,,,,,,,
WO-50801,2026-07-22,2026-07-23,TRK-238,15FSYL4JJ55L6SRE5,Isuzu,NRR,2016,DEP-DOR,Doral Service Center,Doral,(305) 555-0162,M05,Elena Lopez,Level 1,58.00,6.0,Wheel seal leak,P-5502,Marker lamp,14.60,4,SUP-01,Florida Truck Parts,(305) 555-0201,P-3301,Brake pad set,89.50,3,SUP-04,Sunshine Tire & Brake,(561) 555-0277,,,,,,,,,,,,,,
WO-50802,2026-07-22,2026-07-24,TRK-206,1V002CEMJCG8S6KXY,Kenworth,T680,2023,DEP-DOR,Doral Service Center,Doral,(305) 555-0162,M14,Ana Johnson,Level 1,58.00,0.5,Tire wear on steer axle,P-4402,Fuel filter,38.40,2,SUP-02,Gulf Coast Diesel Supply,(813) 555-0233,P-5501,Headlight assembly,133.00,2,SUP-01,Florida Truck Parts,(305) 555-0201,P-4450,Starter motor,455.00,2,SUP-03,Atlantic Fleet Components,(954) 555-0258,,,,,,,
WO-50803,2026-07-22,2026-07-25,TRK-222,111U8J1213VDCX5BD,Kenworth,T680,2024,DEP-MIA,Miami Main Shop,Miami,(305) 555-0140,M13,Ana Lopez,Level 2,72.00,4.0,DOT annual inspection,P-7702,Shock absorber,118.00,4,SUP-01,Florida Truck Parts,(305) 555-0201,,,,,,,,,,,,,,,,,,,,,
WO-50804,2026-07-22,2026-07-22,TRK-214,1UT62YZ6MKFU8VG3S,Volvo,VNL 860,2016,DEP-MIA,Miami Main Shop,Miami,(305) 555-0140,M08,Ramon Ortiz,Level 3,89.00,1.5,DOT annual inspection,P-4420,Serpentine belt,52.30,1,SUP-01,Florida Truck Parts,(305) 555-0201,,,,,,,,,,,,,,,,,,,,,
WO-50805,2026-07-23,2026-07-26,TRK-208,1L62J8AD6K6MK75MU,Hino,L6,2022,DEP-MIA,Miami Main Shop,Miami,(305) 555-0140,M03,Carlos Garcia,Master,110.00,5.0,Wheel seal leak,P-5501,Headlight assembly,133.00,4,SUP-01,Florida Truck Parts,(305) 555-0201,P-7720,Fifth wheel grease,16.40,4,SUP-02,Gulf Coast Diesel Supply,(813) 555-0233,P-4430,Water pump,276.00,4,SUP-03,Atlantic Fleet Components,(954) 555-0258,P-4450,Starter motor,455.00,2,SUP-03,Atlantic Fleet Components,(954) 555-0258
WO-50806,2026-07-23,2026-07-23,TRK-212,12AYLATERX8BJE9AX,Kenworth,T680,2017,DEP-DOR,Doral Service Center,Doral,(305) 555-0162,M13,Ana Lopez,Level 2,72.00,1.5,Preventive maintenance service,P-5502,Marker lamp,14.60,2,SUP-01,Florida Truck Parts,(305) 555-0201,,,,,,,,,,,,,,,,,,,,,
WO-50807,2026-07-23,2026-07-23,TRK-231,1XU7JZRYDHNX7KKPR,Kenworth,T680,2023,DEP-DOR,Doral Service Center,Doral,(305) 555-0162,M09,Tanya Davis,Level 1,58.00,4.0,Preventive maintenance service,P-7701,Leaf spring,305.00,4,SUP-01,Florida Truck Parts,(305) 555-0201,P-4401,Engine oil filter,24.75,1,SUP-02,Gulf Coast Diesel Supply,(813) 555-0233,,,,,,,,,,,,,,
WO-50808,2026-07-23,2026-07-26,TRK-219,1MD3B0C4AZ6JP3BP6,Isuzu,NRR,2023,DEP-DOR,Doral Service Center,Doral,(305) 555-0162,M10,Linda Taylor,Level 3,89.00,6.0,Suspension noise,P-6602,Cabin air filter,22.50,4,SUP-01,Florida Truck Parts,(305) 555-0201,,,,,,,,,,,,,,,,,,,,,
WO-50809,2026-07-24,2026-07-24,TRK-225,1PGNK2CJ87WB7FKEG,Hino,L6,2020,DEP-DOR,Doral Service Center,Doral,(305) 555-0162,M15,Diego Jackson,Master,110.00,3.0,Coolant leak,P-4430,Water pump,276.00,2,SUP-03,Atlantic Fleet Components,(954) 555-0258,,,,,,,,,,,,,,,,,,,,,
WO-50810,2026-07-24,2026-07-24,TRK-238,15FSYL4JJ55L6SRE5,Isuzu,NRR,2016,DEP-MIA,Miami Main Shop,Miami,(305) 555-0140,M13,Ana Lopez,Level 2,72.00,1.0,Wheel seal leak,P-4430,Water pump,276.00,1,SUP-03,Atlantic Fleet Components,(954) 555-0258,P-4420,Serpentine belt,52.30,1,SUP-01,Florida Truck Parts,(305) 555-0201,P-4403,Air filter element,61.10,3,SUP-02,Gulf Coast Diesel Supply,(813) 555-0233,,,,,,,
WO-50811,2026-07-24,2026-07-24,TRK-208,1L62J8AD6K6MK75MU,Hino,L6,2022,DEP-MIA,Miami Main Shop,Miami,(305) 555-0140,M18,Jose Brown,Master,110.00,1.5,Coolant leak,P-4430,Water pump,276.00,3,SUP-03,Atlantic Fleet Components,(954) 555-0258,,,,,,,,,,,,,,,,,,,,,
WO-50812,2026-07-24,2026-07-27,TRK-234,15HWKGYAV6MP428T6,Peterbilt,579,2025,DEP-TPA,Tampa Bay Shop,Tampa,(813) 555-0175,M17,Linda Perez,Level 1,58.00,2.0,Preventive maintenance service,P-4402,Fuel filter,38.40,1,SUP-02,Gulf Coast Diesel Supply,(813) 555-0233,P-4430,Water pump,276.00,2,SUP-03,Atlantic Fleet Components,(954) 555-0258,,,,,,,,,,,,,,
WO-50813,2026-07-25,2026-07-25,TRK-219,1MD3B0C4AZ6JP3BP6,Isuzu,NRR,2023,DEP-TPA,Tampa Bay Shop,Tampa,(813) 555-0175,M07,Maria Johnson,Master,110.00,1.0,Brake inspection and replacement,P-4410,Diesel exhaust fluid case,45.00,3,SUP-02,Gulf Coast Diesel Supply,(813) 555-0233,,,,,,,,,,,,,,,,,,,,,
WO-50814,2026-07-25,2026-07-26,TRK-223,1JEWDNVPETU38DA0W,Volvo,VNL 860,2022,DEP-FLL,Fort Lauderdale Yard,Fort Lauderdale,(954) 555-0118,M12,Tanya Harris,Level 2,72.00,4.0,Wheel seal leak,P-4410,Diesel exhaust fluid case,45.00,3,SUP-02,Gulf Coast Diesel Supply,(813) 555-0233,,,,,,,,,,,,,,,,,,,,,
WO-50815,2026-07-25,2026-07-27,TRK-205,1J8GYCFM42DVLT3YE,Isuzu,NRR,2018,DEP-TPA,Tampa Bay Shop,Tampa,(813) 555-0175,M09,Tanya Davis,Level 1,58.00,6.0,Preventive maintenance service,P-6601,AC compressor,640.00,2,SUP-03,Atlantic Fleet Components,(954) 555-0258,P-3321,Drive tire 11R22.5,389.00,2,SUP-04,Sunshine Tire & Brake,(561) 555-0277,,,,,,,,,,,,,,
WO-50816,2026-07-25,2026-07-25,TRK-202,1HU5DGS3X7K5CAU9E,Peterbilt,579,2017,DEP-MIA,Miami Main Shop,Miami,(305) 555-0140,M15,Diego Jackson,Master,110.00,4.0,Brake inspection and replacement,P-4440,Alternator,498.00,4,SUP-03,Atlantic Fleet Components,(954) 555-0258,P-3301,Brake pad set,89.50,2,SUP-04,Sunshine Tire & Brake,(561) 555-0277,P-6610,Coolant jug 1 gal,18.75,1,SUP-02,Gulf Coast Diesel Supply,(813) 555-0233,,,,,,,
WO-50817,2026-07-26,2026-07-27,TRK-219,1MD3B0C4AZ6JP3BP6,Isuzu,NRR,2023,DEP-MIA,Miami Main Shop,Miami,(305) 555-0140,M13,Ana Lopez,Level 2,72.00,5.0,Preventive maintenance service,P-3320,Steer tire 295/75R22.5,412.00,3,SUP-04,Sunshine Tire & Brake,(561) 555-0277,P-4401,Engine oil filter,24.75,4,SUP-02,Gulf Coast Diesel Supply,(813) 555-0233,P-4403,Air filter element,61.10,2,SUP-02,Gulf Coast Diesel Supply,(813) 555-0233,,,,,,,
WO-50818,2026-07-26,2026-07-26,TRK-235,1378N31P8PYRP69D1,Peterbilt,579,2023,DEP-TPA,Tampa Bay Shop,Tampa,(813) 555-0175,M11,James Thomas,Master,110.00,2.0,Coolant leak,P-5510,Battery group 31,189.00,2,SUP-03,Atlantic Fleet Components,(954) 555-0258,P-4420,Serpentine belt,52.30,1,SUP-01,Florida Truck Parts,(305) 555-0201,P-3302,Brake drum,214.00,1,SUP-04,Sunshine Tire & Brake,(561) 555-0277,,,,,,,
WO-50819,2026-07-26,2026-07-27,TRK-206,1V002CEMJCG8S6KXY,Kenworth,T680,2023,DEP-DOR,Doral Service Center,Doral,(305) 555-0162,M18,Jose Brown,Master,110.00,3.0,Preventive maintenance service,P-3320,Steer tire 295/75R22.5,412.00,3,SUP-04,Sunshine Tire & Brake,(561) 555-0277,,,,,,,,,,,,,,,,,,,,,
WO-50820,2026-07-26,2026-07-26,TRK-231,1XU7JZRYDHNX7KKPR,Kenworth,T680,2023,DEP-TPA,Tampa Bay Shop,Tampa,(813) 555-0175,M14,Ana Johnson,Level 1,58.00,1.5,Wheel seal leak,P-3301,Brake pad set,89.50,3,SUP-04,Sunshine Tire & Brake,(561) 555-0277,P-6610,Coolant jug 1 gal,18.75,2,SUP-02,Gulf Coast Diesel Supply,(813) 555-0233,,,,,,,,,,,,,,
WO-50821,2026-07-27,2026-07-27,TRK-226,1E897MZ2T117U81K7,Hino,L6,2023,DEP-FLL,Fort Lauderdale Yard,Fort Lauderdale,(954) 555-0118,M02,Miguel Brown,Master,110.00,5.0,AC not cooling cab,P-5501,Headlight assembly,133.00,3,SUP-01,Florida Truck Parts,(305) 555-0201,P-4402,Fuel filter,38.40,1,SUP-02,Gulf Coast Diesel Supply,(813) 555-0233,,,,,,,,,,,,,,
WO-50822,2026-07-27,2026-07-27,TRK-202,1HU5DGS3X7K5CAU9E,Peterbilt,579,2017,DEP-TPA,Tampa Bay Shop,Tampa,(813) 555-0175,M02,Miguel Brown,Master,110.00,6.0,DOT annual inspection,P-5510,Battery group 31,189.00,2,SUP-03,Atlantic Fleet Components,(954) 555-0258,P-5520,Wiper blade pair,29.90,3,SUP-01,Florida Truck Parts,(305) 555-0201,,,,,,,,,,,,,,
WO-50823,2026-07-27,2026-07-27,TRK-212,12AYLATERX8BJE9AX,Kenworth,T680,2017,DEP-DOR,Doral Service Center,Doral,(305) 555-0162,M08,Ramon Ortiz,Level 3,89.00,1.0,Coolant leak,P-6602,Cabin air filter,22.50,3,SUP-01,Florida Truck Parts,(305) 555-0201,P-4450,Starter motor,455.00,2,SUP-03,Atlantic Fleet Components,(954) 555-0258,,,,,,,,,,,,,,
WO-50824,2026-07-27,2026-07-27,TRK-238,15FSYL4JJ55L6SRE5,Isuzu,NRR,2016,DEP-MIA,Miami Main Shop,Miami,(305) 555-0140,M10,Linda Taylor,Level 3,89.00,2.0,Charging system failure,P-7710,Wheel seal kit,41.20,2,SUP-04,Sunshine Tire & Brake,(561) 555-0277,P-6601,AC compressor,640.00,1,SUP-03,Atlantic Fleet Components,(954) 555-0258,P-7701,Leaf spring,305.00,4,SUP-01,Florida Truck Parts,(305) 555-0201,,,,,,,
WO-50825,2026-07-28,2026-07-29,TRK-205,1J8GYCFM42DVLT3YE,Isuzu,NRR,2018,DEP-FLL,Fort Lauderdale Yard,Fort Lauderdale,(954) 555-0118,M05,Elena Lopez,Level 1,58.00,2.0,Coolant leak,P-5520,Wiper blade pair,29.90,2,SUP-01,Florida Truck Parts,(305) 555-0201,,,,,,,,,,,,,,,,,,,,,
WO-50826,2026-07-28,2026-07-28,TRK-235,1378N31P8PYRP69D1,Peterbilt,579,2023,DEP-TPA,Tampa Bay Shop,Tampa,(813) 555-0175,M02,Miguel Brown,Master,110.00,6.0,Engine warning light,P-4440,Alternator,498.00,2,SUP-03,Atlantic Fleet Components,(954) 555-0258,P-6602,Cabin air filter,22.50,3,SUP-01,Florida Truck Parts,(305) 555-0201,,,,,,,,,,,,,,
WO-50827,2026-07-28,2026-07-31,TRK-206,1V002CEMJCG8S6KXY,Kenworth,T680,2023,DEP-MIA,Miami Main Shop,Miami,(305) 555-0140,M04,Rosa Jones,Level 1,58.00,3.0,Preventive maintenance service,P-4430,Water pump,276.00,4,SUP-03,Atlantic Fleet Components,(954) 555-0258,P-4402,Fuel filter,38.40,1,SUP-02,Gulf Coast Diesel Supply,(813) 555-0233,P-4440,Alternator,498.00,2,SUP-03,Atlantic Fleet Components,(954) 555-0258,P-7701,Leaf spring,305.00,4,SUP-01,Florida Truck Parts,(305) 555-0201
WO-50828,2026-07-28,2026-07-31,TRK-235,1378N31P8PYRP69D1,Peterbilt,579,2023,DEP-TPA,Tampa Bay Shop,Tampa,(813) 555-0175,M02,Miguel Brown,Master,110.00,2.0,AC not cooling cab,P-3301,Brake pad set,89.50,2,SUP-04,Sunshine Tire & Brake,(561) 555-0277,P-7710,Wheel seal kit,41.20,2,SUP-04,Sunshine Tire & Brake,(561) 555-0277,,,,,,,,,,,,,,
WO-50829,2026-07-29,2026-08-01,TRK-229,15ZEB5J6BUAVTXJRN,Hino,L6,2021,DEP-FLL,Fort Lauderdale Yard,Fort Lauderdale,(954) 555-0118,M13,Ana Lopez,Level 2,72.00,3.0,DOT annual inspection,P-3320,Steer tire 295/75R22.5,412.00,4,SUP-04,Sunshine Tire & Brake,(561) 555-0277,P-7702,Shock absorber,118.00,3,SUP-01,Florida Truck Parts,(305) 555-0201,P-5520,Wiper blade pair,29.90,2,SUP-01,Florida Truck Parts,(305) 555-0201,,,,,,,
WO-50830,2026-07-29,2026-07-30,TRK-231,1XU7JZRYDHNX7KKPR,Kenworth,T680,2023,DEP-FLL,Fort Lauderdale Yard,Fort Lauderdale,(954) 555-0118,M02,Miguel Brown,Master,110.00,5.0,Brake inspection and replacement,P-3301,Brake pad set,89.50,4,SUP-04,Sunshine Tire & Brake,(561) 555-0277,P-4402,Fuel filter,38.40,2,SUP-02,Gulf Coast Diesel Supply,(813) 555-0233,P-3321,Drive tire 11R22.5,389.00,3,SUP-04,Sunshine Tire & Brake,(561) 555-0277,P-7701,Leaf spring,305.00,2,SUP-01,Florida Truck Parts,(305) 555-0201
WO-50831,2026-07-29,2026-07-30,TRK-221,15N7XGPGJ7JK2RKR2,Volvo,VNL 860,2020,DEP-TPA,Tampa Bay Shop,Tampa,(813) 555-0175,M07,Maria Johnson,Master,110.00,1.5,Suspension noise,P-4430,Water pump,276.00,2,SUP-03,Atlantic Fleet Components,(954) 555-0258,,,,,,,,,,,,,,,,,,,,,
WO-50832,2026-07-29,2026-07-29,TRK-209,1H1B67LZHRYY5BLAZ,Peterbilt,579,2020,DEP-FLL,Fort Lauderdale Yard,Fort Lauderdale,(954) 555-0118,M16,Rosa Harris,Level 2,72.00,1.5,Coolant leak,P-3321,Drive tire 11R22.5,389.00,3,SUP-04,Sunshine Tire & Brake,(561) 555-0277,P-4403,Air filter element,61.10,2,SUP-02,Gulf Coast Diesel Supply,(813) 555-0233,,,,,,,,,,,,,,
WO-50833,2026-07-30,2026-07-31,TRK-235,1378N31P8PYRP69D1,Peterbilt,579,2023,DEP-TPA,Tampa Bay Shop,Tampa,(813) 555-0175,M18,Jose Brown,Master,110.00,3.0,Tire wear on steer axle,P-7710,Wheel seal kit,41.20,3,SUP-04,Sunshine Tire & Brake,(561) 555-0277,,,,,,,,,,,,,,,,,,,,,
WO-50834,2026-07-30,2026-07-30,TRK-213,1S6387WV5GDJDGTHG,Peterbilt,579,2025,DEP-DOR,Doral Service Center,Doral,(305) 555-0162,M07,Maria Johnson,Master,110.00,3.0,Coolant leak,P-7720,Fifth wheel grease,16.40,4,SUP-02,Gulf Coast Diesel Supply,(813) 555-0233,,,,,,,,,,,,,,,,,,,,,
WO-50835,2026-07-30,2026-08-02,TRK-219,1MD3B0C4AZ6JP3BP6,Isuzu,NRR,2023,DEP-TPA,Tampa Bay Shop,Tampa,(813) 555-0175,M15,Diego Jackson,Master,110.00,4.0,Engine warning light,P-4430,Water pump,276.00,2,SUP-03,Atlantic Fleet Components,(954) 555-0258,P-7720,Fifth wheel grease,16.40,1,SUP-02,Gulf Coast Diesel Supply,(813) 555-0233,,,,,,,,,,,,,,
WO-50836,2026-07-30,2026-07-30,TRK-213,1S6387WV5GDJDGTHG,Peterbilt,579,2025,DEP-FLL,Fort Lauderdale Yard,Fort Lauderdale,(954) 555-0118,M13,Ana Lopez,Level 2,72.00,2.0,Preventive maintenance service,P-4410,Diesel exhaust fluid case,45.00,2,SUP-02,Gulf Coast Diesel Supply,(813) 555-0233,P-7701,Leaf spring,305.00,1,SUP-01,Florida Truck Parts,(305) 555-0201,P-4450,Starter motor,455.00,4,SUP-03,Atlantic Fleet Components,(954) 555-0258,P-7702,Shock absorber,118.00,1,SUP-01,Florida Truck Parts,(305) 555-0201
WO-50837,2026-07-31,2026-08-01,TRK-201,1XHLZYVEE39CZPDTA,Volvo,VNL 860,2020,DEP-DOR,Doral Service Center,Doral,(305) 555-0162,M09,Tanya Davis,Level 1,58.00,0.5,Charging system failure,P-5520,Wiper blade pair,29.90,4,SUP-01,Florida Truck Parts,(305) 555-0201,P-3302,Brake drum,214.00,2,SUP-04,Sunshine Tire & Brake,(561) 555-0277,,,,,,,,,,,,,,
WO-50838,2026-07-31,2026-07-31,TRK-231,1XU7JZRYDHNX7KKPR,Kenworth,T680,2023,DEP-DOR,Doral Service Center,Doral,(305) 555-0162,M16,Rosa Harris,Level 2,72.00,2.5,AC not cooling cab,P-7720,Fifth wheel grease,16.40,4,SUP-02,Gulf Coast Diesel Supply,(813) 555-0233,,,,,,,,,,,,,,,,,,,,,
WO-50839,2026-07-31,2026-08-03,TRK-231,1XU7JZRYDHNX7KKPR,Kenworth,T680,2023,DEP-FLL,Fort Lauderdale Yard,Fort Lauderdale,(954) 555-0118,M13,Ana Lopez,Level 2,72.00,0.5,AC not cooling cab,P-5502,Marker lamp,14.60,4,SUP-01,Florida Truck Parts,(305) 555-0201,,,,,,,,,,,,,,,,,,,,,
WO-50840,2026-07-31,2026-08-03,TRK-204,10A004AD88U5NL8S9,Isuzu,NRR,2020,DEP-MIA,Miami Main Shop,Miami,(305) 555-0140,M09,Tanya Davis,Level 1,58.00,1.5,Engine warning light,P-5510,Battery group 31,189.00,4,SUP-03,Atlantic Fleet Components,(954) 555-0258,P-3320,Steer tire 295/75R22.5,412.00,3,SUP-04,Sunshine Tire & Brake,(561) 555-0277,,,,,,,,,,,,,,
WO-50841,2026-08-01,2026-08-03,TRK-203,1S0WX3UDH042GEVDN,Peterbilt,579,2017,DEP-DOR,Doral Service Center,Doral,(305) 555-0162,M18,Jose Brown,Master,110.00,3.0,Coolant leak,P-3301,Brake pad set,89.50,3,SUP-04,Sunshine Tire & Brake,(561) 555-0277,P-6601,AC compressor,640.00,4,SUP-03,Atlantic Fleet Components,(954) 555-0258,,,,,,,,,,,,,,
WO-50842,2026-08-01,2026-08-01,TRK-226,1E897MZ2T117U81K7,Hino,L6,2023,DEP-DOR,Doral Service Center,Doral,(305) 555-0162,M08,Ramon Ortiz,Level 3,89.00,1.0,Electrical fault in lighting,P-3302,Brake drum,214.00,4,SUP-04,Sunshine Tire & Brake,(561) 555-0277,P-5510,Battery group 31,189.00,3,SUP-03,Atlantic Fleet Components,(954) 555-0258,P-4420,Serpentine belt,52.30,1,SUP-01,Florida Truck Parts,(305) 555-0201,,,,,,,
WO-50843,2026-08-01,2026-08-02,TRK-234,15HWKGYAV6MP428T6,Peterbilt,579,2025,DEP-TPA,Tampa Bay Shop,Tampa,(813) 555-0175,M03,Carlos Garcia,Master,110.00,0.5,Tire wear on steer axle,P-3310,Air brake chamber,68.25,2,SUP-01,Florida Truck Parts,(305) 555-0201,,,,,,,,,,,,,,,,,,,,,
WO-50844,2026-08-01,2026-08-02,TRK-231,1XU7JZRYDHNX7KKPR,Kenworth,T680,2023,DEP-MIA,Miami Main Shop,Miami,(305) 555-0140,M03,Carlos Garcia,Master,110.00,1.0,Preventive maintenance service,P-4450,Starter motor,455.00,3,SUP-03,Atlantic Fleet Components,(954) 555-0258,P-6601,AC compressor,640.00,1,SUP-03,Atlantic Fleet Components,(954) 555-0258,,,,,,,,,,,,,,
WO-50845,2026-08-02,2026-08-02,TRK-230,15ZJWGNLH0DT85FY6,International,LT,2017,DEP-FLL,Fort Lauderdale Yard,Fort Lauderdale,(954) 555-0118,M03,Carlos Garcia,Master,110.00,4.0,Tire wear on steer axle,P-6602,Cabin air filter,22.50,2,SUP-01,Florida Truck Parts,(305) 555-0201,,,,,,,,,,,,,,,,,,,,,
WO-50846,2026-08-02,2026-08-02,TRK-240,1586KZ9M394JSHAM9,Peterbilt,579,2024,DEP-TPA,Tampa Bay Shop,Tampa,(813) 555-0175,M04,Rosa Jones,Level 1,58.00,0.5,No start condition,P-4402,Fuel filter,38.40,4,SUP-02,Gulf Coast Diesel Supply,(813) 555-0233,,,,,,,,,,,,,,,,,,,,,
WO-50847,2026-08-02,2026-08-04,TRK-205,1J8GYCFM42DVLT3YE,Isuzu,NRR,2018,DEP-TPA,Tampa Bay Shop,Tampa,(813) 555-0175,M02,Miguel Brown,Master,110.00,5.0,Tire wear on steer axle,P-7702,Shock absorber,118.00,4,SUP-01,Florida Truck Parts,(305) 555-0201,,,,,,,,,,,,,,,,,,,,,
WO-50848,2026-08-02,2026-08-05,TRK-216,1NWUMZ0PBSPDHG2PR,Volvo,VNL 860,2020,DEP-DOR,Doral Service Center,Doral,(305) 555-0162,M14,Ana Johnson,Level 1,58.00,2.0,AC not cooling cab,P-3320,Steer tire 295/75R22.5,412.00,1,SUP-04,Sunshine Tire & Brake,(561) 555-0277,P-6602,Cabin air filter,22.50,3,SUP-01,Florida Truck Parts,(305) 555-0201,P-4403,Air filter element,61.10,1,SUP-02,Gulf Coast Diesel Supply,(813) 555-0233,,,,,,,
WO-50849,2026-08-03,2026-08-03,TRK-237,1G1FW0N0YUFEWGXHD,Freightliner,Cascadia,2020,DEP-MIA,Miami Main Shop,Miami,(305) 555-0140,M09,Tanya Davis,Level 1,58.00,2.0,DOT annual inspection,P-6602,Cabin air filter,22.50,2,SUP-01,Florida Truck Parts,(305) 555-0201,P-6610,Coolant jug 1 gal,18.75,4,SUP-02,Gulf Coast Diesel Supply,(813) 555-0233,P-6601,AC compressor,640.00,1,SUP-03,Atlantic Fleet Components,(954) 555-0258,,,,,,,
WO-50850,2026-08-03,2026-08-06,TRK-228,1NB927BKE9TM7A66E,Hino,L6,2024,DEP-DOR,Doral Service Center,Doral,(305) 555-0162,M10,Linda Taylor,Level 3,89.00,6.0,Coolant leak,P-4403,Air filter element,61.10,1,SUP-02,Gulf Coast Diesel Supply,(813) 555-0233,P-6602,Cabin air filter,22.50,1,SUP-01,Florida Truck Parts,(305) 555-0201,P-3302,Brake drum,214.00,4,SUP-04,Sunshine Tire & Brake,(561) 555-0277,,,,,,,
WO-50851,2026-08-03,2026-08-03,TRK-227,1NZS2C3KZET3YNV4Z,Isuzu,NRR,2017,DEP-MIA,Miami Main Shop,Miami,(305) 555-0140,M08,Ramon Ortiz,Level 3,89.00,2.0,No start condition,P-7701,Leaf spring,305.00,4,SUP-01,Florida Truck Parts,(305) 555-0201,,,,,,,,,,,,,,,,,,,,,
WO-50852,2026-08-03,2026-08-03,TRK-231,1XU7JZRYDHNX7KKPR,Kenworth,T680,2023,DEP-MIA,Miami Main Shop,Miami,(305) 555-0140,M01,Maria Garcia,Level 1,58.00,1.5,Electrical fault in lighting,P-4420,Serpentine belt,52.30,1,SUP-01,Florida Truck Parts,(305) 555-0201,P-3301,Brake pad set,89.50,4,SUP-04,Sunshine Tire & Brake,(561) 555-0277,,,,,,,,,,,,,,
WO-50853,2026-08-04,2026-08-05,TRK-205,1J8GYCFM42DVLT3YE,Isuzu,NRR,2018,DEP-DOR,Doral Service Center,Doral,(305) 555-0162,M03,Carlos Garcia,Master,110.00,4.0,Coolant leak,P-7710,Wheel seal kit,41.20,2,SUP-04,Sunshine Tire & Brake,(561) 555-0277,,,,,,,,,,,,,,,,,,,,,
WO-50854,2026-08-04,2026-08-04,TRK-235,1378N31P8PYRP69D1,Peterbilt,579,2023,DEP-FLL,Fort Lauderdale Yard,Fort Lauderdale,(954) 555-0118,M10,Linda Taylor,Level 3,89.00,2.5,Brake inspection and replacement,P-4403,Air filter element,61.10,4,SUP-02,Gulf Coast Diesel Supply,(813) 555-0233,,,,,,,,,,,,,,,,,,,,,
WO-50855,2026-08-04,2026-08-05,TRK-226,1E897MZ2T117U81K7,Hino,L6,2023,DEP-DOR,Doral Service Center,Doral,(305) 555-0162,M13,Ana Lopez,Level 2,72.00,1.5,Brake inspection and replacement,P-4430,Water pump,276.00,3,SUP-03,Atlantic Fleet Components,(954) 555-0258,,,,,,,,,,,,,,,,,,,,,
WO-50856,2026-08-04,2026-08-04,TRK-219,1MD3B0C4AZ6JP3BP6,Isuzu,NRR,2023,DEP-FLL,Fort Lauderdale Yard,Fort Lauderdale,(954) 555-0118,M05,Elena Lopez,Level 1,58.00,2.0,Charging system failure,P-3320,Steer tire 295/75R22.5,412.00,4,SUP-04,Sunshine Tire & Brake,(561) 555-0277,P-3301,Brake pad set,89.50,3,SUP-04,Sunshine Tire & Brake,(561) 555-0277,,,,,,,,,,,,,,
WO-50857,2026-08-05,2026-08-05,TRK-219,1MD3B0C4AZ6JP3BP6,Isuzu,NRR,2023,DEP-MIA,Miami Main Shop,Miami,(305) 555-0140,M09,Tanya Davis,Level 1,58.00,5.0,Wheel seal leak,P-4410,Diesel exhaust fluid case,45.00,1,SUP-02,Gulf Coast Diesel Supply,(813) 555-0233,,,,,,,,,,,,,,,,,,,,,
WO-50858,2026-08-05,2026-08-08,TRK-209,1H1B67LZHRYY5BLAZ,Peterbilt,579,2020,DEP-DOR,Doral Service Center,Doral,(305) 555-0162,M05,Elena Lopez,Level 1,58.00,4.0,Brake inspection and replacement,P-3301,Brake pad set,89.50,3,SUP-04,Sunshine Tire & Brake,(561) 555-0277,P-3321,Drive tire 11R22.5,389.00,1,SUP-04,Sunshine Tire & Brake,(561) 555-0277,P-6602,Cabin air filter,22.50,3,SUP-01,Florida Truck Parts,(305) 555-0201,,,,,,,
WO-50859,2026-08-05,2026-08-05,TRK-213,1S6387WV5GDJDGTHG,Peterbilt,579,2025,DEP-FLL,Fort Lauderdale Yard,Fort Lauderdale,(954) 555-0118,M03,Carlos Garcia,Master,110.00,4.0,Electrical fault in lighting,P-6610,Coolant jug 1 gal,18.75,1,SUP-02,Gulf Coast Diesel Supply,(813) 555-0233,P-4440,Alternator,498.00,4,SUP-03,Atlantic Fleet Components,(954) 555-0258,P-7701,Leaf spring,305.00,2,SUP-01,Florida Truck Parts,(305) 555-0201,,,,,,,
WO-50860,2026-08-05,2026-08-07,TRK-235,1378N31P8PYRP69D1,Peterbilt,579,2023,DEP-MIA,Miami Main Shop,Miami,(305) 555-0140,M15,Diego Jackson,Master,110.00,3.0,Brake inspection and replacement,P-5501,Headlight assembly,133.00,1,SUP-01,Florida Truck Parts,(305) 555-0201,,,,,,,,,,,,,,,,,,,,,
WO-50861,2026-08-06,2026-08-09,TRK-207,1WZA1BNL3FJPV81NL,Volvo,VNL 860,2024,DEP-MIA,Miami Main Shop,Miami,(305) 555-0140,M16,Rosa Harris,Level 2,72.00,2.0,Suspension noise,P-6601,AC compressor,640.00,1,SUP-03,Atlantic Fleet Components,(954) 555-0258,P-5510,Battery group 31,189.00,3,SUP-03,Atlantic Fleet Components,(954) 555-0258,,,,,,,,,,,,,,
WO-50862,2026-08-06,2026-08-09,TRK-208,1L62J8AD6K6MK75MU,Hino,L6,2022,DEP-MIA,Miami Main Shop,Miami,(305) 555-0140,M03,Carlos Garcia,Master,110.00,2.5,Preventive maintenance service,P-6601,AC compressor,640.00,1,SUP-03,Atlantic Fleet Components,(954) 555-0258,P-6610,Coolant jug 1 gal,18.75,2,SUP-02,Gulf Coast Diesel Supply,(813) 555-0233,P-5510,Battery group 31,189.00,4,SUP-03,Atlantic Fleet Components,(954) 555-0258,,,,,,,
WO-50863,2026-08-06,2026-08-08,TRK-240,1586KZ9M394JSHAM9,Peterbilt,579,2024,DEP-FLL,Fort Lauderdale Yard,Fort Lauderdale,(954) 555-0118,M03,Carlos Garcia,Master,110.00,5.0,Electrical fault in lighting,P-3302,Brake drum,214.00,1,SUP-04,Sunshine Tire & Brake,(561) 555-0277,,,,,,,,,,,,,,,,,,,,,
WO-50864,2026-08-06,2026-08-08,TRK-207,1WZA1BNL3FJPV81NL,Volvo,VNL 860,2024,DEP-TPA,Tampa Bay Shop,Tampa,(813) 555-0175,M02,Miguel Brown,Master,110.00,1.5,DOT annual inspection,P-4402,Fuel filter,38.40,3,SUP-02,Gulf Coast Diesel Supply,(813) 555-0233,P-4401,Engine oil filter,24.75,4,SUP-02,Gulf Coast Diesel Supply,(813) 555-0233,P-7702,Shock absorber,118.00,2,SUP-01,Florida Truck Parts,(305) 555-0201,,,,,,,
WO-50865,2026-08-07,2026-08-10,TRK-228,1NB927BKE9TM7A66E,Hino,L6,2024,DEP-FLL,Fort Lauderdale Yard,Fort Lauderdale,(954) 555-0118,M03,Carlos Garcia,Master,110.00,1.0,Brake inspection and replacement,P-5520,Wiper blade pair,29.90,3,SUP-01,Florida Truck Parts,(305) 555-0201,P-3321,Drive tire 11R22.5,389.00,1,SUP-04,Sunshine Tire & Brake,(561) 555-0277,P-3301,Brake pad set,89.50,4,SUP-04,Sunshine Tire & Brake,(561) 555-0277,,,,,,,
WO-50866,2026-08-07,2026-08-10,TRK-231,1XU7JZRYDHNX7KKPR,Kenworth,T680,2023,DEP-MIA,Miami Main Shop,Miami,(305) 555-0140,M13,Ana Lopez,Level 2,72.00,3.0,AC not cooling cab,P-5520,Wiper blade pair,29.90,1,SUP-01,Florida Truck Parts,(305) 555-0201,P-4440,Alternator,498.00,3,SUP-03,Atlantic Fleet Components,(954) 555-0258,,,,,,,,,,,,,,
WO-50867,2026-08-07,2026-08-08,TRK-229,15ZEB5J6BUAVTXJRN,Hino,L6,2021,DEP-TPA,Tampa Bay Shop,Tampa,(813) 555-0175,M01,Maria Garcia,Level 1,58.00,2.5,Charging system failure,P-4440,Alternator,498.00,3,SUP-03,Atlantic Fleet Components,(954) 555-0258,,,,,,,,,,,,,,,,,,,,,
WO-50868,2026-08-07,2026-08-10,TRK-224,14921JV0JDZLPLTFU,Isuzu,NRR,2019,DEP-DOR,Doral Service Center,Doral,(305) 555-0162,M03,Carlos Garcia,Master,110.00,1.5,DOT annual inspection,P-4450,Starter motor,455.00,2,SUP-03,Atlantic Fleet Components,(954) 555-0258,P-3301,Brake pad set,89.50,2,SUP-04,Sunshine Tire & Brake,(561) 555-0277,,,,,,,,,,,,,,
WO-50869,2026-08-08,2026-08-10,TRK-207,1WZA1BNL3FJPV81NL,Volvo,VNL 860,2024,DEP-TPA,Tampa Bay Shop,Tampa,(813) 555-0175,M02,Miguel Brown,Master,110.00,5.0,AC not cooling cab,P-4450,Starter motor,455.00,1,SUP-03,Atlantic Fleet Components,(954) 555-0258,P-3321,Drive tire 11R22.5,389.00,4,SUP-04,Sunshine Tire & Brake,(561) 555-0277,P-4403,Air filter element,61.10,4,SUP-02,Gulf Coast Diesel Supply,(813) 555-0233,,,,,,,
WO-50870,2026-08-08,2026-08-09,TRK-222,111U8J1213VDCX5BD,Kenworth,T680,2024,DEP-FLL,Fort Lauderdale Yard,Fort Lauderdale,(954) 555-0118,M11,James Thomas,Master,110.00,6.0,Brake inspection and replacement,P-5510,Battery group 31,189.00,2,SUP-03,Atlantic Fleet Components,(954) 555-0258,P-4420,Serpentine belt,52.30,4,SUP-01,Florida Truck Parts,(305) 555-0201,,,,,,,,,,,,,,
WO-50871,2026-08-08,2026-08-09,TRK-231,1XU7JZRYDHNX7KKPR,Kenworth,T680,2023,DEP-TPA,Tampa Bay Shop,Tampa,(813) 555-0175,M17,Linda Perez,Level 1,58.00,5.0,AC not cooling cab,P-6610,Coolant jug 1 gal,18.75,4,SUP-02,Gulf Coast Diesel Supply,(813) 555-0233,P-3320,Steer tire 295/75R22.5,412.00,2,SUP-04,Sunshine Tire & Brake,(561) 555-0277,,,,,,,,,,,,,,
WO-50872,2026-08-08,2026-08-10,TRK-231,1XU7JZRYDHNX7KKPR,Kenworth,T680,2023,DEP-DOR,Doral Service Center,Doral,(305) 555-0162,M02,Miguel Brown,Master,110.00,6.0,Suspension noise,P-5520,Wiper blade pair,29.90,1,SUP-01,Florida Truck Parts,(305) 555-0201,P-4450,Starter motor,455.00,4,SUP-03,Atlantic Fleet Components,(954) 555-0258,P-5502,Marker lamp,14.60,1,SUP-01,Florida Truck Parts,(305) 555-0201,,,,,,,
WO-50873,2026-08-09,2026-08-10,TRK-225,1PGNK2CJ87WB7FKEG,Hino,L6,2020,DEP-FLL,Fort Lauderdale Yard,Fort Lauderdale,(954) 555-0118,M15,Diego Jackson,Master,110.00,5.0,Suspension noise,P-3310,Air brake chamber,68.25,2,SUP-01,Florida Truck Parts,(305) 555-0201,,,,,,,,,,,,,,,,,,,,,
WO-50874,2026-08-09,2026-08-12,TRK-224,14921JV0JDZLPLTFU,Isuzu,NRR,2019,DEP-DOR,Doral Service Center,Doral,(305) 555-0162,M18,Jose Brown,Master,110.00,2.5,Wheel seal leak,P-3301,Brake pad set,89.50,3,SUP-04,Sunshine Tire & Brake,(561) 555-0277,,,,,,,,,,,,,,,,,,,,,
WO-50875,2026-08-09,2026-08-09,TRK-229,15ZEB5J6BUAVTXJRN,Hino,L6,2021,DEP-TPA,Tampa Bay Shop,Tampa,(813) 555-0175,M17,Linda Perez,Level 1,58.00,5.0,No start condition,P-3310,Air brake chamber,68.25,2,SUP-01,Florida Truck Parts,(305) 555-0201,,,,,,,,,,,,,,,,,,,,,
WO-50876,2026-08-09,2026-08-10,TRK-206,1V002CEMJCG8S6KXY,Kenworth,T680,2023,DEP-MIA,Miami Main Shop,Miami,(305) 555-0140,M03,Carlos Garcia,Master,110.00,4.0,Preventive maintenance service,P-5510,Battery group 31,189.00,1,SUP-03,Atlantic Fleet Components,(954) 555-0258,P-4402,Fuel filter,38.40,2,SUP-02,Gulf Coast Diesel Supply,(813) 555-0233,P-5502,Marker lamp,14.60,4,SUP-01,Florida Truck Parts,(305) 555-0201,P-4401,Engine oil filter,24.75,4,SUP-02,Gulf Coast Diesel Supply,(813) 555-0233
WO-50877,2026-08-10,2026-08-10,TRK-217,1UG7U1UBYAH5Z3PE6,Peterbilt,579,2017,DEP-TPA,Tampa Bay Shop,Tampa,(813) 555-0175,M15,Diego Jackson,Master,110.00,2.5,Wheel seal leak,P-7702,Shock absorber,118.00,4,SUP-01,Florida Truck Parts,(305) 555-0201,,,,,,,,,,,,,,,,,,,,,
WO-50878,2026-08-10,2026-08-11,TRK-207,1WZA1BNL3FJPV81NL,Volvo,VNL 860,2024,DEP-FLL,Fort Lauderdale Yard,Fort Lauderdale,(954) 555-0118,M17,Linda Perez,Level 1,58.00,6.0,Preventive maintenance service,P-4403,Air filter element,61.10,4,SUP-02,Gulf Coast Diesel Supply,(813) 555-0233,P-6601,AC compressor,640.00,2,SUP-03,Atlantic Fleet Components,(954) 555-0258,P-3302,Brake drum,214.00,4,SUP-04,Sunshine Tire & Brake,(561) 555-0277,,,,,,,
WO-50879,2026-08-10,2026-08-10,TRK-213,1S6387WV5GDJDGTHG,Peterbilt,579,2025,DEP-DOR,Doral Service Center,Doral,(305) 555-0162,M05,Elena Lopez,Level 1,58.00,2.5,No start condition,P-5520,Wiper blade pair,29.90,1,SUP-01,Florida Truck Parts,(305) 555-0201,P-5501,Headlight assembly,133.00,3,SUP-01,Florida Truck Parts,(305) 555-0201,,,,,,,,,,,,,,
WO-50880,2026-08-10,2026-08-12,TRK-204,10A004AD88U5NL8S9,Isuzu,NRR,2020,DEP-TPA,Tampa Bay Shop,Tampa,(813) 555-0175,M04,Rosa Jones,Level 1,58.00,6.0,Brake inspection and replacement,P-6601,AC compressor,640.00,3,SUP-03,Atlantic Fleet Components,(954) 555-0258,P-5502,Marker lamp,14.60,4,SUP-01,Florida Truck Parts,(305) 555-0201,P-4401,Engine oil filter,24.75,2,SUP-02,Gulf Coast Diesel Supply,(813) 555-0233,,,,,,,
WO-50881,2026-08-11,2026-08-14,TRK-208,1L62J8AD6K6MK75MU,Hino,L6,2022,DEP-FLL,Fort Lauderdale Yard,Fort Lauderdale,(954) 555-0118,M03,Carlos Garcia,Master,110.00,6.0,Coolant leak,P-7720,Fifth wheel grease,16.40,4,SUP-02,Gulf Coast Diesel Supply,(813) 555-0233,,,,,,,,,,,,,,,,,,,,,
WO-50882,2026-08-11,2026-08-14,TRK-235,1378N31P8PYRP69D1,Peterbilt,579,2023,DEP-TPA,Tampa Bay Shop,Tampa,(813) 555-0175,M06,Victor Torres,Level 3,89.00,2.5,Wheel seal leak,P-4450,Starter motor,455.00,3,SUP-03,Atlantic Fleet Components,(954) 555-0258,P-6601,AC compressor,640.00,2,SUP-03,Atlantic Fleet Components,(954) 555-0258,,,,,,,,,,,,,,
WO-50883,2026-08-11,2026-08-13,TRK-229,15ZEB5J6BUAVTXJRN,Hino,L6,2021,DEP-TPA,Tampa Bay Shop,Tampa,(813) 555-0175,M11,James Thomas,Master,110.00,2.5,DOT annual inspection,P-4440,Alternator,498.00,4,SUP-03,Atlantic Fleet Components,(954) 555-0258,,,,,,,,,,,,,,,,,,,,,
WO-50884,2026-08-11,2026-08-13,TRK-214,1UT62YZ6MKFU8VG3S,Volvo,VNL 860,2016,DEP-FLL,Fort Lauderdale Yard,Fort Lauderdale,(954) 555-0118,M05,Elena Lopez,Level 1,58.00,2.0,Charging system failure,P-7701,Leaf spring,305.00,4,SUP-01,Florida Truck Parts,(305) 555-0201,,,,,,,,,,,,,,,,,,,,,
WO-50885,2026-08-12,2026-08-12,TRK-233,19FG3D3EV8XZ9EHE2,Hino,L6,2021,DEP-MIA,Miami Main Shop,Miami,(305) 555-0140,M08,Ramon Ortiz,Level 3,89.00,0.5,Preventive maintenance service,P-5502,Marker lamp,14.60,4,SUP-01,Florida Truck Parts,(305) 555-0201,,,,,,,,,,,,,,,,,,,,,
WO-50886,2026-08-12,2026-08-12,TRK-203,1S0WX3UDH042GEVDN,Peterbilt,579,2017,DEP-MIA,Miami Main Shop,Miami,(305) 555-0140,M16,Rosa Harris,Level 2,72.00,0.5,DOT annual inspection,P-6610,Coolant jug 1 gal,18.75,4,SUP-02,Gulf Coast Diesel Supply,(813) 555-0233,,,,,,,,,,,,,,,,,,,,,
WO-50887,2026-08-12,2026-08-12,TRK-229,15ZEB5J6BUAVTXJRN,Hino,L6,2021,DEP-TPA,Tampa Bay Shop,Tampa,(813) 555-0175,M05,Elena Lopez,Level 1,58.00,3.0,DOT annual inspection,P-3320,Steer tire 295/75R22.5,412.00,2,SUP-04,Sunshine Tire & Brake,(561) 555-0277,P-6610,Coolant jug 1 gal,18.75,2,SUP-02,Gulf Coast Diesel Supply,(813) 555-0233,,,,,,,,,,,,,,
WO-50888,2026-08-12,2026-08-15,TRK-218,14LV5F5M9JYBJ439E,Freightliner,Cascadia,2019,DEP-FLL,Fort Lauderdale Yard,Fort Lauderdale,(954) 555-0118,M02,Miguel Brown,Master,110.00,6.0,DOT annual inspection,P-7701,Leaf spring,305.00,4,SUP-01,Florida Truck Parts,(305) 555-0201,P-4420,Serpentine belt,52.30,3,SUP-01,Florida Truck Parts,(305) 555-0201,P-7720,Fifth wheel grease,16.40,4,SUP-02,Gulf Coast Diesel Supply,(813) 555-0233,,,,,,,
WO-50889,2026-08-13,2026-08-14,TRK-219,1MD3B0C4AZ6JP3BP6,Isuzu,NRR,2023,DEP-DOR,Doral Service Center,Doral,(305) 555-0162,M05,Elena Lopez,Level 1,58.00,2.5,Coolant leak,P-3310,Air brake chamber,68.25,2,SUP-01,Florida Truck Parts,(305) 555-0201,P-6601,AC compressor,640.00,3,SUP-03,Atlantic Fleet Components,(954) 555-0258,,,,,,,,,,,,,,
WO-50890,2026-08-13,2026-08-14,TRK-224,14921JV0JDZLPLTFU,Isuzu,NRR,2019,DEP-MIA,Miami Main Shop,Miami,(305) 555-0140,M06,Victor Torres,Level 3,89.00,2.0,Engine warning light,P-5510,Battery group 31,189.00,2,SUP-03,Atlantic Fleet Components,(954) 555-0258,,,,,,,,,,,,,,,,,,,,,
WO-50891,2026-08-13,2026-08-13,TRK-232,1GF7C9ZMVR2JDUCNT,Volvo,VNL 860,2025,DEP-DOR,Doral Service Center,Doral,(305) 555-0162,M14,Ana Johnson,Level 1,58.00,4.0,Tire wear on steer axle,P-3310,Air brake chamber,68.25,3,SUP-01,Florida Truck Parts,(305) 555-0201,,,,,,,,,,,,,,,,,,,,,
WO-50892,2026-08-13,2026-08-14,TRK-225,1PGNK2CJ87WB7FKEG,Hino,L6,2020,DEP-MIA,Miami Main Shop,Miami,(305) 555-0140,M06,Victor Torres,Level 3,89.00,1.5,Preventive maintenance service,P-7701,Leaf spring,305.00,4,SUP-01,Florida Truck Parts,(305) 555-0201,,,,,,,,,,,,,,,,,,,,,
WO-50893,2026-08-14,2026-08-14,TRK-227,1NZS2C3KZET3YNV4Z,Isuzu,NRR,2017,DEP-FLL,Fort Lauderdale Yard,Fort Lauderdale,(954) 555-0118,M07,Maria Johnson,Master,110.00,4.0,AC not cooling cab,P-3301,Brake pad set,89.50,2,SUP-04,Sunshine Tire & Brake,(561) 555-0277,P-7702,Shock absorber,118.00,3,SUP-01,Florida Truck Parts,(305) 555-0201,,,,,,,,,,,,,,
WO-50894,2026-08-14,2026-08-16,TRK-238,15FSYL4JJ55L6SRE5,Isuzu,NRR,2016,DEP-MIA,Miami Main Shop,Miami,(305) 555-0140,M01,Maria Garcia,Level 1,58.00,2.0,AC not cooling cab,P-5502,Marker lamp,14.60,1,SUP-01,Florida Truck Parts,(305) 555-0201,,,,,,,,,,,,,,,,,,,,,
WO-50895,2026-08-14,2026-08-14,TRK-205,1J8GYCFM42DVLT3YE,Isuzu,NRR,2018,DEP-MIA,Miami Main Shop,Miami,(305) 555-0140,M15,Diego Jackson,Master,110.00,5.0,Wheel seal leak,P-6610,Coolant jug 1 gal,18.75,3,SUP-02,Gulf Coast Diesel Supply,(813) 555-0233,P-4450,Starter motor,455.00,3,SUP-03,Atlantic Fleet Components,(954) 555-0258,P-7710,Wheel seal kit,41.20,2,SUP-04,Sunshine Tire & Brake,(561) 555-0277,,,,,,,
WO-50896,2026-08-14,2026-08-15,TRK-235,1378N31P8PYRP69D1,Peterbilt,579,2023,DEP-TPA,Tampa Bay Shop,Tampa,(813) 555-0175,M16,Rosa Harris,Level 2,72.00,1.0,Electrical fault in lighting,P-4430,Water pump,276.00,4,SUP-03,Atlantic Fleet Components,(954) 555-0258,P-5520,Wiper blade pair,29.90,2,SUP-01,Florida Truck Parts,(305) 555-0201,P-6601,AC compressor,640.00,1,SUP-03,Atlantic Fleet Components,(954) 555-0258,,,,,,,
WO-50897,2026-08-15,2026-08-15,TRK-203,1S0WX3UDH042GEVDN,Peterbilt,579,2017,DEP-MIA,Miami Main Shop,Miami,(305) 555-0140,M18,Jose Brown,Master,110.00,2.0,Coolant leak,P-3310,Air brake chamber,68.25,4,SUP-01,Florida Truck Parts,(305) 555-0201,,,,,,,,,,,,,,,,,,,,,
WO-50898,2026-08-15,2026-08-15,TRK-219,1MD3B0C4AZ6JP3BP6,Isuzu,NRR,2023,DEP-DOR,Doral Service Center,Doral,(305) 555-0162,M12,Tanya Harris,Level 2,72.00,6.0,No start condition,P-4401,Engine oil filter,24.75,3,SUP-02,Gulf Coast Diesel Supply,(813) 555-0233,,,,,,,,,,,,,,,,,,,,,
WO-50899,2026-08-15,2026-08-16,TRK-203,1S0WX3UDH042GEVDN,Peterbilt,579,2017,DEP-FLL,Fort Lauderdale Yard,Fort Lauderdale,(954) 555-0118,M04,Rosa Jones,Level 1,58.00,2.0,Electrical fault in lighting,P-6602,Cabin air filter,22.50,1,SUP-01,Florida Truck Parts,(305) 555-0201,,,,,,,,,,,,,,,,,,,,,
WO-50900,2026-08-15,2026-08-17,TRK-237,1G1FW0N0YUFEWGXHD,Freightliner,Cascadia,2020,DEP-DOR,Doral Service Center,Doral,(305) 555-0162,M15,Diego Jackson,Master,110.00,2.0,Wheel seal leak,P-4420,Serpentine belt,52.30,3,SUP-01,Florida Truck Parts,(305) 555-0201,P-4440,Alternator,498.00,4,SUP-03,Atlantic Fleet Components,(954) 555-0258,,,,,,,,,,,,,,
WO-50901,2026-08-16,2026-08-16,TRK-234,15HWKGYAV6MP428T6,Peterbilt,579,2025,DEP-TPA,Tampa Bay Shop,Tampa,(813) 555-0175,M15,Diego Jackson,Master,110.00,0.5,Charging system failure,P-4402,Fuel filter,38.40,2,SUP-02,Gulf Coast Diesel Supply,(813) 555-0233,P-7701,Leaf spring,305.00,2,SUP-01,Florida Truck Parts,(305) 555-0201,P-7702,Shock absorber,118.00,4,SUP-01,Florida Truck Parts,(305) 555-0201,,,,,,,
WO-50902,2026-08-16,2026-08-17,TRK-232,1GF7C9ZMVR2JDUCNT,Volvo,VNL 860,2025,DEP-FLL,Fort Lauderdale Yard,Fort Lauderdale,(954) 555-0118,M12,Tanya Harris,Level 2,72.00,1.5,Preventive maintenance service,P-5510,Battery group 31,189.00,3,SUP-03,Atlantic Fleet Components,(954) 555-0258,,,,,,,,,,,,,,,,,,,,,
WO-50903,2026-08-16,2026-08-17,TRK-219,1MD3B0C4AZ6JP3BP6,Isuzu,NRR,2023,DEP-MIA,Miami Main Shop,Miami,(305) 555-0140,M16,Rosa Harris,Level 2,72.00,1.5,Suspension noise,P-4450,Starter motor,455.00,1,SUP-03,Atlantic Fleet Components,(954) 555-0258,P-3321,Drive tire 11R22.5,389.00,1,SUP-04,Sunshine Tire & Brake,(561) 555-0277,,,,,,,,,,,,,,
WO-50904,2026-08-16,2026-08-17,TRK-216,1NWUMZ0PBSPDHG2PR,Volvo,VNL 860,2020,DEP-TPA,Tampa Bay Shop,Tampa,(813) 555-0175,M01,Maria Garcia,Level 1,58.00,6.0,DOT annual inspection,P-7702,Shock absorber,118.00,4,SUP-01,Florida Truck Parts,(305) 555-0201,P-7720,Fifth wheel grease,16.40,4,SUP-02,Gulf Coast Diesel Supply,(813) 555-0233,,,,,,,,,,,,,,
WO-50905,2026-08-17,2026-08-17,TRK-227,1NZS2C3KZET3YNV4Z,Isuzu,NRR,2017,DEP-MIA,Miami Main Shop,Miami,(305) 555-0140,M06,Victor Torres,Level 3,89.00,2.5,DOT annual inspection,P-5502,Marker lamp,14.60,4,SUP-01,Florida Truck Parts,(305) 555-0201,P-5510,Battery group 31,189.00,4,SUP-03,Atlantic Fleet Components,(954) 555-0258,,,,,,,,,,,,,,
WO-50906,2026-08-17,2026-08-18,TRK-206,1V002CEMJCG8S6KXY,Kenworth,T680,2023,DEP-FLL,Fort Lauderdale Yard,Fort Lauderdale,(954) 555-0118,M13,Ana Lopez,Level 2,72.00,3.0,AC not cooling cab,P-4402,Fuel filter,38.40,3,SUP-02,Gulf Coast Diesel Supply,(813) 555-0233,P-4440,Alternator,498.00,2,SUP-03,Atlantic Fleet Components,(954) 555-0258,,,,,,,,,,,,,,
WO-50907,2026-08-17,2026-08-18,TRK-235,1378N31P8PYRP69D1,Peterbilt,579,2023,DEP-FLL,Fort Lauderdale Yard,Fort Lauderdale,(954) 555-0118,M04,Rosa Jones,Level 1,58.00,2.0,Coolant leak,P-4420,Serpentine belt,52.30,4,SUP-01,Florida Truck Parts,(305) 555-0201,P-3321,Drive tire 11R22.5,389.00,4,SUP-04,Sunshine Tire & Brake,(561) 555-0277,,,,,,,,,,,,,,
WO-50908,2026-08-17,2026-08-18,TRK-223,1JEWDNVPETU38DA0W,Volvo,VNL 860,2022,DEP-MIA,Miami Main Shop,Miami,(305) 555-0140,M14,Ana Johnson,Level 1,58.00,2.5,Coolant leak,P-5520,Wiper blade pair,29.90,4,SUP-01,Florida Truck Parts,(305) 555-0201,P-4410,Diesel exhaust fluid case,45.00,3,SUP-02,Gulf Coast Diesel Supply,(813) 555-0233,P-3301,Brake pad set,89.50,1,SUP-04,Sunshine Tire & Brake,(561) 555-0277,,,,,,,
WO-50909,2026-08-18,2026-08-21,TRK-202,1HU5DGS3X7K5CAU9E,Peterbilt,579,2017,DEP-FLL,Fort Lauderdale Yard,Fort Lauderdale,(954) 555-0118,M03,Carlos Garcia,Master,110.00,6.0,Brake inspection and replacement,P-5520,Wiper blade pair,29.90,1,SUP-01,Florida Truck Parts,(305) 555-0201,P-6601,AC compressor,640.00,4,SUP-03,Atlantic Fleet Components,(954) 555-0258,,,,,,,,,,,,,,
WO-50910,2026-08-18,2026-08-18,TRK-228,1NB927BKE9TM7A66E,Hino,L6,2024,DEP-DOR,Doral Service Center,Doral,(305) 555-0162,M09,Tanya Davis,Level 1,58.00,6.0,Charging system failure,P-7701,Leaf spring,305.00,3,SUP-01,Florida Truck Parts,(305) 555-0201,P-4403,Air filter element,61.10,1,SUP-02,Gulf Coast Diesel Supply,(813) 555-0233,,,,,,,,,,,,,,
WO-50911,2026-08-18,2026-08-21,TRK-205,1J8GYCFM42DVLT3YE,Isuzu,NRR,2018,DEP-MIA,Miami Main Shop,Miami,(305) 555-0140,M14,Ana Johnson,Level 1,58.00,3.0,Engine warning light,P-4420,Serpentine belt,52.30,2,SUP-01,Florida Truck Parts,(305) 555-0201,P-3302,Brake drum,214.00,1,SUP-04,Sunshine Tire & Brake,(561) 555-0277,P-3320,Steer tire 295/75R22.5,412.00,2,SUP-04,Sunshine Tire & Brake,(561) 555-0277,,,,,,,
WO-50912,2026-08-18,2026-08-19,TRK-209,1H1B67LZHRYY5BLAZ,Peterbilt,579,2020,DEP-DOR,Doral Service Center,Doral,(305) 555-0162,M17,Linda Perez,Level 1,58.00,5.0,Preventive maintenance service,P-4430,Water pump,276.00,4,SUP-03,Atlantic Fleet Components,(954) 555-0258,P-6610,Coolant jug 1 gal,18.75,2,SUP-02,Gulf Coast Diesel Supply,(813) 555-0233,,,,,,,,,,,,,,
WO-50913,2026-08-19,2026-08-20,TRK-213,1S6387WV5GDJDGTHG,Peterbilt,579,2025,DEP-DOR,Doral Service Center,Doral,(305) 555-0162,M13,Ana Lopez,Level 2,72.00,5.0,AC not cooling cab,P-3301,Brake pad set,89.50,2,SUP-04,Sunshine Tire & Brake,(561) 555-0277,,,,,,,,,,,,,,,,,,,,,
WO-50914,2026-08-19,2026-08-21,TRK-238,15FSYL4JJ55L6SRE5,Isuzu,NRR,2016,DEP-MIA,Miami Main Shop,Miami,(305) 555-0140,M04,Rosa Jones,Level 1,58.00,2.0,Suspension noise,P-3320,Steer tire 295/75R22.5,412.00,4,SUP-04,Sunshine Tire & Brake,(561) 555-0277,,,,,,,,,,,,,,,,,,,,,
WO-50915,2026-08-19,2026-08-20,TRK-208,1L62J8AD6K6MK75MU,Hino,L6,2022,DEP-FLL,Fort Lauderdale Yard,Fort Lauderdale,(954) 555-0118,M04,Rosa Jones,Level 1,58.00,6.0,Suspension noise,P-4401,Engine oil filter,24.75,3,SUP-02,Gulf Coast Diesel Supply,(813) 555-0233,P-5510,Battery group 31,189.00,2,SUP-03,Atlantic Fleet Components,(954) 555-0258,P-4440,Alternator,498.00,2,SUP-03,Atlantic Fleet Components,(954) 555-0258,,,,,,,
WO-50916,2026-08-19,2026-08-22,TRK-215,1Y6T6NZMGNJPAXJFB,Peterbilt,579,2020,DEP-MIA,Miami Main Shop,Miami,(305) 555-0140,M04,Rosa Jones,Level 1,58.00,2.0,Electrical fault in lighting,P-4403,Air filter element,61.10,4,SUP-02,Gulf Coast Diesel Supply,(813) 555-0233,,,,,,,,,,,,,,,,,,,,,
WO-50917,2026-08-20,2026-08-21,TRK-222,111U8J1213VDCX5BD,Kenworth,T680,2024,DEP-TPA,Tampa Bay Shop,Tampa,(813) 555-0175,M17,Linda Perez,Level 1,58.00,0.5,AC not cooling cab,P-5501,Headlight assembly,133.00,2,SUP-01,Florida Truck Parts,(305) 555-0201,,,,,,,,,,,,,,,,,,,,,
WO-50918,2026-08-20,2026-08-22,TRK-212,12AYLATERX8BJE9AX,Kenworth,T680,2017,DEP-MIA,Miami Main Shop,Miami,(305) 555-0140,M15,Diego Jackson,Master,110.00,5.0,Wheel seal leak,P-5501,Headlight assembly,133.00,3,SUP-01,Florida Truck Parts,(305) 555-0201,P-4420,Serpentine belt,52.30,3,SUP-01,Florida Truck Parts,(305) 555-0201,P-7702,Shock absorber,118.00,3,SUP-01,Florida Truck Parts,(305) 555-0201,P-4430,Water pump,276.00,2,SUP-03,Atlantic Fleet Components,(954) 555-0258
WO-50919,2026-08-20,2026-08-20,TRK-216,1NWUMZ0PBSPDHG2PR,Volvo,VNL 860,2020,DEP-FLL,Fort Lauderdale Yard,Fort Lauderdale,(954) 555-0118,M10,Linda Taylor,Level 3,89.00,5.0,Brake inspection and replacement,P-5502,Marker lamp,14.60,2,SUP-01,Florida Truck Parts,(305) 555-0201,,,,,,,,,,,,,,,,,,,,,
WO-50920,2026-08-20,2026-08-21,TRK-205,1J8GYCFM42DVLT3YE,Isuzu,NRR,2018,DEP-MIA,Miami Main Shop,Miami,(305) 555-0140,M17,Linda Perez,Level 1,58.00,2.5,Tire wear on steer axle,P-5501,Headlight assembly,133.00,3,SUP-01,Florida Truck Parts,(305) 555-0201,,,,,,,,,,,,,,,,,,,,,
WO-50921,2026-08-21,2026-08-22,TRK-232,1GF7C9ZMVR2JDUCNT,Volvo,VNL 860,2025,DEP-TPA,Tampa Bay Shop,Tampa,(813) 555-0175,M13,Ana Lopez,Level 2,72.00,5.0,Brake inspection and replacement,P-3301,Brake pad set,89.50,2,SUP-04,Sunshine Tire & Brake,(561) 555-0277,P-3321,Drive tire 11R22.5,389.00,4,SUP-04,Sunshine Tire & Brake,(561) 555-0277,,,,,,,,,,,,,,
WO-50922,2026-08-21,2026-08-21,TRK-240,1586KZ9M394JSHAM9,Peterbilt,579,2024,DEP-DOR,Doral Service Center,Doral,(305) 555-0162,M13,Ana Lopez,Level 2,72.00,0.5,DOT annual inspection,P-3310,Air brake chamber,68.25,3,SUP-01,Florida Truck Parts,(305) 555-0201,P-5502,Marker lamp,14.60,4,SUP-01,Florida Truck Parts,(305) 555-0201,P-5501,Headlight assembly,133.00,2,SUP-01,Florida Truck Parts,(305) 555-0201,P-7701,Leaf spring,305.00,2,SUP-01,Florida Truck Parts,(305) 555-0201
WO-50923,2026-08-21,2026-08-24,TRK-226,1E897MZ2T117U81K7,Hino,L6,2023,DEP-MIA,Miami Main Shop,Miami,(305) 555-0140,M10,Linda Taylor,Level 3,89.00,2.5,Suspension noise,P-4430,Water pump,276.00,4,SUP-03,Atlantic Fleet Components,(954) 555-0258,P-4450,Starter motor,455.00,2,SUP-03,Atlantic Fleet Components,(954) 555-0258,,,,,,,,,,,,,,
WO-50924,2026-08-21,2026-08-24,TRK-202,1HU5DGS3X7K5CAU9E,Peterbilt,579,2017,DEP-MIA,Miami Main Shop,Miami,(305) 555-0140,M18,Jose Brown,Master,110.00,4.0,DOT annual inspection,P-4402,Fuel filter,38.40,2,SUP-02,Gulf Coast Diesel Supply,(813) 555-0233,P-4430,Water pump,276.00,2,SUP-03,Atlantic Fleet Components,(954) 555-0258,,,,,,,,,,,,,,
WO-50925,2026-08-22,2026-08-24,TRK-203,1S0WX3UDH042GEVDN,Peterbilt,579,2017,DEP-DOR,Doral Service Center,Doral,(305) 555-0162,M10,Linda Taylor,Level 3,89.00,2.0,Coolant leak,P-3310,Air brake chamber,68.25,1,SUP-01,Florida Truck Parts,(305) 555-0201,P-5501,Headlight assembly,133.00,4,SUP-01,Florida Truck Parts,(305) 555-0201,P-6602,Cabin air filter,22.50,3,SUP-01,Florida Truck Parts,(305) 555-0201,,,,,,,
WO-50926,2026-08-22,2026-08-25,TRK-226,1E897MZ2T117U81K7,Hino,L6,2023,DEP-MIA,Miami Main Shop,Miami,(305) 555-0140,M14,Ana Johnson,Level 1,58.00,1.0,Brake inspection and replacement,P-6601,AC compressor,640.00,3,SUP-03,Atlantic Fleet Components,(954) 555-0258,P-3320,Steer tire 295/75R22.5,412.00,3,SUP-04,Sunshine Tire & Brake,(561) 555-0277,P-4403,Air filter element,61.10,4,SUP-02,Gulf Coast Diesel Supply,(813) 555-0233,,,,,,,
WO-50927,2026-08-22,2026-08-24,TRK-204,10A004AD88U5NL8S9,Isuzu,NRR,2020,DEP-DOR,Doral Service Center,Doral,(305) 555-0162,M16,Rosa Harris,Level 2,72.00,5.0,Wheel seal leak,P-4450,Starter motor,455.00,3,SUP-03,Atlantic Fleet Components,(954) 555-0258,P-4403,Air filter element,61.10,3,SUP-02,Gulf Coast Diesel Supply,(813) 555-0233,P-3320,Steer tire 295/75R22.5,412.00,3,SUP-04,Sunshine Tire & Brake,(561) 555-0277,P-6601,AC compressor,640.00,2,SUP-03,Atlantic Fleet Components,(954) 555-0258
WO-50928,2026-08-22,2026-08-22,TRK-225,1PGNK2CJ87WB7FKEG,Hino,L6,2020,DEP-FLL,Fort Lauderdale Yard,Fort Lauderdale,(954) 555-0118,M09,Tanya Davis,Level 1,58.00,4.0,Wheel seal leak,P-4440,Alternator,498.00,3,SUP-03,Atlantic Fleet Components,(954) 555-0258,P-4403,Air filter element,61.10,2,SUP-02,Gulf Coast Diesel Supply,(813) 555-0233,,,,,,,,,,,,,,
WO-50929,2026-08-23,2026-08-23,TRK-214,1UT62YZ6MKFU8VG3S,Volvo,VNL 860,2016,DEP-MIA,Miami Main Shop,Miami,(305) 555-0140,M18,Jose Brown,Master,110.00,1.0,Engine warning light,P-4403,Air filter element,61.10,2,SUP-02,Gulf Coast Diesel Supply,(813) 555-0233,P-6602,Cabin air filter,22.50,1,SUP-01,Florida Truck Parts,(305) 555-0201,P-7710,Wheel seal kit,41.20,2,SUP-04,Sunshine Tire & Brake,(561) 555-0277,,,,,,,
WO-50930,2026-08-23,2026-08-26,TRK-227,1NZS2C3KZET3YNV4Z,Isuzu,NRR,2017,DEP-MIA,Miami Main Shop,Miami,(305) 555-0140,M07,Maria Johnson,Master,110.00,2.0,Wheel seal leak,P-3321,Drive tire 11R22.5,389.00,2,SUP-04,Sunshine Tire & Brake,(561) 555-0277,,,,,,,,,,,,,,,,,,,,,
WO-50931,2026-08-23,2026-08-24,TRK-235,1378N31P8PYRP69D1,Peterbilt,579,2023,DEP-DOR,Doral Service Center,Doral,(305) 555-0162,M05,Elena Lopez,Level 1,58.00,1.5,DOT annual inspection,P-6601,AC compressor,640.00,1,SUP-03,Atlantic Fleet Components,(954) 555-0258,,,,,,,,,,,,,,,,,,,,,
WO-50932,2026-08-23,2026-08-25,TRK-202,1HU5DGS3X7K5CAU9E,Peterbilt,579,2017,DEP-MIA,Miami Main Shop,Miami,(305) 555-0140,M11,James Thomas,Master,110.00,1.0,Charging system failure,P-4410,Diesel exhaust fluid case,45.00,4,SUP-02,Gulf Coast Diesel Supply,(813) 555-0233,P-7710,Wheel seal kit,41.20,3,SUP-04,Sunshine Tire & Brake,(561) 555-0277,,,,,,,,,,,,,,
WO-50933,2026-08-24,2026-08-24,TRK-231,1XU7JZRYDHNX7KKPR,Kenworth,T680,2023,DEP-TPA,Tampa Bay Shop,Tampa,(813) 555-0175,M17,Linda Perez,Level 1,58.00,0.5,Preventive maintenance service,P-7720,Fifth wheel grease,16.40,1,SUP-02,Gulf Coast Diesel Supply,(813) 555-0233,P-3301,Brake pad set,89.50,4,SUP-04,Sunshine Tire & Brake,(561) 555-0277,P-6602,Cabin air filter,22.50,2,SUP-01,Florida Truck Parts,(305) 555-0201,P-7702,Shock absorber,118.00,4,SUP-01,Florida Truck Parts,(305) 555-0201
WO-50934,2026-08-24,2026-08-24,TRK-221,15N7XGPGJ7JK2RKR2,Volvo,VNL 860,2020,DEP-FLL,Fort Lauderdale Yard,Fort Lauderdale,(954) 555-0118,M17,Linda Perez,Level 1,58.00,2.0,Suspension noise,P-3301,Brake pad set,89.50,1,SUP-04,Sunshine Tire & Brake,(561) 555-0277,P-5510,Battery group 31,189.00,4,SUP-03,Atlantic Fleet Components,(954) 555-0258,,,,,,,,,,,,,,
WO-50935,2026-08-24,2026-08-27,TRK-236,1S7R5LH94J1YRYAXF,Peterbilt,579,2019,DEP-MIA,Miami Main Shop,Miami,(305) 555-0140,M07,Maria Johnson,Master,110.00,0.5,No start condition,P-3320,Steer tire 295/75R22.5,412.00,2,SUP-04,Sunshine Tire & Brake,(561) 555-0277,P-5520,Wiper blade pair,29.90,3,SUP-01,Florida Truck Parts,(305) 555-0201,,,,,,,,,,,,,,
WO-50936,2026-08-24,2026-08-27,TRK-214,1UT62YZ6MKFU8VG3S,Volvo,VNL 860,2016,DEP-TPA,Tampa Bay Shop,Tampa,(813) 555-0175,M14,Ana Johnson,Level 1,58.00,1.0,Suspension noise,P-3321,Drive tire 11R22.5,389.00,4,SUP-04,Sunshine Tire & Brake,(561) 555-0277,P-5502,Marker lamp,14.60,3,SUP-01,Florida Truck Parts,(305) 555-0201,,,,,,,,,,,,,,
WO-50937,2026-08-25,2026-08-25,TRK-235,1378N31P8PYRP69D1,Peterbilt,579,2023,DEP-TPA,Tampa Bay Shop,Tampa,(813) 555-0175,M07,Maria Johnson,Master,110.00,2.0,Preventive maintenance service,P-4440,Alternator,498.00,1,SUP-03,Atlantic Fleet Components,(954) 555-0258,,,,,,,,,,,,,,,,,,,,,
WO-50938,2026-08-25,2026-08-25,TRK-230,15ZJWGNLH0DT85FY6,International,LT,2017,DEP-DOR,Doral Service Center,Doral,(305) 555-0162,M09,Tanya Davis,Level 1,58.00,2.0,Brake inspection and replacement,P-3320,Steer tire 295/75R22.5,412.00,1,SUP-04,Sunshine Tire & Brake,(561) 555-0277,P-4440,Alternator,498.00,1,SUP-03,Atlantic Fleet Components,(954) 555-0258,,,,,,,,,,,,,,
WO-50939,2026-08-25,2026-08-26,TRK-233,19FG3D3EV8XZ9EHE2,Hino,L6,2021,DEP-MIA,Miami Main Shop,Miami,(305) 555-0140,M04,Rosa Jones,Level 1,58.00,5.0,Charging system failure,P-7702,Shock absorber,118.00,4,SUP-01,Florida Truck Parts,(305) 555-0201,P-4401,Engine oil filter,24.75,3,SUP-02,Gulf Coast Diesel Supply,(813) 555-0233,,,,,,,,,,,,,,
WO-50940,2026-08-25,2026-08-26,TRK-202,1HU5DGS3X7K5CAU9E,Peterbilt,579,2017,DEP-TPA,Tampa Bay Shop,Tampa,(813) 555-0175,M04,Rosa Jones,Level 1,58.00,1.5,Preventive maintenance service,P-4430,Water pump,276.00,4,SUP-03,Atlantic Fleet Components,(954) 555-0258,,,,,,,,,,,,,,,,,,,,,
WO-50941,2026-08-26,2026-08-26,TRK-206,1V002CEMJCG8S6KXY,Kenworth,T680,2023,DEP-TPA,Tampa Bay Shop,Tampa,(813) 555-0175,M11,James Thomas,Master,110.00,4.0,Coolant leak,P-3310,Air brake chamber,68.25,1,SUP-01,Florida Truck Parts,(305) 555-0201,P-5501,Headlight assembly,133.00,1,SUP-01,Florida Truck Parts,(305) 555-0201,,,,,,,,,,,,,,
WO-50942,2026-08-26,2026-08-27,TRK-218,14LV5F5M9JYBJ439E,Freightliner,Cascadia,2019,DEP-TPA,Tampa Bay Shop,Tampa,(813) 555-0175,M09,Tanya Davis,Level 1,58.00,4.0,Engine warning light,P-7720,Fifth wheel grease,16.40,3,SUP-02,Gulf Coast Diesel Supply,(813) 555-0233,P-5501,Headlight assembly,133.00,3,SUP-01,Florida Truck Parts,(305) 555-0201,P-5510,Battery group 31,189.00,4,SUP-03,Atlantic Fleet Components,(954) 555-0258,,,,,,,
WO-50943,2026-08-26,2026-08-26,TRK-235,1378N31P8PYRP69D1,Peterbilt,579,2023,DEP-DOR,Doral Service Center,Doral,(305) 555-0162,M13,Ana Lopez,Level 2,72.00,3.0,Charging system failure,P-3320,Steer tire 295/75R22.5,412.00,4,SUP-04,Sunshine Tire & Brake,(561) 555-0277,P-3302,Brake drum,214.00,4,SUP-04,Sunshine Tire & Brake,(561) 555-0277,P-4440,Alternator,498.00,3,SUP-03,Atlantic Fleet Components,(954) 555-0258,,,,,,,
WO-50944,2026-08-26,2026-08-26,TRK-219,1MD3B0C4AZ6JP3BP6,Isuzu,NRR,2023,DEP-MIA,Miami Main Shop,Miami,(305) 555-0140,M08,Ramon Ortiz,Level 3,89.00,1.5,Coolant leak,P-7720,Fifth wheel grease,16.40,1,SUP-02,Gulf Coast Diesel Supply,(813) 555-0233,,,,,,,,,,,,,,,,,,,,,
WO-50945,2026-08-27,2026-08-30,TRK-207,1WZA1BNL3FJPV81NL,Volvo,VNL 860,2024,DEP-MIA,Miami Main Shop,Miami,(305) 555-0140,M06,Victor Torres,Level 3,89.00,2.0,Suspension noise,P-4403,Air filter element,61.10,3,SUP-02,Gulf Coast Diesel Supply,(813) 555-0233,,,,,,,,,,,,,,,,,,,,,
WO-50946,2026-08-27,2026-08-29,TRK-205,1J8GYCFM42DVLT3YE,Isuzu,NRR,2018,DEP-FLL,Fort Lauderdale Yard,Fort Lauderdale,(954) 555-0118,M14,Ana Johnson,Level 1,58.00,1.5,Charging system failure,P-5501,Headlight assembly,133.00,1,SUP-01,Florida Truck Parts,(305) 555-0201,,,,,,,,,,,,,,,,,,,,,
WO-50947,2026-08-27,2026-08-27,TRK-203,1S0WX3UDH042GEVDN,Peterbilt,579,2017,DEP-TPA,Tampa Bay Shop,Tampa,(813) 555-0175,M12,Tanya Harris,Level 2,72.00,5.0,DOT annual inspection,P-4430,Water pump,276.00,4,SUP-03,Atlantic Fleet Components,(954) 555-0258,P-4403,Air filter element,61.10,2,SUP-02,Gulf Coast Diesel Supply,(813) 555-0233,P-6601,AC compressor,640.00,4,SUP-03,Atlantic Fleet Components,(954) 555-0258,P-4440,Alternator,498.00,1,SUP-03,Atlantic Fleet Components,(954) 555-0258
WO-50948,2026-08-27,2026-08-27,TRK-201,1XHLZYVEE39CZPDTA,Volvo,VNL 860,2020,DEP-MIA,Miami Main Shop,Miami,(305) 555-0140,M05,Elena Lopez,Level 1,58.00,1.5,Suspension noise,P-3320,Steer tire 295/75R22.5,412.00,4,SUP-04,Sunshine Tire & Brake,(561) 555-0277,P-4401,Engine oil filter,24.75,1,SUP-02,Gulf Coast Diesel Supply,(813) 555-0233,,,,,,,,,,,,,,
WO-50949,2026-08-28,2026-08-30,TRK-206,1V002CEMJCG8S6KXY,Kenworth,T680,2023,DEP-TPA,Tampa Bay Shop,Tampa,(813) 555-0175,M06,Victor Torres,Level 3,89.00,1.0,Brake inspection and replacement,P-3321,Drive tire 11R22.5,389.00,3,SUP-04,Sunshine Tire & Brake,(561) 555-0277,P-4430,Water pump,276.00,4,SUP-03,Atlantic Fleet Components,(954) 555-0258,,,,,,,,,,,,,,
WO-50950,2026-08-28,2026-08-30,TRK-228,1NB927BKE9TM7A66E,Hino,L6,2024,DEP-FLL,Fort Lauderdale Yard,Fort Lauderdale,(954) 555-0118,M12,Tanya Harris,Level 2,72.00,6.0,Engine warning light,P-4403,Air filter element,61.10,1,SUP-02,Gulf Coast Diesel Supply,(813) 555-0233,P-5502,Marker lamp,14.60,4,SUP-01,Florida Truck Parts,(305) 555-0201,,,,,,,,,,,,,,
WO-50951,2026-08-28,2026-08-31,TRK-203,1S0WX3UDH042GEVDN,Peterbilt,579,2017,DEP-DOR,Doral Service Center,Doral,(305) 555-0162,M07,Maria Johnson,Master,110.00,2.5,Charging system failure,P-4440,Alternator,498.00,1,SUP-03,Atlantic Fleet Components,(954) 555-0258,P-3321,Drive tire 11R22.5,389.00,1,SUP-04,Sunshine Tire & Brake,(561) 555-0277,P-4402,Fuel filter,38.40,4,SUP-02,Gulf Coast Diesel Supply,(813) 555-0233,,,,,,,
WO-50952,2026-08-28,2026-08-29,TRK-218,14LV5F5M9JYBJ439E,Freightliner,Cascadia,2019,DEP-MIA,Miami Main Shop,Miami,(305) 555-0140,M15,Diego Jackson,Master,110.00,1.0,Engine warning light,P-3320,Steer tire 295/75R22.5,412.00,2,SUP-04,Sunshine Tire & Brake,(561) 555-0277,P-3301,Brake pad set,89.50,3,SUP-04,Sunshine Tire & Brake,(561) 555-0277,,,,,,,,,,,,,,
WO-50953,2026-08-29,2026-08-31,TRK-220,1WP5D1ZS5KRYCNXV8,Kenworth,T680,2017,DEP-MIA,Miami Main Shop,Miami,(305) 555-0140,M18,Jose Brown,Master,110.00,1.0,Wheel seal leak,P-3302,Brake drum,214.00,3,SUP-04,Sunshine Tire & Brake,(561) 555-0277,P-5520,Wiper blade pair,29.90,3,SUP-01,Florida Truck Parts,(305) 555-0201,P-5502,Marker lamp,14.60,1,SUP-01,Florida Truck Parts,(305) 555-0201,,,,,,,
WO-50954,2026-08-29,2026-08-29,TRK-229,15ZEB5J6BUAVTXJRN,Hino,L6,2021,DEP-MIA,Miami Main Shop,Miami,(305) 555-0140,M18,Jose Brown,Master,110.00,1.0,Brake inspection and replacement,P-5502,Marker lamp,14.60,2,SUP-01,Florida Truck Parts,(305) 555-0201,,,,,,,,,,,,,,,,,,,,,
WO-50955,2026-08-29,2026-08-29,TRK-214,1UT62YZ6MKFU8VG3S,Volvo,VNL 860,2016,DEP-FLL,Fort Lauderdale Yard,Fort Lauderdale,(954) 555-0118,M03,Carlos Garcia,Master,110.00,0.5,Charging system failure,P-6602,Cabin air filter,22.50,3,SUP-01,Florida Truck Parts,(305) 555-0201,,,,,,,,,,,,,,,,,,,,,
WO-50956,2026-08-29,2026-08-30,TRK-231,1XU7JZRYDHNX7KKPR,Kenworth,T680,2023,DEP-TPA,Tampa Bay Shop,Tampa,(813) 555-0175,M06,Victor Torres,Level 3,89.00,2.5,No start condition,P-4430,Water pump,276.00,3,SUP-03,Atlantic Fleet Components,(954) 555-0258,P-4402,Fuel filter,38.40,3,SUP-02,Gulf Coast Diesel Supply,(813) 555-0233,,,,,,,,,,,,,,
WO-50957,2026-08-30,2026-09-01,TRK-202,1HU5DGS3X7K5CAU9E,Peterbilt,579,2017,DEP-FLL,Fort Lauderdale Yard,Fort Lauderdale,(954) 555-0118,M07,Maria Johnson,Master,110.00,4.0,Coolant leak,P-5510,Battery group 31,189.00,3,SUP-03,Atlantic Fleet Components,(954) 555-0258,,,,,,,,,,,,,,,,,,,,,
WO-50958,2026-08-30,2026-08-31,TRK-234,15HWKGYAV6MP428T6,Peterbilt,579,2025,DEP-DOR,Doral Service Center,Doral,(305) 555-0162,M14,Ana Johnson,Level 1,58.00,2.0,Suspension noise,P-3320,Steer tire 295/75R22.5,412.00,3,SUP-04,Sunshine Tire & Brake,(561) 555-0277,,,,,,,,,,,,,,,,,,,,,
WO-50959,2026-08-30,2026-08-31,TRK-218,14LV5F5M9JYBJ439E,Freightliner,Cascadia,2019,DEP-FLL,Fort Lauderdale Yard,Fort Lauderdale,(954) 555-0118,M05,Elena Lopez,Level 1,58.00,1.0,No start condition,P-5502,Marker lamp,14.60,2,SUP-01,Florida Truck Parts,(305) 555-0201,P-5520,Wiper blade pair,29.90,2,SUP-01,Florida Truck Parts,(305) 555-0201,P-6602,Cabin air filter,22.50,4,SUP-01,Florida Truck Parts,(305) 555-0201,,,,,,,
WO-50960,2026-08-30,2026-08-31,TRK-219,1MD3B0C4AZ6JP3BP6,Isuzu,NRR,2023,DEP-DOR,Doral Service Center,Doral,(305) 555-0162,M01,Maria Garcia,Level 1,58.00,5.0,Suspension noise,P-3321,Drive tire 11R22.5,389.00,2,SUP-04,Sunshine Tire & Brake,(561) 555-0277,P-7720,Fifth wheel grease,16.40,4,SUP-02,Gulf Coast Diesel Supply,(813) 555-0233,,,,,,,,,,,,,,
WO-50961,2026-08-31,2026-09-02,TRK-239,1BUYTB964LB6D4X19,Peterbilt,579,2019,DEP-DOR,Doral Service Center,Doral,(305) 555-0162,M01,Maria Garcia,Level 1,58.00,0.5,Wheel seal leak,P-4410,Diesel exhaust fluid case,45.00,2,SUP-02,Gulf Coast Diesel Supply,(813) 555-0233,,,,,,,,,,,,,,,,,,,,,
WO-50962,2026-08-31,2026-08-31,TRK-235,1378N31P8PYRP69D1,Peterbilt,579,2023,DEP-DOR,Doral Service Center,Doral,(305) 555-0162,M02,Miguel Brown,Master,110.00,2.5,Electrical fault in lighting,P-4450,Starter motor,455.00,3,SUP-03,Atlantic Fleet Components,(954) 555-0258,P-5501,Headlight assembly,133.00,1,SUP-01,Florida Truck Parts,(305) 555-0201,P-7720,Fifth wheel grease,16.40,3,SUP-02,Gulf Coast Diesel Supply,(813) 555-0233,,,,,,,
WO-50963,2026-08-31,2026-08-31,TRK-224,14921JV0JDZLPLTFU,Isuzu,NRR,2019,DEP-DOR,Doral Service Center,Doral,(305) 555-0162,M02,Miguel Brown,Master,110.00,2.5,DOT annual inspection,P-7720,Fifth wheel grease,16.40,1,SUP-02,Gulf Coast Diesel Supply,(813) 555-0233,,,,,,,,,,,,,,,,,,,,,
WO-50964,2026-08-31,2026-08-31,TRK-235,1378N31P8PYRP69D1,Peterbilt,579,2023,DEP-TPA,Tampa Bay Shop,Tampa,(813) 555-0175,M12,Tanya Harris,Level 2,72.00,1.0,AC not cooling cab,P-4403,Air filter element,61.10,4,SUP-02,Gulf Coast Diesel Supply,(813) 555-0233,,,,,,,,,,,,,,,,,,,,,
WO-50965,2026-09-01,2026-09-02,TRK-235,1378N31P8PYRP69D1,Peterbilt,579,2023,DEP-FLL,Fort Lauderdale Yard,Fort Lauderdale,(954) 555-0118,M11,James Thomas,Master,110.00,5.0,Electrical fault in lighting,P-3310,Air brake chamber,68.25,4,SUP-01,Florida Truck Parts,(305) 555-0201,P-4430,Water pump,276.00,1,SUP-03,Atlantic Fleet Components,(954) 555-0258,P-4401,Engine oil filter,24.75,1,SUP-02,Gulf Coast Diesel Supply,(813) 555-0233,P-3320,Steer tire 295/75R22.5,412.00,2,SUP-04,Sunshine Tire & Brake,(561) 555-0277
WO-50966,2026-09-01,2026-09-02,TRK-232,1GF7C9ZMVR2JDUCNT,Volvo,VNL 860,2025,DEP-FLL,Fort Lauderdale Yard,Fort Lauderdale,(954) 555-0118,M05,Elena Lopez,Level 1,58.00,0.5,Preventive maintenance service,P-5520,Wiper blade pair,29.90,4,SUP-01,Florida Truck Parts,(305) 555-0201,,,,,,,,,,,,,,,,,,,,,
WO-50967,2026-09-01,2026-09-03,TRK-202,1HU5DGS3X7K5CAU9E,Peterbilt,579,2017,DEP-MIA,Miami Main Shop,Miami,(305) 555-0140,M14,Ana Johnson,Level 1,58.00,0.5,Brake inspection and replacement,P-5502,Marker lamp,14.60,4,SUP-01,Florida Truck Parts,(305) 555-0201,,,,,,,,,,,,,,,,,,,,,
WO-50968,2026-09-01,2026-09-03,TRK-204,10A004AD88U5NL8S9,Isuzu,NRR,2020,DEP-TPA,Tampa Bay Shop,Tampa,(813) 555-0175,M09,Tanya Davis,Level 1,58.00,0.5,DOT annual inspection,P-7710,Wheel seal kit,41.20,4,SUP-04,Sunshine Tire & Brake,(561) 555-0277,P-6602,Cabin air filter,22.50,2,SUP-01,Florida Truck Parts,(305) 555-0201,P-4401,Engine oil filter,24.75,2,SUP-02,Gulf Coast Diesel Supply,(813) 555-0233,,,,,,,
WO-50969,2026-09-02,2026-09-03,TRK-226,1E897MZ2T117U81K7,Hino,L6,2023,DEP-FLL,Fort Lauderdale Yard,Fort Lauderdale,(954) 555-0118,M17,Linda Perez,Level 1,58.00,1.0,Suspension noise,P-5502,Marker lamp,14.60,2,SUP-01,Florida Truck Parts,(305) 555-0201,,,,,,,,,,,,,,,,,,,,,
WO-50970,2026-09-02,2026-09-02,TRK-201,1XHLZYVEE39CZPDTA,Volvo,VNL 860,2020,DEP-DOR,Doral Service Center,Doral,(305) 555-0162,M09,Tanya Davis,Level 1,58.00,4.0,Brake inspection and replacement,P-4450,Starter motor,455.00,4,SUP-03,Atlantic Fleet Components,(954) 555-0258,P-7720,Fifth wheel grease,16.40,2,SUP-02,Gulf Coast Diesel Supply,(813) 555-0233,,,,,,,,,,,,,,
WO-50971,2026-09-02,2026-09-03,TRK-206,1V002CEMJCG8S6KXY,Kenworth,T680,2023,DEP-MIA,Miami Main Shop,Miami,(305) 555-0140,M03,Carlos Garcia,Master,110.00,2.0,Tire wear on steer axle,P-4420,Serpentine belt,52.30,4,SUP-01,Florida Truck Parts,(305) 555-0201,P-6610,Coolant jug 1 gal,18.75,2,SUP-02,Gulf Coast Diesel Supply,(813) 555-0233,,,,,,,,,,,,,,
WO-50972,2026-09-02,2026-09-05,TRK-202,1HU5DGS3X7K5CAU9E,Peterbilt,579,2017,DEP-TPA,Tampa Bay Shop,Tampa,(813) 555-0175,M08,Ramon Ortiz,Level 3,89.00,1.0,Preventive maintenance service,P-3310,Air brake chamber,68.25,1,SUP-01,Florida Truck Parts,(305) 555-0201,P-4410,Diesel exhaust fluid case,45.00,1,SUP-02,Gulf Coast Diesel Supply,(813) 555-0233,P-4420,Serpentine belt,52.30,2,SUP-01,Florida Truck Parts,(305) 555-0201,,,,,,,
WO-50973,2026-09-03,2026-09-04,TRK-238,15FSYL4JJ55L6SRE5,Isuzu,NRR,2016,DEP-FLL,Fort Lauderdale Yard,Fort Lauderdale,(954) 555-0118,M10,Linda Taylor,Level 3,89.00,4.0,AC not cooling cab,P-4420,Serpentine belt,52.30,1,SUP-01,Florida Truck Parts,(305) 555-0201,P-4402,Fuel filter,38.40,2,SUP-02,Gulf Coast Diesel Supply,(813) 555-0233,,,,,,,,,,,,,,
WO-50974,2026-09-03,2026-09-03,TRK-213,1S6387WV5GDJDGTHG,Peterbilt,579,2025,DEP-FLL,Fort Lauderdale Yard,Fort Lauderdale,(954) 555-0118,M06,Victor Torres,Level 3,89.00,3.0,No start condition,P-4403,Air filter element,61.10,2,SUP-02,Gulf Coast Diesel Supply,(813) 555-0233,,,,,,,,,,,,,,,,,,,,,
WO-50975,2026-09-03,2026-09-04,TRK-222,111U8J1213VDCX5BD,Kenworth,T680,2024,DEP-DOR,Doral Service Center,Doral,(305) 555-0162,M08,Ramon Ortiz,Level 3,89.00,1.0,Tire wear on steer axle,P-4410,Diesel exhaust fluid case,45.00,1,SUP-02,Gulf Coast Diesel Supply,(813) 555-0233,,,,,,,,,,,,,,,,,,,,,
WO-50976,2026-09-03,2026-09-04,TRK-224,14921JV0JDZLPLTFU,Isuzu,NRR,2019,DEP-DOR,Doral Service Center,Doral,(305) 555-0162,M02,Miguel Brown,Master,110.00,5.0,Suspension noise,P-6602,Cabin air filter,22.50,1,SUP-01,Florida Truck Parts,(305) 555-0201,P-4402,Fuel filter,38.40,1,SUP-02,Gulf Coast Diesel Supply,(813) 555-0233,,,,,,,,,,,,,,
WO-50977,2026-09-04,2026-09-04,TRK-232,1GF7C9ZMVR2JDUCNT,Volvo,VNL 860,2025,DEP-MIA,Miami Main Shop,Miami,(305) 555-0140,M08,Ramon Ortiz,Level 3,89.00,1.5,Tire wear on steer axle,P-5501,Headlight assembly,133.00,1,SUP-01,Florida Truck Parts,(305) 555-0201,,,,,,,,,,,,,,,,,,,,,
WO-50978,2026-09-04,2026-09-05,TRK-201,1XHLZYVEE39CZPDTA,Volvo,VNL 860,2020,DEP-FLL,Fort Lauderdale Yard,Fort Lauderdale,(954) 555-0118,M15,Diego Jackson,Master,110.00,5.0,Brake inspection and replacement,P-4430,Water pump,276.00,2,SUP-03,Atlantic Fleet Components,(954) 555-0258,P-5501,Headlight assembly,133.00,4,SUP-01,Florida Truck Parts,(305) 555-0201,,,,,,,,,,,,,,
WO-50979,2026-09-04,2026-09-04,TRK-224,14921JV0JDZLPLTFU,Isuzu,NRR,2019,DEP-MIA,Miami Main Shop,Miami,(305) 555-0140,M08,Ramon Ortiz,Level 3,89.00,1.0,Wheel seal leak,P-6610,Coolant jug 1 gal,18.75,3,SUP-02,Gulf Coast Diesel Supply,(813) 555-0233,,,,,,,,,,,,,,,,,,,,,
WO-50980,2026-09-04,2026-09-06,TRK-224,14921JV0JDZLPLTFU,Isuzu,NRR,2019,DEP-FLL,Fort Lauderdale Yard,Fort Lauderdale,(954) 555-0118,M02,Miguel Brown,Master,110.00,0.5,Electrical fault in lighting,P-3301,Brake pad set,89.50,2,SUP-04,Sunshine Tire & Brake,(561) 555-0277,P-4410,Diesel exhaust fluid case,45.00,4,SUP-02,Gulf Coast Diesel Supply,(813) 555-0233,,,,,,,,,,,,,,
WO-50981,2026-09-05,2026-09-07,TRK-224,14921JV0JDZLPLTFU,Isuzu,NRR,2019,DEP-DOR,Doral Service Center,Doral,(305) 555-0162,M01,Maria Garcia,Level 1,58.00,4.0,Suspension noise,P-4440,Alternator,498.00,1,SUP-03,Atlantic Fleet Components,(954) 555-0258,P-7720,Fifth wheel grease,16.40,2,SUP-02,Gulf Coast Diesel Supply,(813) 555-0233,P-5501,Headlight assembly,133.00,2,SUP-01,Florida Truck Parts,(305) 555-0201,,,,,,,
WO-50982,2026-09-05,2026-09-06,TRK-221,15N7XGPGJ7JK2RKR2,Volvo,VNL 860,2020,DEP-MIA,Miami Main Shop,Miami,(305) 555-0140,M08,Ramon Ortiz,Level 3,89.00,1.0,Charging system failure,P-3321,Drive tire 11R22.5,389.00,2,SUP-04,Sunshine Tire & Brake,(561) 555-0277,P-7702,Shock absorber,118.00,1,SUP-01,Florida Truck Parts,(305) 555-0201,,,,,,,,,,,,,,
WO-50983,2026-09-05,2026-09-07,TRK-210,1EBP2CLPU2HHEXYDK,Peterbilt,579,2019,DEP-MIA,Miami Main Shop,Miami,(305) 555-0140,M16,Rosa Harris,Level 2,72.00,1.5,Charging system failure,P-5502,Marker lamp,14.60,1,SUP-01,Florida Truck Parts,(305) 555-0201,,,,,,,,,,,,,,,,,,,,,
WO-50984,2026-09-05,2026-09-05,TRK-204,10A004AD88U5NL8S9,Isuzu,NRR,2020,DEP-DOR,Doral Service Center,Doral,(305) 555-0162,M11,James Thomas,Master,110.00,1.0,Preventive maintenance service,P-7720,Fifth wheel grease,16.40,2,SUP-02,Gulf Coast Diesel Supply,(813) 555-0233,P-4410,Diesel exhaust fluid case,45.00,2,SUP-02,Gulf Coast Diesel Supply,(813) 555-0233,,,,,,,,,,,,,,
WO-50985,2026-09-06,2026-09-07,TRK-233,19FG3D3EV8XZ9EHE2,Hino,L6,2021,DEP-DOR,Doral Service Center,Doral,(305) 555-0162,M03,Carlos Garcia,Master,110.00,4.0,Engine warning light,P-4401,Engine oil filter,24.75,1,SUP-02,Gulf Coast Diesel Supply,(813) 555-0233,,,,,,,,,,,,,,,,,,,,,
WO-50986,2026-09-06,2026-09-07,TRK-220,1WP5D1ZS5KRYCNXV8,Kenworth,T680,2017,DEP-DOR,Doral Service Center,Doral,(305) 555-0162,M17,Linda Perez,Level 1,58.00,2.0,Charging system failure,P-4450,Starter motor,455.00,2,SUP-03,Atlantic Fleet Components,(954) 555-0258,,,,,,,,,,,,,,,,,,,,,
WO-50987,2026-09-06,2026-09-09,TRK-212,12AYLATERX8BJE9AX,Kenworth,T680,2017,DEP-FLL,Fort Lauderdale Yard,Fort Lauderdale,(954) 555-0118,M10,Linda Taylor,Level 3,89.00,3.0,DOT annual inspection,P-7710,Wheel seal kit,41.20,2,SUP-04,Sunshine Tire & Brake,(561) 555-0277,P-3310,Air brake chamber,68.25,4,SUP-01,Florida Truck Parts,(305) 555-0201,,,,,,,,,,,,,,
WO-50988,2026-09-06,2026-09-09,TRK-202,1HU5DGS3X7K5CAU9E,Peterbilt,579,2017,DEP-MIA,Miami Main Shop,Miami,(305) 555-0140,M10,Linda Taylor,Level 3,89.00,5.0,No start condition,P-3301,Brake pad set,89.50,4,SUP-04,Sunshine Tire & Brake,(561) 555-0277,,,,,,,,,,,,,,,,,,,,,
WO-50989,2026-09-07,2026-09-09,TRK-235,1378N31P8PYRP69D1,Peterbilt,579,2023,DEP-MIA,Miami Main Shop,Miami,(305) 555-0140,M10,Linda Taylor,Level 3,89.00,4.0,Brake inspection and replacement,P-4450,Starter motor,455.00,2,SUP-03,Atlantic Fleet Components,(954) 555-0258,P-3310,Air brake chamber,68.25,4,SUP-01,Florida Truck Parts,(305) 555-0201,P-4440,Alternator,498.00,2,SUP-03,Atlantic Fleet Components,(954) 555-0258,,,,,,,
WO-50990,2026-09-07,2026-09-09,TRK-226,1E897MZ2T117U81K7,Hino,L6,2023,DEP-DOR,Doral Service Center,Doral,(305) 555-0162,M11,James Thomas,Master,110.00,1.0,Charging system failure,P-3310,Air brake chamber,68.25,4,SUP-01,Florida Truck Parts,(305) 555-0201,,,,,,,,,,,,,,,,,,,,,
WO-50991,2026-09-07,2026-09-07,TRK-240,1586KZ9M394JSHAM9,Peterbilt,579,2024,DEP-TPA,Tampa Bay Shop,Tampa,(813) 555-0175,M01,Maria Garcia,Level 1,58.00,2.5,Tire wear on steer axle,P-7710,Wheel seal kit,41.20,2,SUP-04,Sunshine Tire & Brake,(561) 555-0277,,,,,,,,,,,,,,,,,,,,,
WO-50992,2026-09-07,2026-09-07,TRK-220,1WP5D1ZS5KRYCNXV8,Kenworth,T680,2017,DEP-TPA,Tampa Bay Shop,Tampa,(813) 555-0175,M02,Miguel Brown,Master,110.00,6.0,Preventive maintenance service,P-5502,Marker lamp,14.60,1,SUP-01,Florida Truck Parts,(305) 555-0201,P-5520,Wiper blade pair,29.90,2,SUP-01,Florida Truck Parts,(305) 555-0201,P-7702,Shock absorber,118.00,1,SUP-01,Florida Truck Parts,(305) 555-0201,P-5510,Battery group 31,189.00,4,SUP-03,Atlantic Fleet Components,(954) 555-0258
WO-50993,2026-09-08,2026-09-11,TRK-203,1S0WX3UDH042GEVDN,Peterbilt,579,2017,DEP-FLL,Fort Lauderdale Yard,Fort Lauderdale,(954) 555-0118,M06,Victor Torres,Level 3,89.00,1.5,Charging system failure,P-4401,Engine oil filter,24.75,4,SUP-02,Gulf Coast Diesel Supply,(813) 555-0233,P-4403,Air filter element,61.10,4,SUP-02,Gulf Coast Diesel Supply,(813) 555-0233,P-7720,Fifth wheel grease,16.40,1,SUP-02,Gulf Coast Diesel Supply,(813) 555-0233,P-6610,Coolant jug 1 gal,18.75,4,SUP-02,Gulf Coast Diesel Supply,(813) 555-0233
WO-50994,2026-09-08,2026-09-09,TRK-231,1XU7JZRYDHNX7KKPR,Kenworth,T680,2023,DEP-DOR,Doral Service Center,Doral,(305) 555-0162,M04,Rosa Jones,Level 1,58.00,3.0,Coolant leak,P-4410,Diesel exhaust fluid case,45.00,2,SUP-02,Gulf Coast Diesel Supply,(813) 555-0233,P-3321,Drive tire 11R22.5,389.00,2,SUP-04,Sunshine Tire & Brake,(561) 555-0277,,,,,,,,,,,,,,
WO-50995,2026-09-08,2026-09-10,TRK-216,1NWUMZ0PBSPDHG2PR,Volvo,VNL 860,2020,DEP-TPA,Tampa Bay Shop,Tampa,(813) 555-0175,M09,Tanya Davis,Level 1,58.00,2.0,Charging system failure,P-6601,AC compressor,640.00,4,SUP-03,Atlantic Fleet Components,(954) 555-0258,P-7710,Wheel seal kit,41.20,3,SUP-04,Sunshine Tire & Brake,(561) 555-0277,,,,,,,,,,,,,,
WO-50996,2026-09-08,2026-09-09,TRK-224,14921JV0JDZLPLTFU,Isuzu,NRR,2019,DEP-DOR,Doral Service Center,Doral,(305) 555-0162,M13,Ana Lopez,Level 2,72.00,5.0,Preventive maintenance service,P-4402,Fuel filter,38.40,2,SUP-02,Gulf Coast Diesel Supply,(813) 555-0233,P-7710,Wheel seal kit,41.20,3,SUP-04,Sunshine Tire & Brake,(561) 555-0277,P-7720,Fifth wheel grease,16.40,3,SUP-02,Gulf Coast Diesel Supply,(813) 555-0233,,,,,,,
WO-50997,2026-09-09,2026-09-11,TRK-229,15ZEB5J6BUAVTXJRN,Hino,L6,2021,DEP-FLL,Fort Lauderdale Yard,Fort Lauderdale,(954) 555-0118,M03,Carlos Garcia,Master,110.00,1.5,AC not cooling cab,P-7702,Shock absorber,118.00,2,SUP-01,Florida Truck Parts,(305) 555-0201,,,,,,,,,,,,,,,,,,,,,
WO-50998,2026-09-09,2026-09-10,TRK-219,1MD3B0C4AZ6JP3BP6,Isuzu,NRR,2023,DEP-DOR,Doral Service Center,Doral,(305) 555-0162,M04,Rosa Jones,Level 1,58.00,0.5,Wheel seal leak,P-3320,Steer tire 295/75R22.5,412.00,2,SUP-04,Sunshine Tire & Brake,(561) 555-0277,P-4402,Fuel filter,38.40,1,SUP-02,Gulf Coast Diesel Supply,(813) 555-0233,,,,,,,,,,,,,,
WO-50999,2026-09-09,2026-09-11,TRK-205,1J8GYCFM42DVLT3YE,Isuzu,NRR,2018,DEP-MIA,Miami Main Shop,Miami,(305) 555-0140,M01,Maria Garcia,Level 1,58.00,1.5,Brake inspection and replacement,P-4420,Serpentine belt,52.30,1,SUP-01,Florida Truck Parts,(305) 555-0201,P-4403,Air filter element,61.10,1,SUP-02,Gulf Coast Diesel Supply,(813) 555-0233,,,,,,,,,,,,,,
WO-51000,2026-09-09,2026-09-12,TRK-218,14LV5F5M9JYBJ439E,Freightliner,Cascadia,2019,DEP-DOR,Doral Service Center,Doral,(305) 555-0162,M04,Rosa Jones,Level 1,58.00,1.0,Engine warning light,P-3321,Drive tire 11R22.5,389.00,1,SUP-04,Sunshine Tire & Brake,(561) 555-0277,P-6602,Cabin air filter,22.50,3,SUP-01,Florida Truck Parts,(305) 555-0201,,,,,,,,,,,,,,
WO-51001,2026-09-10,2026-09-12,TRK-239,1BUYTB964LB6D4X19,Peterbilt,579,2019,DEP-DOR,Doral Service Center,Doral,(305) 555-0162,M07,Maria Johnson,Master,110.00,2.5,No start condition,P-5520,Wiper blade pair,29.90,3,SUP-01,Florida Truck Parts,(305) 555-0201,P-5510,Battery group 31,189.00,2,SUP-03,Atlantic Fleet Components,(954) 555-0258,P-4403,Air filter element,61.10,4,SUP-02,Gulf Coast Diesel Supply,(813) 555-0233,,,,,,,
WO-51002,2026-09-10,2026-09-11,TRK-236,1S7R5LH94J1YRYAXF,Peterbilt,579,2019,DEP-FLL,Fort Lauderdale Yard,Fort Lauderdale,(954) 555-0118,M16,Rosa Harris,Level 2,72.00,4.0,Engine warning light,P-3320,Steer tire 295/75R22.5,412.00,2,SUP-04,Sunshine Tire & Brake,(561) 555-0277,P-3302,Brake drum,214.00,1,SUP-04,Sunshine Tire & Brake,(561) 555-0277,P-4403,Air filter element,61.10,2,SUP-02,Gulf Coast Diesel Supply,(813) 555-0233,,,,,,,
WO-51003,2026-09-10,2026-09-12,TRK-211,17CV16P7R3NBW50AP,Volvo,VNL 860,2017,DEP-TPA,Tampa Bay Shop,Tampa,(813) 555-0175,M07,Maria Johnson,Master,110.00,2.5,Charging system failure,P-7720,Fifth wheel grease,16.40,4,SUP-02,Gulf Coast Diesel Supply,(813) 555-0233,P-6601,AC compressor,640.00,3,SUP-03,Atlantic Fleet Components,(954) 555-0258,,,,,,,,,,,,,,
WO-51004,2026-09-10,2026-09-10,TRK-207,1WZA1BNL3FJPV81NL,Volvo,VNL 860,2024,DEP-MIA,Miami Main Shop,Miami,(305) 555-0140,M13,Ana Lopez,Level 2,72.00,6.0,Brake inspection and replacement,P-4402,Fuel filter,38.40,4,SUP-02,Gulf Coast Diesel Supply,(813) 555-0233,P-7720,Fifth wheel grease,16.40,2,SUP-02,Gulf Coast Diesel Supply,(813) 555-0233,,,,,,,,,,,,,,
WO-51005,2026-09-11,2026-09-12,TRK-205,1J8GYCFM42DVLT3YE,Isuzu,NRR,2018,DEP-FLL,Fort Lauderdale Yard,Fort Lauderdale,(954) 555-0118,M07,Maria Johnson,Master,110.00,1.0,Electrical fault in lighting,P-3302,Brake drum,214.00,2,SUP-04,Sunshine Tire & Brake,(561) 555-0277,,,,,,,,,,,,,,,,,,,,,
WO-51006,2026-09-11,2026-09-12,TRK-239,1BUYTB964LB6D4X19,Peterbilt,579,2019,DEP-DOR,Doral Service Center,Doral,(305) 555-0162,M15,Diego Jackson,Master,110.00,6.0,Suspension noise,P-6601,AC compressor,640.00,1,SUP-03,Atlantic Fleet Components,(954) 555-0258,P-5501,Headlight assembly,133.00,4,SUP-01,Florida Truck Parts,(305) 555-0201,P-4402,Fuel filter,38.40,4,SUP-02,Gulf Coast Diesel Supply,(813) 555-0233,P-3302,Brake drum,214.00,2,SUP-04,Sunshine Tire & Brake,(561) 555-0277
WO-51007,2026-09-11,2026-09-12,TRK-238,15FSYL4JJ55L6SRE5,Isuzu,NRR,2016,DEP-TPA,Tampa Bay Shop,Tampa,(813) 555-0175,M02,Miguel Brown,Master,110.00,6.0,Wheel seal leak,P-4440,Alternator,498.00,3,SUP-03,Atlantic Fleet Components,(954) 555-0258,P-3301,Brake pad set,89.50,2,SUP-04,Sunshine Tire & Brake,(561) 555-0277,,,,,,,,,,,,,,
WO-51008,2026-09-11,2026-09-14,TRK-219,1MD3B0C4AZ6JP3BP6,Isuzu,NRR,2023,DEP-DOR,Doral Service Center,Doral,(305) 555-0162,M01,Maria Garcia,Level 1,58.00,5.0,Engine warning light,P-3321,Drive tire 11R22.5,389.00,2,SUP-04,Sunshine Tire & Brake,(561) 555-0277,P-4430,Water pump,276.00,3,SUP-03,Atlantic Fleet Components,(954) 555-0258,,,,,,,,,,,,,,
WO-51009,2026-09-12,2026-09-12,TRK-229,15ZEB5J6BUAVTXJRN,Hino,L6,2021,DEP-FLL,Fort Lauderdale Yard,Fort Lauderdale,(954) 555-0118,M09,Tanya Davis,Level 1,58.00,5.0,Wheel seal leak,P-3310,Air brake chamber,68.25,1,SUP-01,Florida Truck Parts,(305) 555-0201,P-7701,Leaf spring,305.00,4,SUP-01,Florida Truck Parts,(305) 555-0201,P-3321,Drive tire 11R22.5,389.00,1,SUP-04,Sunshine Tire & Brake,(561) 555-0277,P-6602,Cabin air filter,22.50,2,SUP-01,Florida Truck Parts,(305) 555-0201
WO-51010,2026-09-12,2026-09-14,TRK-215,1Y6T6NZMGNJPAXJFB,Peterbilt,579,2020,DEP-MIA,Miami Main Shop,Miami,(305) 555-0140,M09,Tanya Davis,Level 1,58.00,6.0,Electrical fault in lighting,P-3320,Steer tire 295/75R22.5,412.00,1,SUP-04,Sunshine Tire & Brake,(561) 555-0277,P-7710,Wheel seal kit,41.20,1,SUP-04,Sunshine Tire & Brake,(561) 555-0277,,,,,,,,,,,,,,
WO-51011,2026-09-12,2026-09-13,TRK-233,19FG3D3EV8XZ9EHE2,Hino,L6,2021,DEP-MIA,Miami Main Shop,Miami,(305) 555-0140,M17,Linda Perez,Level 1,58.00,1.5,AC not cooling cab,P-4430,Water pump,276.00,2,SUP-03,Atlantic Fleet Components,(954) 555-0258,P-4450,Starter motor,455.00,1,SUP-03,Atlantic Fleet Components,(954) 555-0258,,,,,,,,,,,,,,
WO-51012,2026-09-12,2026-09-13,TRK-230,15ZJWGNLH0DT85FY6,International,LT,2017,DEP-TPA,Tampa Bay Shop,Tampa,(813) 555-0175,M13,Ana Lopez,Level 2,72.00,4.0,Engine warning light,P-4440,Alternator,498.00,1,SUP-03,Atlantic Fleet Components,(954) 555-0258,,,,,,,,,,,,,,,,,,,,,
WO-51013,2026-09-13,2026-09-15,TRK-221,15N7XGPGJ7JK2RKR2,Volvo,VNL 860,2020,DEP-MIA,Miami Main Shop,Miami,(305) 555-0140,M06,Victor Torres,Level 3,89.00,3.0,Wheel seal leak,P-6602,Cabin air filter,22.50,4,SUP-01,Florida Truck Parts,(305) 555-0201,P-3302,Brake drum,214.00,4,SUP-04,Sunshine Tire & Brake,(561) 555-0277,,,,,,,,,,,,,,
WO-51014,2026-09-13,2026-09-13,TRK-233,19FG3D3EV8XZ9EHE2,Hino,L6,2021,DEP-TPA,Tampa Bay Shop,Tampa,(813) 555-0175,M14,Ana Johnson,Level 1,58.00,2.5,Tire wear on steer axle,P-4420,Serpentine belt,52.30,1,SUP-01,Florida Truck Parts,(305) 555-0201,P-7720,Fifth wheel grease,16.40,2,SUP-02,Gulf Coast Diesel Supply,(813) 555-0233,,,,,,,,,,,,,,
WO-51015,2026-09-13,2026-09-13,TRK-207,1WZA1BNL3FJPV81NL,Volvo,VNL 860,2024,DEP-MIA,Miami Main Shop,Miami,(305) 555-0140,M10,Linda Taylor,Level 3,89.00,4.0,Tire wear on steer axle,P-6602,Cabin air filter,22.50,3,SUP-01,Florida Truck Parts,(305) 555-0201,P-3302,Brake drum,214.00,3,SUP-04,Sunshine Tire & Brake,(561) 555-0277,,,,,,,,,,,,,,
WO-51016,2026-09-13,2026-09-14,TRK-238,15FSYL4JJ55L6SRE5,Isuzu,NRR,2016,DEP-MIA,Miami Main Shop,Miami,(305) 555-0140,M05,Elena Lopez,Level 1,58.00,6.0,Coolant leak,P-3301,Brake pad set,89.50,3,SUP-04,Sunshine Tire & Brake,(561) 555-0277,,,,,,,,,,,,,,,,,,,,,
WO-51017,2026-09-14,2026-09-14,TRK-207,1WZA1BNL3FJPV81NL,Volvo,VNL 860,2024,DEP-TPA,Tampa Bay Shop,Tampa,(813) 555-0175,M15,Diego Jackson,Master,110.00,5.0,Brake inspection and replacement,P-6601,AC compressor,640.00,2,SUP-03,Atlantic Fleet Components,(954) 555-0258,,,,,,,,,,,,,,,,,,,,,
WO-51018,2026-09-14,2026-09-17,TRK-225,1PGNK2CJ87WB7FKEG,Hino,L6,2020,DEP-TPA,Tampa Bay Shop,Tampa,(813) 555-0175,M13,Ana Lopez,Level 2,72.00,2.0,Brake inspection and replacement,P-6601,AC compressor,640.00,2,SUP-03,Atlantic Fleet Components,(954) 555-0258,P-4420,Serpentine belt,52.30,3,SUP-01,Florida Truck Parts,(305) 555-0201,,,,,,,,,,,,,,
WO-51019,2026-09-14,2026-09-15,TRK-236,1S7R5LH94J1YRYAXF,Peterbilt,579,2019,DEP-DOR,Doral Service Center,Doral,(305) 555-0162,M09,Tanya Davis,Level 1,58.00,4.0,DOT annual inspection,P-5501,Headlight assembly,133.00,4,SUP-01,Florida Truck Parts,(305) 555-0201,,,,,,,,,,,,,,,,,,,,,
WO-51020,2026-09-14,2026-09-14,TRK-202,1HU5DGS3X7K5CAU9E,Peterbilt,579,2017,DEP-FLL,Fort Lauderdale Yard,Fort Lauderdale,(954) 555-0118,M12,Tanya Harris,Level 2,72.00,5.0,Suspension noise,P-6601,AC compressor,640.00,3,SUP-03,Atlantic Fleet Components,(954) 555-0258,P-7710,Wheel seal kit,41.20,4,SUP-04,Sunshine Tire & Brake,(561) 555-0277,,,,,,,,,,,,,,
WO-51021,2026-09-15,2026-09-16,TRK-237,1G1FW0N0YUFEWGXHD,Freightliner,Cascadia,2020,DEP-DOR,Doral Service Center,Doral,(305) 555-0162,M17,Linda Perez,Level 1,58.00,5.0,Engine warning light,P-4430,Water pump,276.00,1,SUP-03,Atlantic Fleet Components,(954) 555-0258,,,,,,,,,,,,,,,,,,,,,
WO-51022,2026-09-15,2026-09-16,TRK-202,1HU5DGS3X7K5CAU9E,Peterbilt,579,2017,DEP-MIA,Miami Main Shop,Miami,(305) 555-0140,M11,James Thomas,Master,110.00,6.0,DOT annual inspection,P-7720,Fifth wheel grease,16.40,3,SUP-02,Gulf Coast Diesel Supply,(813) 555-0233,P-7701,Leaf spring,305.00,1,SUP-01,Florida Truck Parts,(305) 555-0201,P-5501,Headlight assembly,133.00,2,SUP-01,Florida Truck Parts,(305) 555-0201,P-5520,Wiper blade pair,29.90,3,SUP-01,Florida Truck Parts,(305) 555-0201
WO-51023,2026-09-15,2026-09-15,TRK-215,1Y6T6NZMGNJPAXJFB,Peterbilt,579,2020,DEP-TPA,Tampa Bay Shop,Tampa,(813) 555-0175,M15,Diego Jackson,Master,110.00,4.0,Brake inspection and replacement,P-6602,Cabin air filter,22.50,2,SUP-01,Florida Truck Parts,(305) 555-0201,,,,,,,,,,,,,,,,,,,,,
WO-51024,2026-09-15,2026-09-15,TRK-216,1NWUMZ0PBSPDHG2PR,Volvo,VNL 860,2020,DEP-FLL,Fort Lauderdale Yard,Fort Lauderdale,(954) 555-0118,M12,Tanya Harris,Level 2,72.00,0.5,AC not cooling cab,P-5510,Battery group 31,189.00,1,SUP-03,Atlantic Fleet Components,(954) 555-0258,,,,,,,,,,,,,,,,,,,,,
WO-51025,2026-09-16,2026-09-17,TRK-231,1XU7JZRYDHNX7KKPR,Kenworth,T680,2023,DEP-MIA,Miami Main Shop,Miami,(305) 555-0140,M10,Linda Taylor,Level 3,89.00,3.0,AC not cooling cab,P-4401,Engine oil filter,24.75,1,SUP-02,Gulf Coast Diesel Supply,(813) 555-0233,P-4430,Water pump,276.00,4,SUP-03,Atlantic Fleet Components,(954) 555-0258,P-3310,Air brake chamber,68.25,3,SUP-01,Florida Truck Parts,(305) 555-0201,P-5501,Headlight assembly,133.00,3,SUP-01,Florida Truck Parts,(305) 555-0201
WO-51026,2026-09-16,2026-09-17,TRK-240,1586KZ9M394JSHAM9,Peterbilt,579,2024,DEP-FLL,Fort Lauderdale Yard,Fort Lauderdale,(954) 555-0118,M13,Ana Lopez,Level 2,72.00,2.5,Tire wear on steer axle,P-5520,Wiper blade pair,29.90,3,SUP-01,Florida Truck Parts,(305) 555-0201,,,,,,,,,,,,,,,,,,,,,
WO-51027,2026-09-16,2026-09-16,TRK-231,1XU7JZRYDHNX7KKPR,Kenworth,T680,2023,DEP-MIA,Miami Main Shop,Miami,(305) 555-0140,M14,Ana Johnson,Level 1,58.00,4.0,Coolant leak,P-3320,Steer tire 295/75R22.5,412.00,3,SUP-04,Sunshine Tire & Brake,(561) 555-0277,,,,,,,,,,,,,,,,,,,,,
WO-51028,2026-09-16,2026-09-17,TRK-234,15HWKGYAV6MP428T6,Peterbilt,579,2025,DEP-MIA,Miami Main Shop,Miami,(305) 555-0140,M05,Elena Lopez,Level 1,58.00,1.5,Electrical fault in lighting,P-3301,Brake pad set,89.50,1,SUP-04,Sunshine Tire & Brake,(561) 555-0277,P-6601,AC compressor,640.00,1,SUP-03,Atlantic Fleet Components,(954) 555-0258,,,,,,,,,,,,,,
WO-51029,2026-09-17,2026-09-17,TRK-202,1HU5DGS3X7K5CAU9E,Peterbilt,579,2017,DEP-DOR,Doral Service Center,Doral,(305) 555-0162,M02,Miguel Brown,Master,110.00,2.0,Engine warning light,P-4403,Air filter element,61.10,3,SUP-02,Gulf Coast Diesel Supply,(813) 555-0233,P-7702,Shock absorber,118.00,1,SUP-01,Florida Truck Parts,(305) 555-0201,P-4402,Fuel filter,38.40,1,SUP-02,Gulf Coast Diesel Supply,(813) 555-0233,P-4440,Alternator,498.00,4,SUP-03,Atlantic Fleet Components,(954) 555-0258
WO-51030,2026-09-17,2026-09-18,TRK-233,19FG3D3EV8XZ9EHE2,Hino,L6,2021,DEP-TPA,Tampa Bay Shop,Tampa,(813) 555-0175,M17,Linda Perez,Level 1,58.00,0.5,Tire wear on steer axle,P-4403,Air filter element,61.10,2,SUP-02,Gulf Coast Diesel Supply,(813) 555-0233,,,,,,,,,,,,,,,,,,,,,
WO-51031,2026-09-17,2026-09-17,TRK-211,17CV16P7R3NBW50AP,Volvo,VNL 860,2017,DEP-TPA,Tampa Bay Shop,Tampa,(813) 555-0175,M12,Tanya Harris,Level 2,72.00,1.0,Engine warning light,P-3301,Brake pad set,89.50,4,SUP-04,Sunshine Tire & Brake,(561) 555-0277,,,,,,,,,,,,,,,,,,,,,
WO-51032,2026-09-17,2026-09-18,TRK-208,1L62J8AD6K6MK75MU,Hino,L6,2022,DEP-FLL,Fort Lauderdale Yard,Fort Lauderdale,(954) 555-0118,M11,James Thomas,Master,110.00,6.0,Brake inspection and replacement,P-4430,Water pump,276.00,4,SUP-03,Atlantic Fleet Components,(954) 555-0258,P-4420,Serpentine belt,52.30,1,SUP-01,Florida Truck Parts,(305) 555-0201,P-7710,Wheel seal kit,41.20,1,SUP-04,Sunshine Tire & Brake,(561) 555-0277,,,,,,,
WO-51033,2026-09-18,2026-09-20,TRK-217,1UG7U1UBYAH5Z3PE6,Peterbilt,579,2017,DEP-FLL,Fort Lauderdale Yard,Fort Lauderdale,(954) 555-0118,M09,Tanya Davis,Level 1,58.00,1.5,Preventive maintenance service,P-3302,Brake drum,214.00,3,SUP-04,Sunshine Tire & Brake,(561) 555-0277,P-5501,Headlight assembly,133.00,1,SUP-01,Florida Truck Parts,(305) 555-0201,,,,,,,,,,,,,,
WO-51034,2026-09-18,2026-09-18,TRK-221,15N7XGPGJ7JK2RKR2,Volvo,VNL 860,2020,DEP-MIA,Miami Main Shop,Miami,(305) 555-0140,M12,Tanya Harris,Level 2,72.00,3.0,DOT annual inspection,P-5501,Headlight assembly,133.00,2,SUP-01,Florida Truck Parts,(305) 555-0201,P-3301,Brake pad set,89.50,3,SUP-04,Sunshine Tire & Brake,(561) 555-0277,,,,,,,,,,,,,,
WO-51035,2026-09-18,2026-09-18,TRK-216,1NWUMZ0PBSPDHG2PR,Volvo,VNL 860,2020,DEP-TPA,Tampa Bay Shop,Tampa,(813) 555-0175,M18,Jose Brown,Master,110.00,5.0,AC not cooling cab,P-4430,Water pump,276.00,2,SUP-03,Atlantic Fleet Components,(954) 555-0258,P-3302,Brake drum,214.00,4,SUP-04,Sunshine Tire & Brake,(561) 555-0277,P-4402,Fuel filter,38.40,2,SUP-02,Gulf Coast Diesel Supply,(813) 555-0233,,,,,,,
WO-51036,2026-09-18,2026-09-19,TRK-207,1WZA1BNL3FJPV81NL,Volvo,VNL 860,2024,DEP-DOR,Doral Service Center,Doral,(305) 555-0162,M14,Ana Johnson,Level 1,58.00,2.0,Charging system failure,P-5501,Headlight assembly,133.00,3,SUP-01,Florida Truck Parts,(305) 555-0201,,,,,,,,,,,,,,,,,,,,,
WO-51037,2026-09-19,2026-09-20,TRK-237,1G1FW0N0YUFEWGXHD,Freightliner,Cascadia,2020,DEP-MIA,Miami Main Shop,Miami,(305) 555-0140,M12,Tanya Harris,Level 2,72.00,0.5,Electrical fault in lighting,P-4410,Diesel exhaust fluid case,45.00,2,SUP-02,Gulf Coast Diesel Supply,(813) 555-0233,P-5520,Wiper blade pair,29.90,3,SUP-01,Florida Truck Parts,(305) 555-0201,,,,,,,,,,,,,,
WO-51038,2026-09-19,2026-09-20,TRK-233,19FG3D3EV8XZ9EHE2,Hino,L6,2021,DEP-MIA,Miami Main Shop,Miami,(305) 555-0140,M06,Victor Torres,Level 3,89.00,6.0,No start condition,P-7701,Leaf spring,305.00,1,SUP-01,Florida Truck Parts,(305) 555-0201,,,,,,,,,,,,,,,,,,,,,
WO-51039,2026-09-19,2026-09-19,TRK-230,15ZJWGNLH0DT85FY6,International,LT,2017,DEP-DOR,Doral Service Center,Doral,(305) 555-0162,M13,Ana Lopez,Level 2,72.00,3.0,Preventive maintenance service,P-7702,Shock absorber,118.00,3,SUP-01,Florida Truck Parts,(305) 555-0201,P-7701,Leaf spring,305.00,1,SUP-01,Florida Truck Parts,(305) 555-0201,,,,,,,,,,,,,,
WO-51040,2026-09-19,2026-09-19,TRK-208,1L62J8AD6K6MK75MU,Hino,L6,2022,DEP-DOR,Doral Service Center,Doral,(305) 555-0162,M07,Maria Johnson,Master,110.00,2.5,Charging system failure,P-4440,Alternator,498.00,4,SUP-03,Atlantic Fleet Components,(954) 555-0258,,,,,,,,,,,,,,,,,,,,,
WO-51041,2026-09-20,2026-09-21,TRK-213,1S6387WV5GDJDGTHG,Peterbilt,579,2025,DEP-MIA,Miami Main Shop,Miami,(305) 555-0140,M16,Rosa Harris,Level 2,72.00,3.0,Suspension noise,P-5501,Headlight assembly,133.00,2,SUP-01,Florida Truck Parts,(305) 555-0201,P-5502,Marker lamp,14.60,4,SUP-01,Florida Truck Parts,(305) 555-0201,P-4403,Air filter element,61.10,2,SUP-02,Gulf Coast Diesel Supply,(813) 555-0233,,,,,,,
WO-51042,2026-09-20,2026-09-22,TRK-219,1MD3B0C4AZ6JP3BP6,Isuzu,NRR,2023,DEP-DOR,Doral Service Center,Doral,(305) 555-0162,M07,Maria Johnson,Master,110.00,5.0,Tire wear on steer axle,P-4410,Diesel exhaust fluid case,45.00,2,SUP-02,Gulf Coast Diesel Supply,(813) 555-0233,P-5502,Marker lamp,14.60,2,SUP-01,Florida Truck Parts,(305) 555-0201,,,,,,,,,,,,,,
WO-51043,2026-09-20,2026-09-21,TRK-228,1NB927BKE9TM7A66E,Hino,L6,2024,DEP-TPA,Tampa Bay Shop,Tampa,(813) 555-0175,M07,Maria Johnson,Master,110.00,2.5,Engine warning light,P-4402,Fuel filter,38.40,4,SUP-02,Gulf Coast Diesel Supply,(813) 555-0233,P-5510,Battery group 31,189.00,4,SUP-03,Atlantic Fleet Components,(954) 555-0258,P-5501,Headlight assembly,133.00,3,SUP-01,Florida Truck Parts,(305) 555-0201,P-4430,Water pump,276.00,3,SUP-03,Atlantic Fleet Components,(954) 555-0258
WO-51044,2026-09-20,2026-09-22,TRK-220,1WP5D1ZS5KRYCNXV8,Kenworth,T680,2017,DEP-TPA,Tampa Bay Shop,Tampa,(813) 555-0175,M18,Jose Brown,Master,110.00,2.0,Brake inspection and replacement,P-5501,Headlight assembly,133.00,2,SUP-01,Florida Truck Parts,(305) 555-0201,,,,,,,,,,,,,,,,,,,,,
WO-51045,2026-09-21,2026-09-23,TRK-232,1GF7C9ZMVR2JDUCNT,Volvo,VNL 860,2025,DEP-FLL,Fort Lauderdale Yard,Fort Lauderdale,(954) 555-0118,M09,Tanya Davis,Level 1,58.00,0.5,Tire wear on steer axle,P-6601,AC compressor,640.00,4,SUP-03,Atlantic Fleet Components,(954) 555-0258,,,,,,,,,,,,,,,,,,,,,
WO-51046,2026-09-21,2026-09-24,TRK-235,1378N31P8PYRP69D1,Peterbilt,579,2023,DEP-TPA,Tampa Bay Shop,Tampa,(813) 555-0175,M18,Jose Brown,Master,110.00,1.0,Tire wear on steer axle,P-3310,Air brake chamber,68.25,2,SUP-01,Florida Truck Parts,(305) 555-0201,P-6601,AC compressor,640.00,4,SUP-03,Atlantic Fleet Components,(954) 555-0258,P-7702,Shock absorber,118.00,2,SUP-01,Florida Truck Parts,(305) 555-0201,P-3320,Steer tire 295/75R22.5,412.00,1,SUP-04,Sunshine Tire & Brake,(561) 555-0277
WO-51047,2026-09-21,2026-09-24,TRK-212,12AYLATERX8BJE9AX,Kenworth,T680,2017,DEP-FLL,Fort Lauderdale Yard,Fort Lauderdale,(954) 555-0118,M05,Elena Lopez,Level 1,58.00,2.0,Wheel seal leak,P-7710,Wheel seal kit,41.20,3,SUP-04,Sunshine Tire & Brake,(561) 555-0277,,,,,,,,,,,,,,,,,,,,,
WO-51048,2026-09-21,2026-09-24,TRK-225,1PGNK2CJ87WB7FKEG,Hino,L6,2020,DEP-MIA,Miami Main Shop,Miami,(305) 555-0140,M08,Ramon Ortiz,Level 3,89.00,2.5,Coolant leak,P-6601,AC compressor,640.00,2,SUP-03,Atlantic Fleet Components,(954) 555-0258,P-7702,Shock absorber,118.00,3,SUP-01,Florida Truck Parts,(305) 555-0201,,,,,,,,,,,,,,
WO-51049,2026-09-22,2026-09-22,TRK-215,1Y6T6NZMGNJPAXJFB,Peterbilt,579,2020,DEP-MIA,Miami Main Shop,Miami,(305) 555-0140,M16,Rosa Harris,Level 2,72.00,1.5,Electrical fault in lighting,P-4403,Air filter element,61.10,1,SUP-02,Gulf Coast Diesel Supply,(813) 555-0233,P-3320,Steer tire 295/75R22.5,412.00,4,SUP-04,Sunshine Tire & Brake,(561) 555-0277,P-4450,Starter motor,455.00,1,SUP-03,Atlantic Fleet Components,(954) 555-0258,,,,,,,
WO-51050,2026-09-22,2026-09-22,TRK-231,1XU7JZRYDHNX7KKPR,Kenworth,T680,2023,DEP-TPA,Tampa Bay Shop,Tampa,(813) 555-0175,M02,Miguel Brown,Master,110.00,2.0,No start condition,P-7701,Leaf spring,305.00,1,SUP-01,Florida Truck Parts,(305) 555-0201,P-7720,Fifth wheel grease,16.40,4,SUP-02,Gulf Coast Diesel Supply,(813) 555-0233,,,,,,,,,,,,,,
WO-51051,2026-09-22,2026-09-22,TRK-214,1UT62YZ6MKFU8VG3S,Volvo,VNL 860,2016,DEP-FLL,Fort Lauderdale Yard,Fort Lauderdale,(954) 555-0118,M15,Diego Jackson,Master,110.00,5.0,Suspension noise,P-6610,Coolant jug 1 gal,18.75,2,SUP-02,Gulf Coast Diesel Supply,(813) 555-0233,P-7710,Wheel seal kit,41.20,1,SUP-04,Sunshine Tire & Brake,(561) 555-0277,,,,,,,,,,,,,,
WO-51052,2026-09-22,2026-09-22,TRK-205,1J8GYCFM42DVLT3YE,Isuzu,NRR,2018,DEP-MIA,Miami Main Shop,Miami,(305) 555-0140,M15,Diego Jackson,Master,110.00,1.0,DOT annual inspection,P-3310,Air brake chamber,68.25,1,SUP-01,Florida Truck Parts,(305) 555-0201,P-4410,Diesel exhaust fluid case,45.00,1,SUP-02,Gulf Coast Diesel Supply,(813) 555-0233,P-5502,Marker lamp,14.60,1,SUP-01,Florida Truck Parts,(305) 555-0201,,,,,,,
WO-51053,2026-09-23,2026-09-23,TRK-223,1JEWDNVPETU38DA0W,Volvo,VNL 860,2022,DEP-FLL,Fort Lauderdale Yard,Fort Lauderdale,(954) 555-0118,M14,Ana Johnson,Level 1,58.00,1.5,Preventive maintenance service,P-7710,Wheel seal kit,41.20,1,SUP-04,Sunshine Tire & Brake,(561) 555-0277,,,,,,,,,,,,,,,,,,,,,
WO-51054,2026-09-23,2026-09-24,TRK-227,1NZS2C3KZET3YNV4Z,Isuzu,NRR,2017,DEP-MIA,Miami Main Shop,Miami,(305) 555-0140,M15,Diego Jackson,Master,110.00,4.0,Suspension noise,P-5501,Headlight assembly,133.00,4,SUP-01,Florida Truck Parts,(305) 555-0201,,,,,,,,,,,,,,,,,,,,,
WO-51055,2026-09-23,2026-09-25,TRK-213,1S6387WV5GDJDGTHG,Peterbilt,579,2025,DEP-FLL,Fort Lauderdale Yard,Fort Lauderdale,(954) 555-0118,M13,Ana Lopez,Level 2,72.00,6.0,Brake inspection and replacement,P-5501,Headlight assembly,133.00,2,SUP-01,Florida Truck Parts,(305) 555-0201,P-3310,Air brake chamber,68.25,3,SUP-01,Florida Truck Parts,(305) 555-0201,P-4410,Diesel exhaust fluid case,45.00,1,SUP-02,Gulf Coast Diesel Supply,(813) 555-0233,,,,,,,
WO-51056,2026-09-23,2026-09-26,TRK-204,10A004AD88U5NL8S9,Isuzu,NRR,2020,DEP-TPA,Tampa Bay Shop,Tampa,(813) 555-0175,M01,Maria Garcia,Level 1,58.00,5.0,Suspension noise,P-3302,Brake drum,214.00,4,SUP-04,Sunshine Tire & Brake,(561) 555-0277,,,,,,,,,,,,,,,,,,,,,
WO-51057,2026-09-24,2026-09-26,TRK-233,19FG3D3EV8XZ9EHE2,Hino,L6,2021,DEP-TPA,Tampa Bay Shop,Tampa,(813) 555-0175,M12,Tanya Harris,Level 2,72.00,0.5,Coolant leak,P-3310,Air brake chamber,68.25,2,SUP-01,Florida Truck Parts,(305) 555-0201,,,,,,,,,,,,,,,,,,,,,
WO-51058,2026-09-24,2026-09-25,TRK-215,1Y6T6NZMGNJPAXJFB,Peterbilt,579,2020,DEP-DOR,Doral Service Center,Doral,(305) 555-0162,M01,Maria Garcia,Level 1,58.00,0.5,AC not cooling cab,P-7701,Leaf spring,305.00,3,SUP-01,Florida Truck Parts,(305) 555-0201,,,,,,,,,,,,,,,,,,,,,
WO-51059,2026-09-24,2026-09-24,TRK-217,1UG7U1UBYAH5Z3PE6,Peterbilt,579,2017,DEP-FLL,Fort Lauderdale Yard,Fort Lauderdale,(954) 555-0118,M04,Rosa Jones,Level 1,58.00,3.0,DOT annual inspection,P-6602,Cabin air filter,22.50,4,SUP-01,Florida Truck Parts,(305) 555-0201,P-4450,Starter motor,455.00,2,SUP-03,Atlantic Fleet Components,(954) 555-0258,P-4401,Engine oil filter,24.75,3,SUP-02,Gulf Coast Diesel Supply,(813) 555-0233,,,,,,,
WO-51060,2026-09-24,2026-09-27,TRK-203,1S0WX3UDH042GEVDN,Peterbilt,579,2017,DEP-TPA,Tampa Bay Shop,Tampa,(813) 555-0175,M16,Rosa Harris,Level 2,72.00,0.5,Preventive maintenance service,P-4401,Engine oil filter,24.75,2,SUP-02,Gulf Coast Diesel Supply,(813) 555-0233,P-7701,Leaf spring,305.00,3,SUP-01,Florida Truck Parts,(305) 555-0201,,,,,,,,,,,,,,
WO-51061,2026-09-25,2026-09-28,TRK-223,1JEWDNVPETU38DA0W,Volvo,VNL 860,2022,DEP-DOR,Doral Service Center,Doral,(305) 555-0162,M13,Ana Lopez,Level 2,72.00,1.5,Wheel seal leak,P-3321,Drive tire 11R22.5,389.00,3,SUP-04,Sunshine Tire & Brake,(561) 555-0277,P-3310,Air brake chamber,68.25,2,SUP-01,Florida Truck Parts,(305) 555-0201,P-5502,Marker lamp,14.60,3,SUP-01,Florida Truck Parts,(305) 555-0201,,,,,,,
WO-51062,2026-09-25,2026-09-25,TRK-213,1S6387WV5GDJDGTHG,Peterbilt,579,2025,DEP-MIA,Miami Main Shop,Miami,(305) 555-0140,M12,Tanya Harris,Level 2,72.00,1.0,Wheel seal leak,P-4420,Serpentine belt,52.30,1,SUP-01,Florida Truck Parts,(305) 555-0201,P-3321,Drive tire 11R22.5,389.00,3,SUP-04,Sunshine Tire & Brake,(561) 555-0277,,,,,,,,,,,,,,
WO-51063,2026-09-25,2026-09-26,TRK-206,1V002CEMJCG8S6KXY,Kenworth,T680,2023,DEP-MIA,Miami Main Shop,Miami,(305) 555-0140,M01,Maria Garcia,Level 1,58.00,1.0,No start condition,P-4440,Alternator,498.00,3,SUP-03,Atlantic Fleet Components,(954) 555-0258,P-7702,Shock absorber,118.00,2,SUP-01,Florida Truck Parts,(305) 555-0201,,,,,,,,,,,,,,
WO-51064,2026-09-25,2026-09-25,TRK-237,1G1FW0N0YUFEWGXHD,Freightliner,Cascadia,2020,DEP-DOR,Doral Service Center,Doral,(305) 555-0162,M07,Maria Johnson,Master,110.00,6.0,Charging system failure,P-7701,Leaf spring,305.00,1,SUP-01,Florida Truck Parts,(305) 555-0201,P-6601,AC compressor,640.00,1,SUP-03,Atlantic Fleet Components,(954) 555-0258,,,,,,,,,,,,,,
WO-51065,2026-09-26,2026-09-26,TRK-226,1E897MZ2T117U81K7,Hino,L6,2023,DEP-TPA,Tampa Bay Shop,Tampa,(813) 555-0175,M11,James Thomas,Master,110.00,3.0,Coolant leak,P-7720,Fifth wheel grease,16.40,1,SUP-02,Gulf Coast Diesel Supply,(813) 555-0233,P-3310,Air brake chamber,68.25,1,SUP-01,Florida Truck Parts,(305) 555-0201,P-4430,Water pump,276.00,2,SUP-03,Atlantic Fleet Components,(954) 555-0258,,,,,,,
WO-51066,2026-09-26,2026-09-26,TRK-209,1H1B67LZHRYY5BLAZ,Peterbilt,579,2020,DEP-MIA,Miami Main Shop,Miami,(305) 555-0140,M02,Miguel Brown,Master,110.00,5.0,Wheel seal leak,P-4430,Water pump,276.00,2,SUP-03,Atlantic Fleet Components,(954) 555-0258,,,,,,,,,,,,,,,,,,,,,
WO-51067,2026-09-26,2026-09-29,TRK-233,19FG3D3EV8XZ9EHE2,Hino,L6,2021,DEP-FLL,Fort Lauderdale Yard,Fort Lauderdale,(954) 555-0118,M02,Miguel Brown,Master,110.00,2.0,No start condition,P-7710,Wheel seal kit,41.20,1,SUP-04,Sunshine Tire & Brake,(561) 555-0277,P-3302,Brake drum,214.00,4,SUP-04,Sunshine Tire & Brake,(561) 555-0277,P-4410,Diesel exhaust fluid case,45.00,4,SUP-02,Gulf Coast Diesel Supply,(813) 555-0233,,,,,,,
WO-51068,2026-09-26,2026-09-27,TRK-204,10A004AD88U5NL8S9,Isuzu,NRR,2020,DEP-TPA,Tampa Bay Shop,Tampa,(813) 555-0175,M05,Elena Lopez,Level 1,58.00,5.0,Coolant leak,P-3301,Brake pad set,89.50,2,SUP-04,Sunshine Tire & Brake,(561) 555-0277,,,,,,,,,,,,,,,,,,,,,
WO-51069,2026-09-27,2026-09-28,TRK-230,15ZJWGNLH0DT85FY6,International,LT,2017,DEP-DOR,Doral Service Center,Doral,(305) 555-0162,M15,Diego Jackson,Master,110.00,3.0,Charging system failure,P-3301,Brake pad set,89.50,2,SUP-04,Sunshine Tire & Brake,(561) 555-0277,P-4402,Fuel filter,38.40,3,SUP-02,Gulf Coast Diesel Supply,(813) 555-0233,P-7710,Wheel seal kit,41.20,1,SUP-04,Sunshine Tire & Brake,(561) 555-0277,P-4401,Engine oil filter,24.75,4,SUP-02,Gulf Coast Diesel Supply,(813) 555-0233
WO-51070,2026-09-27,2026-09-27,TRK-217,1UG7U1UBYAH5Z3PE6,Peterbilt,579,2017,DEP-MIA,Miami Main Shop,Miami,(305) 555-0140,M15,Diego Jackson,Master,110.00,6.0,No start condition,P-6610,Coolant jug 1 gal,18.75,3,SUP-02,Gulf Coast Diesel Supply,(813) 555-0233,,,,,,,,,,,,,,,,,,,,,
WO-51071,2026-09-27,2026-09-27,TRK-211,17CV16P7R3NBW50AP,Volvo,VNL 860,2017,DEP-TPA,Tampa Bay Shop,Tampa,(813) 555-0175,M18,Jose Brown,Master,110.00,1.0,Preventive maintenance service,P-4403,Air filter element,61.10,3,SUP-02,Gulf Coast Diesel Supply,(813) 555-0233,,,,,,,,,,,,,,,,,,,,,
WO-51072,2026-09-27,2026-09-29,TRK-216,1NWUMZ0PBSPDHG2PR,Volvo,VNL 860,2020,DEP-MIA,Miami Main Shop,Miami,(305) 555-0140,M12,Tanya Harris,Level 2,72.00,3.0,Tire wear on steer axle,P-3310,Air brake chamber,68.25,3,SUP-01,Florida Truck Parts,(305) 555-0201,P-3320,Steer tire 295/75R22.5,412.00,2,SUP-04,Sunshine Tire & Brake,(561) 555-0277,,,,,,,,,,,,,,
WO-51073,2026-09-28,2026-09-29,TRK-234,15HWKGYAV6MP428T6,Peterbilt,579,2025,DEP-DOR,Doral Service Center,Doral,(305) 555-0162,M18,Jose Brown,Master,110.00,1.0,Brake inspection and replacement,P-3310,Air brake chamber,68.25,4,SUP-01,Florida Truck Parts,(305) 555-0201,P-7720,Fifth wheel grease,16.40,3,SUP-02,Gulf Coast Diesel Supply,(813) 555-0233,P-6610,Coolant jug 1 gal,18.75,2,SUP-02,Gulf Coast Diesel Supply,(813) 555-0233,,,,,,,
WO-51074,2026-09-28,2026-09-29,TRK-233,19FG3D3EV8XZ9EHE2,Hino,L6,2021,DEP-FLL,Fort Lauderdale Yard,Fort Lauderdale,(954) 555-0118,M05,Elena Lopez,Level 1,58.00,5.0,DOT annual inspection,P-4430,Water pump,276.00,1,SUP-03,Atlantic Fleet Components,(954) 555-0258,P-7710,Wheel seal kit,41.20,4,SUP-04,Sunshine Tire & Brake,(561) 555-0277,,,,,,,,,,,,,,
WO-51075,2026-09-28,2026-09-28,TRK-219,1MD3B0C4AZ6JP3BP6,Isuzu,NRR,2023,DEP-DOR,Doral Service Center,Doral,(305) 555-0162,M07,Maria Johnson,Master,110.00,4.0,Brake inspection and replacement,P-3320,Steer tire 295/75R22.5,412.00,4,SUP-04,Sunshine Tire & Brake,(561) 555-0277,P-4410,Diesel exhaust fluid case,45.00,1,SUP-02,Gulf Coast Diesel Supply,(813) 555-0233,P-5510,Battery group 31,189.00,1,SUP-03,Atlantic Fleet Components,(954) 555-0258,,,,,,,
WO-51076,2026-09-28,2026-09-28,TRK-234,15HWKGYAV6MP428T6,Peterbilt,579,2025,DEP-MIA,Miami Main Shop,Miami,(305) 555-0140,M16,Rosa Harris,Level 2,72.00,3.0,Tire wear on steer axle,P-4430,Water pump,276.00,3,SUP-03,Atlantic Fleet Components,(954) 555-0258,P-3320,Steer tire 295/75R22.5,412.00,3,SUP-04,Sunshine Tire & Brake,(561) 555-0277,,,,,,,,,,,,,,
WO-51077,2026-09-29,2026-10-01,TRK-237,1G1FW0N0YUFEWGXHD,Freightliner,Cascadia,2020,DEP-FLL,Fort Lauderdale Yard,Fort Lauderdale,(954) 555-0118,M09,Tanya Davis,Level 1,58.00,5.0,Charging system failure,P-4440,Alternator,498.00,1,SUP-03,Atlantic Fleet Components,(954) 555-0258,P-3320,Steer tire 295/75R22.5,412.00,1,SUP-04,Sunshine Tire & Brake,(561) 555-0277,P-4450,Starter motor,455.00,1,SUP-03,Atlantic Fleet Components,(954) 555-0258,P-5502,Marker lamp,14.60,4,SUP-01,Florida Truck Parts,(305) 555-0201
WO-51078,2026-09-29,2026-09-30,TRK-240,1586KZ9M394JSHAM9,Peterbilt,579,2024,DEP-FLL,Fort Lauderdale Yard,Fort Lauderdale,(954) 555-0118,M03,Carlos Garcia,Master,110.00,3.0,Charging system failure,P-7701,Leaf spring,305.00,1,SUP-01,Florida Truck Parts,(305) 555-0201,P-4403,Air filter element,61.10,2,SUP-02,Gulf Coast Diesel Supply,(813) 555-0233,,,,,,,,,,,,,,
WO-51079,2026-09-29,2026-10-01,TRK-204,10A004AD88U5NL8S9,Isuzu,NRR,2020,DEP-DOR,Doral Service Center,Doral,(305) 555-0162,M12,Tanya Harris,Level 2,72.00,2.5,Tire wear on steer axle,P-4420,Serpentine belt,52.30,3,SUP-01,Florida Truck Parts,(305) 555-0201,,,,,,,,,,,,,,,,,,,,,
WO-51080,2026-09-29,2026-09-29,TRK-214,1UT62YZ6MKFU8VG3S,Volvo,VNL 860,2016,DEP-FLL,Fort Lauderdale Yard,Fort Lauderdale,(954) 555-0118,M04,Rosa Jones,Level 1,58.00,2.0,Coolant leak,P-7702,Shock absorber,118.00,2,SUP-01,Florida Truck Parts,(305) 555-0201,P-6601,AC compressor,640.00,3,SUP-03,Atlantic Fleet Components,(954) 555-0258,P-5502,Marker lamp,14.60,2,SUP-01,Florida Truck Parts,(305) 555-0201,,,,,,,
WO-51081,2026-09-30,2026-10-01,TRK-204,10A004AD88U5NL8S9,Isuzu,NRR,2020,DEP-TPA,Tampa Bay Shop,Tampa,(813) 555-0175,M07,Maria Johnson,Master,110.00,3.0,Electrical fault in lighting,P-4440,Alternator,498.00,4,SUP-03,Atlantic Fleet Components,(954) 555-0258,P-3302,Brake drum,214.00,3,SUP-04,Sunshine Tire & Brake,(561) 555-0277,P-4410,Diesel exhaust fluid case,45.00,2,SUP-02,Gulf Coast Diesel Supply,(813) 555-0233,,,,,,,
WO-51082,2026-09-30,2026-10-03,TRK-214,1UT62YZ6MKFU8VG3S,Volvo,VNL 860,2016,DEP-DOR,Doral Service Center,Doral,(305) 555-0162,M08,Ramon Ortiz,Level 3,89.00,5.0,Suspension noise,P-4440,Alternator,498.00,1,SUP-03,Atlantic Fleet Components,(954) 555-0258,P-3310,Air brake chamber,68.25,2,SUP-01,Florida Truck Parts,(305) 555-0201,,,,,,,,,,,,,,
WO-51083,2026-09-30,2026-10-03,TRK-220,1WP5D1ZS5KRYCNXV8,Kenworth,T680,2017,DEP-FLL,Fort Lauderdale Yard,Fort Lauderdale,(954) 555-0118,M15,Diego Jackson,Master,110.00,2.5,DOT annual inspection,P-4410,Diesel exhaust fluid case,45.00,4,SUP-02,Gulf Coast Diesel Supply,(813) 555-0233,,,,,,,,,,,,,,,,,,,,,
WO-51084,2026-09-30,2026-10-01,TRK-227,1NZS2C3KZET3YNV4Z,Isuzu,NRR,2017,DEP-MIA,Miami Main Shop,Miami,(305) 555-0140,M18,Jose Brown,Master,110.00,1.5,Suspension noise,P-4402,Fuel filter,38.40,4,SUP-02,Gulf Coast Diesel Supply,(813) 555-0233,P-3301,Brake pad set,89.50,2,SUP-04,Sunshine Tire & Brake,(561) 555-0277,,,,,,,,,,,,,,
WO-51085,2026-10-01,2026-10-01,TRK-206,1V002CEMJCG8S6KXY,Kenworth,T680,2023,DEP-FLL,Fort Lauderdale Yard,Fort Lauderdale,(954) 555-0118,M12,Tanya Harris,Level 2,72.00,0.5,Electrical fault in lighting,P-5502,Marker lamp,14.60,2,SUP-01,Florida Truck Parts,(305) 555-0201,P-3310,Air brake chamber,68.25,4,SUP-01,Florida Truck Parts,(305) 555-0201,,,,,,,,,,,,,,
WO-51086,2026-10-01,2026-10-03,TRK-221,15N7XGPGJ7JK2RKR2,Volvo,VNL 860,2020,DEP-MIA,Miami Main Shop,Miami,(305) 555-0140,M11,James Thomas,Master,110.00,6.0,AC not cooling cab,P-3321,Drive tire 11R22.5,389.00,4,SUP-04,Sunshine Tire & Brake,(561) 555-0277,P-3320,Steer tire 295/75R22.5,412.00,1,SUP-04,Sunshine Tire & Brake,(561) 555-0277,,,,,,,,,,,,,,
WO-51087,2026-10-01,2026-10-04,TRK-240,1586KZ9M394JSHAM9,Peterbilt,579,2024,DEP-FLL,Fort Lauderdale Yard,Fort Lauderdale,(954) 555-0118,M11,James Thomas,Master,110.00,1.0,Electrical fault in lighting,P-4430,Water pump,276.00,3,SUP-03,Atlantic Fleet Components,(954) 555-0258,P-6610,Coolant jug 1 gal,18.75,1,SUP-02,Gulf Coast Diesel Supply,(813) 555-0233,,,,,,,,,,,,,,
WO-51088,2026-10-01,2026-10-04,TRK-227,1NZS2C3KZET3YNV4Z,Isuzu,NRR,2017,DEP-FLL,Fort Lauderdale Yard,Fort Lauderdale,(954) 555-0118,M12,Tanya Harris,Level 2,72.00,4.0,Wheel seal leak,P-4450,Starter motor,455.00,2,SUP-03,Atlantic Fleet Components,(954) 555-0258,,,,,,,,,,,,,,,,,,,,,
WO-51089,2026-10-02,2026-10-03,TRK-224,14921JV0JDZLPLTFU,Isuzu,NRR,2019,DEP-FLL,Fort Lauderdale Yard,Fort Lauderdale,(954) 555-0118,M09,Tanya Davis,Level 1,58.00,2.5,Brake inspection and replacement,P-4430,Water pump,276.00,2,SUP-03,Atlantic Fleet Components,(954) 555-0258,P-6601,AC compressor,640.00,2,SUP-03,Atlantic Fleet Components,(954) 555-0258,P-4440,Alternator,498.00,2,SUP-03,Atlantic Fleet Components,(954) 555-0258,,,,,,,
WO-51090,2026-10-02,2026-10-03,TRK-235,1378N31P8PYRP69D1,Peterbilt,579,2023,DEP-MIA,Miami Main Shop,Miami,(305) 555-0140,M17,Linda Perez,Level 1,58.00,2.5,Coolant leak,P-4430,Water pump,276.00,4,SUP-03,Atlantic Fleet Components,(954) 555-0258,,,,,,,,,,,,,,,,,,,,,
WO-51091,2026-10-02,2026-10-04,TRK-232,1GF7C9ZMVR2JDUCNT,Volvo,VNL 860,2025,DEP-DOR,Doral Service Center,Doral,(305) 555-0162,M04,Rosa Jones,Level 1,58.00,2.0,Brake inspection and replacement,P-4410,Diesel exhaust fluid case,45.00,3,SUP-02,Gulf Coast Diesel Supply,(813) 555-0233,,,,,,,,,,,,,,,,,,,,,
WO-51092,2026-10-02,2026-10-02,TRK-221,15N7XGPGJ7JK2RKR2,Volvo,VNL 860,2020,DEP-MIA,Miami Main Shop,Miami,(305) 555-0140,M12,Tanya Harris,Level 2,72.00,0.5,Brake inspection and replacement,P-5502,Marker lamp,14.60,1,SUP-01,Florida Truck Parts,(305) 555-0201,P-6602,Cabin air filter,22.50,3,SUP-01,Florida Truck Parts,(305) 555-0201,P-3301,Brake pad set,89.50,3,SUP-04,Sunshine Tire & Brake,(561) 555-0277,,,,,,,
WO-51093,2026-10-03,2026-10-06,TRK-204,10A004AD88U5NL8S9,Isuzu,NRR,2020,DEP-FLL,Fort Lauderdale Yard,Fort Lauderdale,(954) 555-0118,M13,Ana Lopez,Level 2,72.00,2.5,AC not cooling cab,P-7720,Fifth wheel grease,16.40,3,SUP-02,Gulf Coast Diesel Supply,(813) 555-0233,P-7701,Leaf spring,305.00,2,SUP-01,Florida Truck Parts,(305) 555-0201,P-3310,Air brake chamber,68.25,3,SUP-01,Florida Truck Parts,(305) 555-0201,,,,,,,
WO-51094,2026-10-03,2026-10-04,TRK-208,1L62J8AD6K6MK75MU,Hino,L6,2022,DEP-DOR,Doral Service Center,Doral,(305) 555-0162,M05,Elena Lopez,Level 1,58.00,3.0,Charging system failure,P-3320,Steer tire 295/75R22.5,412.00,3,SUP-04,Sunshine Tire & Brake,(561) 555-0277,P-7710,Wheel seal kit,41.20,3,SUP-04,Sunshine Tire & Brake,(561) 555-0277,P-7720,Fifth wheel grease,16.40,4,SUP-02,Gulf Coast Diesel Supply,(813) 555-0233,P-3302,Brake drum,214.00,3,SUP-04,Sunshine Tire & Brake,(561) 555-0277
WO-51095,2026-10-03,2026-10-04,TRK-212,12AYLATERX8BJE9AX,Kenworth,T680,2017,DEP-FLL,Fort Lauderdale Yard,Fort Lauderdale,(954) 555-0118,M07,Maria Johnson,Master,110.00,6.0,Coolant leak,P-3310,Air brake chamber,68.25,2,SUP-01,Florida Truck Parts,(305) 555-0201,,,,,,,,,,,,,,,,,,,,,
WO-51096,2026-10-03,2026-10-04,TRK-220,1WP5D1ZS5KRYCNXV8,Kenworth,T680,2017,DEP-FLL,Fort Lauderdale Yard,Fort Lauderdale,(954) 555-0118,M12,Tanya Harris,Level 2,72.00,4.0,Suspension noise,P-5501,Headlight assembly,133.00,4,SUP-01,Florida Truck Parts,(305) 555-0201,,,,,,,,,,,,,,,,,,,,,
WO-51097,2026-10-04,2026-10-06,TRK-217,1UG7U1UBYAH5Z3PE6,Peterbilt,579,2017,DEP-MIA,Miami Main Shop,Miami,(305) 555-0140,M10,Linda Taylor,Level 3,89.00,2.5,Brake inspection and replacement,P-4410,Diesel exhaust fluid case,45.00,2,SUP-02,Gulf Coast Diesel Supply,(813) 555-0233,P-4440,Alternator,498.00,2,SUP-03,Atlantic Fleet Components,(954) 555-0258,,,,,,,,,,,,,,
WO-51098,2026-10-04,2026-10-05,TRK-205,1J8GYCFM42DVLT3YE,Isuzu,NRR,2018,DEP-TPA,Tampa Bay Shop,Tampa,(813) 555-0175,M05,Elena Lopez,Level 1,58.00,0.5,Coolant leak,P-4403,Air filter element,61.10,3,SUP-02,Gulf Coast Diesel Supply,(813) 555-0233,P-4420,Serpentine belt,52.30,1,SUP-01,Florida Truck Parts,(305) 555-0201,,,,,,,,,,,,,,
WO-51099,2026-10-04,2026-10-04,TRK-226,1E897MZ2T117U81K7,Hino,L6,2023,DEP-DOR,Doral Service Center,Doral,(305) 555-0162,M06,Victor Torres,Level 3,89.00,4.0,Tire wear on steer axle,P-3302,Brake drum,214.00,3,SUP-04,Sunshine Tire & Brake,(561) 555-0277,P-3310,Air brake chamber,68.25,4,SUP-01,Florida Truck Parts,(305) 555-0201,P-6602,Cabin air filter,22.50,2,SUP-01,Florida Truck Parts,(305) 555-0201,,,,,,,
WO-51100,2026-10-04,2026-10-05,TRK-203,1S0WX3UDH042GEVDN,Peterbilt,579,2017,DEP-TPA,Tampa Bay Shop,Tampa,(813) 555-0175,M08,Ramon Ortiz,Level 3,89.00,0.5,DOT annual inspection,P-7702,Shock absorber,118.00,3,SUP-01,Florida Truck Parts,(305) 555-0201,P-7710,Wheel seal kit,41.20,4,SUP-04,Sunshine Tire & Brake,(561) 555-0277,,,,,,,,,,,,,,
